"title","start_time","end_time","description","exercise_title","superset_id","exercise_notes","set_index","set_type","weight_lbs","reps","distance_miles","duration_seconds","rpe"
"Single leg","3 Sep 2026, 20:08","3 Sep 2026, 21:09","","Seated Calf Raise",,"No tib raises at fidi /10 volume, hold a yoga block in between",0,"normal",9,20,,,
"Single leg","3 Sep 2026, 20:08","3 Sep 2026, 21:09","","Seated Calf Raise",,"No tib raises at fidi /10 volume, hold a yoga block in between",1,"normal",11.5,15,,,
"Single leg","3 Sep 2026, 20:08","3 Sep 2026, 21:09","","Seated Calf Raise",,"No tib raises at fidi /10 volume, hold a yoga block in between",2,"normal",11.5,15,,,
"Single leg","3 Sep 2026, 20:08","3 Sep 2026, 21:09","","Seated Calf Raise",,"No tib raises at fidi /10 volume, hold a yoga block in between",3,"normal",11.5,15,,,
"Single leg","3 Sep 2026, 20:08","3 Sep 2026, 21:09","","Chest Press (Machine)",,"Fidi Life Fitness",0,"warmup",70,10,,,
"Single leg","3 Sep 2026, 20:08","3 Sep 2026, 21:09","","Chest Press (Machine)",,"Fidi Life Fitness",1,"normal",110,10,,,
"Single leg","3 Sep 2026, 20:08","3 Sep 2026, 21:09","","Chest Press (Machine)",,"Fidi Life Fitness",2,"normal",110,10,,,
"Single leg","3 Sep 2026, 20:08","3 Sep 2026, 21:09","","Chest Press (Machine)",,"Fidi Life Fitness",3,"normal",110,10,,,
"Single leg","3 Sep 2026, 20:08","3 Sep 2026, 21:09","","Assisted Pistol Squats",,"First time with band, off blue box. Then the rest no band",0,"normal",,20,,,
"Single leg","3 Sep 2026, 20:08","3 Sep 2026, 21:09","","Assisted Pistol Squats",,"First time with band, off blue box. Then the rest no band",1,"normal",,20,,,
"Single leg","3 Sep 2026, 20:08","3 Sep 2026, 21:09","","Assisted Pistol Squats",,"First time with band, off blue box. Then the rest no band",2,"normal",,20,,,
"Single leg","3 Sep 2026, 20:08","3 Sep 2026, 21:09","","Single Leg Romanian Deadlift (Dumbbell)",,"Using band",0,"normal",61.6,12,,,
"Single leg","3 Sep 2026, 20:08","3 Sep 2026, 21:09","","Single Leg Romanian Deadlift (Dumbbell)",,"Using band",1,"normal",61.6,16,,,
"Single leg","3 Sep 2026, 20:08","3 Sep 2026, 21:09","","Single Leg Romanian Deadlift (Dumbbell)",,"Using band",2,"normal",61.6,20,,,
"Single leg","3 Sep 2026, 20:08","3 Sep 2026, 21:09","","Bulgarian Split Squat (Dumbbell)",,"Using band",0,"normal",61.6,12,,,
"Single leg","3 Sep 2026, 20:08","3 Sep 2026, 21:09","","Bulgarian Split Squat (Dumbbell)",,"Using band",1,"normal",61.6,16,,,
"Single leg","3 Sep 2026, 20:08","3 Sep 2026, 21:09","","Bulgarian Split Squat (Dumbbell)",,"Using band",2,"normal",44,20,,,
"Single leg","3 Sep 2026, 20:08","3 Sep 2026, 21:09","","Hip Abduction (Machine)",,"Fidi hoist, /10 volume deflation",0,"normal",11,10,,,
"Single leg","3 Sep 2026, 20:08","3 Sep 2026, 21:09","","Hip Abduction (Machine)",,"Fidi hoist, /10 volume deflation",1,"normal",13,10,,,
"Single leg","3 Sep 2026, 20:08","3 Sep 2026, 21:09","","Hip Abduction (Machine)",,"Fidi hoist, /10 volume deflation",2,"normal",14,10,,,
"Single leg","3 Sep 2026, 20:08","3 Sep 2026, 21:09","","Hip Abduction (Machine)",,"Fidi hoist, /10 volume deflation",3,"normal",15,10,,,
"Full body","2 Sep 2026, 20:11","2 Sep 2026, 21:28","","Seated Cable Row - V Grip (Cable)",,"",0,"warmup",110,10,,,
"Full body","2 Sep 2026, 20:11","2 Sep 2026, 21:28","","Seated Cable Row - V Grip (Cable)",,"",1,"normal",121,10,,,
"Full body","2 Sep 2026, 20:11","2 Sep 2026, 21:28","","Seated Cable Row - V Grip (Cable)",,"",2,"normal",143,10,,,
"Full body","2 Sep 2026, 20:11","2 Sep 2026, 21:28","","Seated Cable Row - V Grip (Cable)",,"",3,"normal",143,10,,,
"Full body","2 Sep 2026, 20:11","2 Sep 2026, 21:28","","Deadlift (Band)",,"",0,"warmup",11,10,,,
"Full body","2 Sep 2026, 20:11","2 Sep 2026, 21:28","","Deadlift (Band)",,"",1,"normal",12.1,10,,,
"Full body","2 Sep 2026, 20:11","2 Sep 2026, 21:28","","Deadlift (Band)",,"",2,"normal",14.3,10,,,
"Full body","2 Sep 2026, 20:11","2 Sep 2026, 21:28","","Deadlift (Band)",,"",3,"normal",14.3,10,,,
"Full body","2 Sep 2026, 20:11","2 Sep 2026, 21:28","","Deadlift (Trap bar)",,"Different trap bar hurt less on the hands, fidi in free weight section",0,"warmup",135,8,,,
"Full body","2 Sep 2026, 20:11","2 Sep 2026, 21:28","","Deadlift (Trap bar)",,"Different trap bar hurt less on the hands, fidi in free weight section",1,"normal",225,8,,,
"Full body","2 Sep 2026, 20:11","2 Sep 2026, 21:28","","Deadlift (Trap bar)",,"Different trap bar hurt less on the hands, fidi in free weight section",2,"normal",275,6,,,
"Full body","2 Sep 2026, 20:11","2 Sep 2026, 21:28","","Deadlift (Trap bar)",,"Different trap bar hurt less on the hands, fidi in free weight section",3,"normal",275,6,,,
"Full body","2 Sep 2026, 20:11","2 Sep 2026, 21:28","","Deadlift (Trap bar)",,"Different trap bar hurt less on the hands, fidi in free weight section",4,"normal",295,6,,,
"Full body","2 Sep 2026, 20:11","2 Sep 2026, 21:28","","Seated Calf Raise",,"No tib raises at fidi /10 volume. Hold a yoga block in between",0,"normal",9,15,,,
"Full body","2 Sep 2026, 20:11","2 Sep 2026, 21:28","","Seated Calf Raise",,"No tib raises at fidi /10 volume. Hold a yoga block in between",1,"normal",9,15,,,
"Full body","2 Sep 2026, 20:11","2 Sep 2026, 21:28","","Seated Calf Raise",,"No tib raises at fidi /10 volume. Hold a yoga block in between",2,"normal",9,15,,,
"Full body","2 Sep 2026, 20:11","2 Sep 2026, 21:28","","Seated Calf Raise",,"No tib raises at fidi /10 volume. Hold a yoga block in between",3,"normal",9,15,,,
"Full body","2 Sep 2026, 20:11","2 Sep 2026, 21:28","","Incline Bench Press (Barbell)",,"",0,"normal",135,6,,,
"Full body","2 Sep 2026, 20:11","2 Sep 2026, 21:28","","Incline Bench Press (Barbell)",,"",1,"normal",135,6,,,
"Full body","2 Sep 2026, 20:11","2 Sep 2026, 21:28","","Incline Bench Press (Barbell)",,"",2,"normal",135,8,,,
"Full body","2 Sep 2026, 20:11","2 Sep 2026, 21:28","","Incline Bench Press (Barbell)",,"",3,"normal",135,8,,,
"Hamstring havoc","31 Aug 2026, 19:01","31 Aug 2026, 20:06","","Squat (Barbell)",,"Better than anticipated",0,"warmup",4.5,10,,,
"Hamstring havoc","31 Aug 2026, 19:01","31 Aug 2026, 20:06","","Squat (Barbell)",,"Better than anticipated",1,"warmup",135,8,,,
"Hamstring havoc","31 Aug 2026, 19:01","31 Aug 2026, 20:06","","Squat (Barbell)",,"Better than anticipated",2,"normal",185,8,,,
"Hamstring havoc","31 Aug 2026, 19:01","31 Aug 2026, 20:06","","Squat (Barbell)",,"Better than anticipated",3,"normal",225,5,,,
"Hamstring havoc","31 Aug 2026, 19:01","31 Aug 2026, 20:06","","Squat (Barbell)",,"Better than anticipated",4,"normal",225,5,,,
"Hamstring havoc","31 Aug 2026, 19:01","31 Aug 2026, 20:06","","Squat (Barbell)",,"Better than anticipated",5,"normal",235,5,,,
"Hamstring havoc","31 Aug 2026, 19:01","31 Aug 2026, 20:06","","Single Leg Extensions",,"",0,"normal",80,20,,,
"Hamstring havoc","31 Aug 2026, 19:01","31 Aug 2026, 20:06","","Single Leg Extensions",,"",1,"normal",80,20,,,
"Hamstring havoc","31 Aug 2026, 19:01","31 Aug 2026, 20:06","","Single Leg Extensions",,"",2,"normal",90,20,,,
"Hamstring havoc","31 Aug 2026, 19:01","31 Aug 2026, 20:06","","Single Leg Extensions",,"",3,"normal",100,20,,,
"Hamstring havoc","31 Aug 2026, 19:01","31 Aug 2026, 20:06","","Lying Leg Curl (Machine)",,"Single leg. Why is my right side so much weaker",0,"warmup",60,10,,,
"Hamstring havoc","31 Aug 2026, 19:01","31 Aug 2026, 20:06","","Lying Leg Curl (Machine)",,"Single leg. Why is my right side so much weaker",1,"normal",20,16,,,
"Hamstring havoc","31 Aug 2026, 19:01","31 Aug 2026, 20:06","","Lying Leg Curl (Machine)",,"Single leg. Why is my right side so much weaker",2,"normal",20,16,,,
"Hamstring havoc","31 Aug 2026, 19:01","31 Aug 2026, 20:06","","Lying Leg Curl (Machine)",,"Single leg. Why is my right side so much weaker",3,"normal",20,20,,,
"Hamstring havoc","31 Aug 2026, 19:01","31 Aug 2026, 20:06","","Single Leg Hip Thrust (Dumbbell)",,"Right side is so weak. GluteLiftElite machine",0,"normal",40,20,,,
"Hamstring havoc","31 Aug 2026, 19:01","31 Aug 2026, 20:06","","Single Leg Hip Thrust (Dumbbell)",,"Right side is so weak. GluteLiftElite machine",1,"normal",55,20,,,
"Hamstring havoc","31 Aug 2026, 19:01","31 Aug 2026, 20:06","","Single Leg Hip Thrust (Dumbbell)",,"Right side is so weak. GluteLiftElite machine",2,"normal",55,24,,,
"Hamstring havoc","31 Aug 2026, 19:01","31 Aug 2026, 20:06","","Back Extension (Weighted Hyperextension)",,"Regular plate",0,"normal",45,12,,,
"Hamstring havoc","31 Aug 2026, 19:01","31 Aug 2026, 20:06","","Back Extension (Weighted Hyperextension)",,"Regular plate",1,"normal",55,12,,,
"Hamstring havoc","31 Aug 2026, 19:01","31 Aug 2026, 20:06","","Back Extension (Weighted Hyperextension)",,"Regular plate",2,"normal",55,12,,,
"Slow day at the office","28 Aug 2026, 19:21","28 Aug 2026, 21:03","","Single Leg Hip Thrust (Dumbbell)",,"Barbell",0,"normal",45,20,,,
"Slow day at the office","28 Aug 2026, 19:21","28 Aug 2026, 21:03","","Single Leg Hip Thrust (Dumbbell)",,"Barbell",1,"normal",45,24,,,
"Slow day at the office","28 Aug 2026, 19:21","28 Aug 2026, 21:03","","Single Leg Hip Thrust (Dumbbell)",,"Barbell",2,"normal",45,24,,,
"Slow day at the office","28 Aug 2026, 19:21","28 Aug 2026, 21:03","","Bulgarian Split Squat (Dumbbell)",,"Kettlebell. Used red band tied to kettlebell",0,"normal",44,20,,,
"Slow day at the office","28 Aug 2026, 19:21","28 Aug 2026, 21:03","","Bulgarian Split Squat (Dumbbell)",,"Kettlebell. Used red band tied to kettlebell",1,"normal",44,20,,,
"Slow day at the office","28 Aug 2026, 19:21","28 Aug 2026, 21:03","","Bulgarian Split Squat (Dumbbell)",,"Kettlebell. Used red band tied to kettlebell",2,"normal",44,20,,,
"Slow day at the office","28 Aug 2026, 19:21","28 Aug 2026, 21:03","","Single Leg Romanian Deadlift (Dumbbell)",,"",0,"normal",44,20,,,
"Slow day at the office","28 Aug 2026, 19:21","28 Aug 2026, 21:03","","Single Leg Romanian Deadlift (Dumbbell)",,"",1,"normal",44,20,,,
"Slow day at the office","28 Aug 2026, 19:21","28 Aug 2026, 21:03","","Single Leg Romanian Deadlift (Dumbbell)",,"",2,"normal",44,20,,,
"Slow day at the office","28 Aug 2026, 19:21","28 Aug 2026, 21:03","","Kettlebell Swing",,"",0,"normal",4.4,10,,,
"Slow day at the office","28 Aug 2026, 19:21","28 Aug 2026, 21:03","","Kettlebell Swing",,"",1,"normal",4.4,10,,,
"Slow day at the office","28 Aug 2026, 19:21","28 Aug 2026, 21:03","","Kettlebell Swing",,"",2,"normal",4.4,10,,,
"Slow day at the office","28 Aug 2026, 19:21","28 Aug 2026, 21:03","","Kettlebell Around the World",,"",0,"normal",4.4,10,,,
"Slow day at the office","28 Aug 2026, 19:21","28 Aug 2026, 21:03","","Kettlebell Around the World",,"",1,"normal",4.4,10,,,
"Slow day at the office","28 Aug 2026, 19:21","28 Aug 2026, 21:03","","Kettlebell Around the World",,"",2,"normal",4.4,10,,,
"Slow day at the office","28 Aug 2026, 19:21","28 Aug 2026, 21:03","","Incline Bench Press (Dumbbell)",,"",0,"normal",100,8,,,
"Slow day at the office","28 Aug 2026, 19:21","28 Aug 2026, 21:03","","Incline Bench Press (Dumbbell)",,"",1,"normal",100,10,,,
"Slow day at the office","28 Aug 2026, 19:21","28 Aug 2026, 21:03","","Incline Bench Press (Dumbbell)",,"",2,"normal",100,10,,,
"Slow day at the office","28 Aug 2026, 19:21","28 Aug 2026, 21:03","","Incline Bench Press (Dumbbell)",,"",3,"normal",100,12,,,
"Slow day at the office","28 Aug 2026, 19:21","28 Aug 2026, 21:03","","Seated Calf Raise",,"Superset with seated tibs at chelsea. /10 volume",0,"normal",9,15,,,
"Slow day at the office","28 Aug 2026, 19:21","28 Aug 2026, 21:03","","Seated Calf Raise",,"Superset with seated tibs at chelsea. /10 volume",1,"normal",9,15,,,
"Slow day at the office","28 Aug 2026, 19:21","28 Aug 2026, 21:03","","Seated Calf Raise",,"Superset with seated tibs at chelsea. /10 volume",2,"normal",9,15,,,
"Slow day at the office","28 Aug 2026, 19:21","28 Aug 2026, 21:03","","Seated Row (Machine)",,"",0,"normal",100,12,,,
"Slow day at the office","28 Aug 2026, 19:21","28 Aug 2026, 21:03","","Seated Row (Machine)",,"",1,"normal",130,12,,,
"Slow day at the office","28 Aug 2026, 19:21","28 Aug 2026, 21:03","","Seated Row (Machine)",,"",2,"normal",130,12,,,
"Slow day at the office","28 Aug 2026, 19:21","28 Aug 2026, 21:03","","Seated Row (Machine)",,"",3,"normal",130,12,,,
"Slow","26 Aug 2026, 21:08","26 Aug 2026, 21:49","Doomscrolling a lot","Iso-Lateral Chest Press (Machine)",,"",0,"normal",90,10,,,
"Slow","26 Aug 2026, 21:08","26 Aug 2026, 21:49","Doomscrolling a lot","Iso-Lateral Chest Press (Machine)",,"",1,"normal",90,10,,,
"Slow","26 Aug 2026, 21:08","26 Aug 2026, 21:49","Doomscrolling a lot","Iso-Lateral Chest Press (Machine)",,"",2,"normal",90,10,,,
"Slow","26 Aug 2026, 21:08","26 Aug 2026, 21:49","Doomscrolling a lot","Reverse Grip Lat Pulldown (Cable)",,"Front pulldown fidi",0,"normal",140,10,,,
"Slow","26 Aug 2026, 21:08","26 Aug 2026, 21:49","Doomscrolling a lot","Reverse Grip Lat Pulldown (Cable)",,"Front pulldown fidi",1,"normal",160,10,,,
"Slow","26 Aug 2026, 21:08","26 Aug 2026, 21:49","Doomscrolling a lot","Reverse Grip Lat Pulldown (Cable)",,"Front pulldown fidi",2,"normal",160,10,,,
"Slow","26 Aug 2026, 21:08","26 Aug 2026, 21:49","Doomscrolling a lot","Reverse Grip Lat Pulldown (Cable)",,"Front pulldown fidi",3,"normal",160,10,,,
"Slow","26 Aug 2026, 21:08","26 Aug 2026, 21:49","Doomscrolling a lot","Incline Bench Press (Barbell)",,"",0,"normal",135,6,,,
"Slow","26 Aug 2026, 21:08","26 Aug 2026, 21:49","Doomscrolling a lot","Incline Bench Press (Barbell)",,"",1,"normal",135,6,,,
"Slow","26 Aug 2026, 21:08","26 Aug 2026, 21:49","Doomscrolling a lot","Incline Bench Press (Barbell)",,"",2,"normal",135,6,,,
"Slow","26 Aug 2026, 21:08","26 Aug 2026, 21:49","Doomscrolling a lot","Incline Bench Press (Barbell)",,"",3,"normal",135,6,,,
"Evening workout 🏋️","25 Aug 2026, 18:40","25 Aug 2026, 19:41","","Assisted Pistol Squats",,"Gray box - 4th set did with band around knee",0,"normal",,10,,,
"Evening workout 🏋️","25 Aug 2026, 18:40","25 Aug 2026, 19:41","","Assisted Pistol Squats",,"Gray box - 4th set did with band around knee",1,"normal",,10,,,
"Evening workout 🏋️","25 Aug 2026, 18:40","25 Aug 2026, 19:41","","Assisted Pistol Squats",,"Gray box - 4th set did with band around knee",2,"normal",,12,,,
"Evening workout 🏋️","25 Aug 2026, 18:40","25 Aug 2026, 19:41","","Assisted Pistol Squats",,"Gray box - 4th set did with band around knee",3,"normal",,16,,,
"Evening workout 🏋️","25 Aug 2026, 18:40","25 Aug 2026, 19:41","","Single Leg Standing Calf Raise",,"Stand on two five pound plates",0,"normal",,20,,,
"Evening workout 🏋️","25 Aug 2026, 18:40","25 Aug 2026, 19:41","","Single Leg Standing Calf Raise",,"Stand on two five pound plates",1,"normal",,36,,,
"Evening workout 🏋️","25 Aug 2026, 18:40","25 Aug 2026, 19:41","","Single Leg Standing Calf Raise",,"Stand on two five pound plates",2,"normal",,44,,,
"Evening workout 🏋️","25 Aug 2026, 18:40","25 Aug 2026, 19:41","","Single Leg Standing Calf Raise",,"Stand on two five pound plates",3,"normal",,40,,,
"Evening workout 🏋️","25 Aug 2026, 18:40","25 Aug 2026, 19:41","","Single Leg Romanian Deadlift (Dumbbell)",,"3rd set put band around knee and felt it help form",0,"normal",48.4,10,,,
"Evening workout 🏋️","25 Aug 2026, 18:40","25 Aug 2026, 19:41","","Single Leg Romanian Deadlift (Dumbbell)",,"3rd set put band around knee and felt it help form",1,"normal",48.4,12,,,
"Evening workout 🏋️","25 Aug 2026, 18:40","25 Aug 2026, 19:41","","Single Leg Romanian Deadlift (Dumbbell)",,"3rd set put band around knee and felt it help form",2,"normal",48.4,16,,,
"Evening workout 🏋️","25 Aug 2026, 18:40","25 Aug 2026, 19:41","","Single Leg Romanian Deadlift (Dumbbell)",,"3rd set put band around knee and felt it help form",3,"normal",48.4,20,,,
"Evening workout 🏋️","25 Aug 2026, 18:40","25 Aug 2026, 19:41","","Deadlift (Trap bar)",,"Fidi / regular bar hurts my hand more. Need to lock my lats more",0,"warmup",135,10,,,
"Evening workout 🏋️","25 Aug 2026, 18:40","25 Aug 2026, 19:41","","Deadlift (Trap bar)",,"Fidi / regular bar hurts my hand more. Need to lock my lats more",1,"normal",225,8,,,
"Evening workout 🏋️","25 Aug 2026, 18:40","25 Aug 2026, 19:41","","Deadlift (Trap bar)",,"Fidi / regular bar hurts my hand more. Need to lock my lats more",2,"normal",275,6,,,
"Evening workout 🏋️","25 Aug 2026, 18:40","25 Aug 2026, 19:41","","Deadlift (Trap bar)",,"Fidi / regular bar hurts my hand more. Need to lock my lats more",3,"normal",275,6,,,
"Evening workout 🏋️","25 Aug 2026, 18:40","25 Aug 2026, 19:41","","Deadlift (Trap bar)",,"Fidi / regular bar hurts my hand more. Need to lock my lats more",4,"normal",225,2,,,
"Evening workout 🏋️","24 Aug 2026, 20:55","24 Aug 2026, 21:59","","Belt Squat (Machine)",,"Felt good until the last set",0,"warmup",10,10,,,
"Evening workout 🏋️","24 Aug 2026, 20:55","24 Aug 2026, 21:59","","Belt Squat (Machine)",,"Felt good until the last set",1,"normal",90,10,,,
"Evening workout 🏋️","24 Aug 2026, 20:55","24 Aug 2026, 21:59","","Belt Squat (Machine)",,"Felt good until the last set",2,"normal",180,10,,,
"Evening workout 🏋️","24 Aug 2026, 20:55","24 Aug 2026, 21:59","","Belt Squat (Machine)",,"Felt good until the last set",3,"normal",180,10,,,
"Evening workout 🏋️","24 Aug 2026, 20:55","24 Aug 2026, 21:59","","Belt Squat (Machine)",,"Felt good until the last set",4,"failure",270,5,,,
"Evening workout 🏋️","24 Aug 2026, 20:55","24 Aug 2026, 21:59","","Squat (Barbell)",,"Squat shoes make such a difference wow",0,"warmup",4.5,12,,,
"Evening workout 🏋️","24 Aug 2026, 20:55","24 Aug 2026, 21:59","","Squat (Barbell)",,"Squat shoes make such a difference wow",1,"warmup",135,8,,,
"Evening workout 🏋️","24 Aug 2026, 20:55","24 Aug 2026, 21:59","","Squat (Barbell)",,"Squat shoes make such a difference wow",2,"normal",185,6,,,
"Evening workout 🏋️","24 Aug 2026, 20:55","24 Aug 2026, 21:59","","Squat (Barbell)",,"Squat shoes make such a difference wow",3,"normal",225,5,,,
"Evening workout 🏋️","24 Aug 2026, 20:55","24 Aug 2026, 21:59","","Squat (Barbell)",,"Squat shoes make such a difference wow",4,"normal",225,5,,,
"Evening workout 🏋️","24 Aug 2026, 20:55","24 Aug 2026, 21:59","","Back Extension (Weighted Hyperextension)",,"Chelsea glute builder machine",0,"normal",45,10,,,
"Evening workout 🏋️","24 Aug 2026, 20:55","24 Aug 2026, 21:59","","Back Extension (Weighted Hyperextension)",,"Chelsea glute builder machine",1,"normal",45,12,,,
"Evening workout 🏋️","24 Aug 2026, 20:55","24 Aug 2026, 21:59","","Back Extension (Weighted Hyperextension)",,"Chelsea glute builder machine",2,"normal",45,12,,,
"McCarren park body weight","20 Aug 2026, 23:14","20 Aug 2026, 23:38","","Step Up",,"Bodyweight mccarren park",0,"normal",,20,,,
"McCarren park body weight","20 Aug 2026, 23:14","20 Aug 2026, 23:38","","Step Up",,"Bodyweight mccarren park",1,"normal",,20,,,
"McCarren park body weight","20 Aug 2026, 23:14","20 Aug 2026, 23:38","","Step Up",,"Bodyweight mccarren park",2,"normal",,20,,,
"McCarren park body weight","20 Aug 2026, 23:14","20 Aug 2026, 23:38","","Step Up",,"Bodyweight mccarren park",3,"normal",,20,,,
"McCarren park body weight","20 Aug 2026, 23:14","20 Aug 2026, 23:38","","Step Up",,"Bodyweight mccarren park",4,"normal",,20,,,
"McCarren park body weight","20 Aug 2026, 23:14","20 Aug 2026, 23:38","","Push Up",,"",0,"normal",,10,,,
"McCarren park body weight","20 Aug 2026, 23:14","20 Aug 2026, 23:38","","Push Up",,"",1,"normal",,10,,,
"McCarren park body weight","20 Aug 2026, 23:14","20 Aug 2026, 23:38","","Push Up",,"",2,"normal",,12,,,
"McCarren park body weight","20 Aug 2026, 23:14","20 Aug 2026, 23:38","","Push Up",,"",3,"normal",,15,,,
"McCarren park body weight","20 Aug 2026, 23:14","20 Aug 2026, 23:38","","Push Up",,"",4,"normal",,15,,,
"McCarren park body weight","20 Aug 2026, 23:14","20 Aug 2026, 23:38","","Chin Up",,"",0,"normal",,3,,,
"McCarren park body weight","20 Aug 2026, 23:14","20 Aug 2026, 23:38","","Chin Up",,"",1,"normal",,3,,,
"McCarren park body weight","20 Aug 2026, 23:14","20 Aug 2026, 23:38","","Chin Up",,"",2,"normal",,3,,,
"McCarren park body weight","20 Aug 2026, 23:14","20 Aug 2026, 23:38","","Chin Up",,"",3,"normal",,3,,,
"McCarren park body weight","20 Aug 2026, 23:14","20 Aug 2026, 23:38","","Chin Up",,"",4,"normal",,3,,,
"Back","18 Aug 2026, 22:25","18 Aug 2026, 22:58","","Deadlift (Trap bar)",,"",0,"warmup",135,10,,,
"Back","18 Aug 2026, 22:25","18 Aug 2026, 22:58","","Deadlift (Trap bar)",,"",1,"warmup",135,10,,,
"Back","18 Aug 2026, 22:25","18 Aug 2026, 22:58","","Deadlift (Trap bar)",,"",2,"normal",225,10,,,
"Back","18 Aug 2026, 22:25","18 Aug 2026, 22:58","","Deadlift (Trap bar)",,"",3,"normal",275,8,,,
"Back","18 Aug 2026, 22:25","18 Aug 2026, 22:58","","Deadlift (Trap bar)",,"",4,"normal",275,8,,,
"Back","18 Aug 2026, 22:25","18 Aug 2026, 22:58","","Back Extension (Weighted Hyperextension)",,"Barbell",0,"normal",45,10,,,
"Back","18 Aug 2026, 22:25","18 Aug 2026, 22:58","","Back Extension (Weighted Hyperextension)",,"Barbell",1,"normal",45,10,,,
"Back","18 Aug 2026, 22:25","18 Aug 2026, 22:58","","Back Extension (Weighted Hyperextension)",,"Barbell",2,"normal",45,10,,,
"Legs","17 Aug 2026, 21:13","17 Aug 2026, 22:05","","Leg Press (Machine)",,"",0,"normal",180,10,,,
"Legs","17 Aug 2026, 21:13","17 Aug 2026, 22:05","","Leg Press (Machine)",,"",1,"normal",180,10,,,
"Legs","17 Aug 2026, 21:13","17 Aug 2026, 22:05","","Leg Press (Machine)",,"",2,"normal",270,10,,,
"Legs","17 Aug 2026, 21:13","17 Aug 2026, 22:05","","Leg Press (Machine)",,"",3,"normal",270,10,,,
"Legs","17 Aug 2026, 21:13","17 Aug 2026, 22:05","","Leg Press (Machine)",,"",4,"normal",270,10,,,
"Legs","17 Aug 2026, 21:13","17 Aug 2026, 22:05","","Standing Calf Raise (Barbell)",0,"/10 volume",0,"normal",13.5,10,,,
"Legs","17 Aug 2026, 21:13","17 Aug 2026, 22:05","","Standing Calf Raise (Barbell)",0,"/10 volume",1,"normal",18.5,10,,,
"Legs","17 Aug 2026, 21:13","17 Aug 2026, 22:05","","Standing Calf Raise (Barbell)",0,"/10 volume",2,"normal",18.5,10,,,
"Legs","17 Aug 2026, 21:13","17 Aug 2026, 22:05","","Standing Calf Raise (Barbell)",0,"/10 volume",3,"normal",22.5,10,,,
"Legs","17 Aug 2026, 21:13","17 Aug 2026, 22:05","","Squat (Barbell)",0,"Feeling better. Barefoot on a 10lbs green plate for ankle elevation.",0,"warmup",4.5,12,,,
"Legs","17 Aug 2026, 21:13","17 Aug 2026, 22:05","","Squat (Barbell)",0,"Feeling better. Barefoot on a 10lbs green plate for ankle elevation.",1,"warmup",135,8,,,
"Legs","17 Aug 2026, 21:13","17 Aug 2026, 22:05","","Squat (Barbell)",0,"Feeling better. Barefoot on a 10lbs green plate for ankle elevation.",2,"normal",185,6,,,
"Legs","17 Aug 2026, 21:13","17 Aug 2026, 22:05","","Squat (Barbell)",0,"Feeling better. Barefoot on a 10lbs green plate for ankle elevation.",3,"normal",185,6,,,
"Legs","17 Aug 2026, 21:13","17 Aug 2026, 22:05","","Squat (Barbell)",0,"Feeling better. Barefoot on a 10lbs green plate for ankle elevation.",4,"normal",225,5,,,
"Infinite legs","14 Aug 2026, 18:18","14 Aug 2026, 19:07","","Bulgarian Split Squat (Dumbbell)",,"",0,"normal",,20,,,
"Infinite legs","14 Aug 2026, 18:18","14 Aug 2026, 19:07","","Bulgarian Split Squat (Dumbbell)",,"",1,"normal",48.4,10,,,
"Infinite legs","14 Aug 2026, 18:18","14 Aug 2026, 19:07","","Bulgarian Split Squat (Dumbbell)",,"",2,"normal",48.4,20,,,
"Infinite legs","14 Aug 2026, 18:18","14 Aug 2026, 19:07","","Bulgarian Split Squat (Dumbbell)",,"",3,"normal",48.4,20,,,
"Infinite legs","14 Aug 2026, 18:18","14 Aug 2026, 19:07","","Single Leg Romanian Deadlift (Dumbbell)",,"",0,"normal",48.4,10,,,
"Infinite legs","14 Aug 2026, 18:18","14 Aug 2026, 19:07","","Single Leg Romanian Deadlift (Dumbbell)",,"",1,"normal",48.4,16,,,
"Infinite legs","14 Aug 2026, 18:18","14 Aug 2026, 19:07","","Single Leg Romanian Deadlift (Dumbbell)",,"",2,"normal",48.4,16,,,
"Infinite legs","14 Aug 2026, 18:18","14 Aug 2026, 19:07","","Kettlebell Swing",,"",0,"normal",4.84,10,,,
"Infinite legs","14 Aug 2026, 18:18","14 Aug 2026, 19:07","","Kettlebell Swing",,"",1,"normal",4.84,10,,,
"Infinite legs","14 Aug 2026, 18:18","14 Aug 2026, 19:07","","Kettlebell Swing",,"",2,"normal",4.84,10,,,
"Infinite legs","14 Aug 2026, 18:18","14 Aug 2026, 19:07","","Kettlebell Around the World",,"",0,"normal",4.84,10,,,
"Infinite legs","14 Aug 2026, 18:18","14 Aug 2026, 19:07","","Kettlebell Around the World",,"",1,"normal",4.84,10,,,
"Infinite legs","14 Aug 2026, 18:18","14 Aug 2026, 19:07","","Kettlebell Around the World",,"",2,"normal",4.84,10,,,
"Infinite legs","14 Aug 2026, 18:18","14 Aug 2026, 19:07","","Hip Adduction (Machine)",,"Hammer strength feels lighter",0,"normal",10,10,,,
"Infinite legs","14 Aug 2026, 18:18","14 Aug 2026, 19:07","","Hip Adduction (Machine)",,"Hammer strength feels lighter",1,"normal",13,12,,,
"Infinite legs","14 Aug 2026, 18:18","14 Aug 2026, 19:07","","Hip Adduction (Machine)",,"Hammer strength feels lighter",2,"normal",16,12,,,
"Infinite legs","14 Aug 2026, 18:18","14 Aug 2026, 19:07","","Hip Adduction (Machine)",,"Hammer strength feels lighter",3,"normal",18,15,,,
"Infinite legs","14 Aug 2026, 18:18","14 Aug 2026, 19:07","","Lat Pulldown (Machine)",,"",0,"normal",146,8,,,
"Infinite legs","14 Aug 2026, 18:18","14 Aug 2026, 19:07","","Lat Pulldown (Machine)",,"",1,"normal",146,10,,,
"Infinite legs","14 Aug 2026, 18:18","14 Aug 2026, 19:07","","Lat Pulldown (Machine)",,"",2,"normal",146,10,,,
"Infinite legs","14 Aug 2026, 18:18","14 Aug 2026, 19:07","","Seated Leg Curl (Machine)",,"Single leg. /10 volume deflation",0,"normal",7,20,,,
"Infinite legs","14 Aug 2026, 18:18","14 Aug 2026, 19:07","","Seated Leg Curl (Machine)",,"Single leg. /10 volume deflation",1,"normal",7,20,,,
"Infinite legs","14 Aug 2026, 18:18","14 Aug 2026, 19:07","","Seated Leg Curl (Machine)",,"Single leg. /10 volume deflation",2,"normal",7,20,,,
"Infinite legs","14 Aug 2026, 18:18","14 Aug 2026, 19:07","","Seated Leg Curl (Machine)",,"Single leg. /10 volume deflation",3,"normal",10,20,,,
"Quick upper","13 Aug 2026, 19:58","13 Aug 2026, 20:42","","Incline Bench Press (Barbell)",,"",0,"warmup",45,12,,,
"Quick upper","13 Aug 2026, 19:58","13 Aug 2026, 20:42","","Incline Bench Press (Barbell)",,"",1,"normal",115,6,,,
"Quick upper","13 Aug 2026, 19:58","13 Aug 2026, 20:42","","Incline Bench Press (Barbell)",,"",2,"normal",115,6,,,
"Quick upper","13 Aug 2026, 19:58","13 Aug 2026, 20:42","","Incline Bench Press (Barbell)",,"",3,"normal",135,6,,,
"Quick upper","13 Aug 2026, 19:58","13 Aug 2026, 20:42","","Incline Bench Press (Barbell)",,"",4,"normal",135,6,,,
"Quick upper","13 Aug 2026, 19:58","13 Aug 2026, 20:42","","Iso-Lateral Chest Press (Machine)",,"",0,"normal",90,10,,,
"Quick upper","13 Aug 2026, 19:58","13 Aug 2026, 20:42","","Iso-Lateral Chest Press (Machine)",,"",1,"normal",90,7,,,
"Quick upper","13 Aug 2026, 19:58","13 Aug 2026, 20:42","","Iso-Lateral Chest Press (Machine)",,"",2,"normal",90,8,,,
"Quick upper","13 Aug 2026, 19:58","13 Aug 2026, 20:42","","Seated Cable Row - V Grip (Cable)",,"",0,"warmup",110,10,,,
"Quick upper","13 Aug 2026, 19:58","13 Aug 2026, 20:42","","Seated Cable Row - V Grip (Cable)",,"",1,"normal",121,10,,,
"Quick upper","13 Aug 2026, 19:58","13 Aug 2026, 20:42","","Seated Cable Row - V Grip (Cable)",,"",2,"normal",121,10,,,
"Quick upper","13 Aug 2026, 19:58","13 Aug 2026, 20:42","","Seated Cable Row - V Grip (Cable)",,"",3,"normal",143,10,,,
"Quick upper","13 Aug 2026, 19:58","13 Aug 2026, 20:42","","Deadlift (Band)",,"",0,"warmup",11,10,,,
"Quick upper","13 Aug 2026, 19:58","13 Aug 2026, 20:42","","Deadlift (Band)",,"",1,"normal",12.1,10,,,
"Quick upper","13 Aug 2026, 19:58","13 Aug 2026, 20:42","","Deadlift (Band)",,"",2,"normal",12.1,10,,,
"Quick upper","13 Aug 2026, 19:58","13 Aug 2026, 20:42","","Deadlift (Band)",,"",3,"normal",14.3,10,,,
"Deadlift","11 Aug 2026, 20:59","11 Aug 2026, 21:49","","Deadlift (Trap bar)",,"",0,"warmup",135,10,,,
"Deadlift","11 Aug 2026, 20:59","11 Aug 2026, 21:49","","Deadlift (Trap bar)",,"",1,"warmup",135,10,,,
"Deadlift","11 Aug 2026, 20:59","11 Aug 2026, 21:49","","Deadlift (Trap bar)",,"",2,"normal",225,8,,,
"Deadlift","11 Aug 2026, 20:59","11 Aug 2026, 21:49","","Deadlift (Trap bar)",,"",3,"normal",275,8,,,
"Deadlift","11 Aug 2026, 20:59","11 Aug 2026, 21:49","","Deadlift (Trap bar)",,"",4,"normal",275,8,,,
"Deadlift","11 Aug 2026, 20:59","11 Aug 2026, 21:49","","Seated Calf Raise",,"Super set with tibs at USQ. Fun experiment not practical tho",0,"normal",50,10,,,
"Deadlift","11 Aug 2026, 20:59","11 Aug 2026, 21:49","","Squat (Machine)",,"USQ BB — not counting starting weight. Going for explosiveness",0,"warmup",,10,,,
"Deadlift","11 Aug 2026, 20:59","11 Aug 2026, 21:49","","Squat (Machine)",,"USQ BB — not counting starting weight. Going for explosiveness",1,"normal",90,5,,,
"Deadlift","11 Aug 2026, 20:59","11 Aug 2026, 21:49","","Squat (Machine)",,"USQ BB — not counting starting weight. Going for explosiveness",2,"normal",90,5,,,
"Deadlift","11 Aug 2026, 20:59","11 Aug 2026, 21:49","","Squat (Machine)",,"USQ BB — not counting starting weight. Going for explosiveness",3,"normal",90,5,,,
"Slow day at the office","10 Aug 2026, 21:03","10 Aug 2026, 21:57","","Squat (Barbell)",,"First time back post ankle sprain. Dont got it like i used to. Knee felt sore after second working set",0,"warmup",4.5,12,,,
"Slow day at the office","10 Aug 2026, 21:03","10 Aug 2026, 21:57","","Squat (Barbell)",,"First time back post ankle sprain. Dont got it like i used to. Knee felt sore after second working set",1,"warmup",135,8,,,
"Slow day at the office","10 Aug 2026, 21:03","10 Aug 2026, 21:57","","Squat (Barbell)",,"First time back post ankle sprain. Dont got it like i used to. Knee felt sore after second working set",2,"normal",185,5,,,
"Slow day at the office","10 Aug 2026, 21:03","10 Aug 2026, 21:57","","Squat (Barbell)",,"First time back post ankle sprain. Dont got it like i used to. Knee felt sore after second working set",3,"normal",185,5,,,
"Slow day at the office","10 Aug 2026, 21:03","10 Aug 2026, 21:57","","Hip Abduction (Machine)",,"Booty builder standing. /2 volume deflation",0,"normal",,10,,,
"Slow day at the office","10 Aug 2026, 21:03","10 Aug 2026, 21:57","","Hip Abduction (Machine)",,"Booty builder standing. /2 volume deflation",1,"normal",35,10,,,
"Slow day at the office","10 Aug 2026, 21:03","10 Aug 2026, 21:57","","Hip Abduction (Machine)",,"Booty builder standing. /2 volume deflation",2,"normal",35,10,,,
"Slow day at the office","10 Aug 2026, 21:03","10 Aug 2026, 21:57","","Hip Abduction (Machine)",,"Booty builder standing. /2 volume deflation",3,"normal",35,10,,,
"Slow day at the office","10 Aug 2026, 21:03","10 Aug 2026, 21:57","","Leg Press (Machine)",,"",0,"warmup",90,12,,,
"Slow day at the office","10 Aug 2026, 21:03","10 Aug 2026, 21:57","","Leg Press (Machine)",,"",1,"normal",180,12,,,
"Slow day at the office","10 Aug 2026, 21:03","10 Aug 2026, 21:57","","Leg Press (Machine)",,"",2,"normal",270,10,,,
"Slow day at the office","10 Aug 2026, 21:03","10 Aug 2026, 21:57","","Leg Press (Machine)",,"",3,"normal",270,10,,,
"Slow day at the office","10 Aug 2026, 21:03","10 Aug 2026, 21:57","","Leg Press (Machine)",,"",4,"normal",270,10,,,
"Evening workout 🏋️","7 Aug 2026, 19:17","7 Aug 2026, 19:54","","Hip Abduction (Machine)",,"Hoist fidi",0,"normal",14,10,,,
"Evening workout 🏋️","7 Aug 2026, 19:17","7 Aug 2026, 19:54","","Hip Abduction (Machine)",,"Hoist fidi",1,"normal",14,10,,,
"Evening workout 🏋️","7 Aug 2026, 19:17","7 Aug 2026, 19:54","","Hip Abduction (Machine)",,"Hoist fidi",2,"normal",14,10,,,
"Evening workout 🏋️","7 Aug 2026, 19:17","7 Aug 2026, 19:54","","Leg Extension (Machine)",,"",0,"normal",110,10,,,
"Evening workout 🏋️","7 Aug 2026, 19:17","7 Aug 2026, 19:54","","Single Leg Extensions",,"",0,"normal",80,20,,,
"Evening workout 🏋️","7 Aug 2026, 19:17","7 Aug 2026, 19:54","","Single Leg Extensions",,"",1,"normal",80,20,,,
"Evening workout 🏋️","7 Aug 2026, 19:17","7 Aug 2026, 19:54","","Single Leg Extensions",,"",2,"normal",80,20,,,
"Evening workout 🏋️","7 Aug 2026, 19:17","7 Aug 2026, 19:54","","Iso-Lateral Row (Machine)",,"",0,"normal",110,10,,,
"Evening workout 🏋️","7 Aug 2026, 19:17","7 Aug 2026, 19:54","","Iso-Lateral Row (Machine)",,"",1,"normal",160,8,,,
"Evening workout 🏋️","7 Aug 2026, 19:17","7 Aug 2026, 19:54","","Iso-Lateral Row (Machine)",,"",2,"normal",160,8,,,
"Evening workout 🏋️","7 Aug 2026, 19:17","7 Aug 2026, 19:54","","Iso-Lateral Row (Machine)",,"",3,"normal",160,8,,,
"Evening workout 🏋️","5 Aug 2026, 21:09","5 Aug 2026, 21:49","","Assisted Pistol Squats",,"",0,"normal",,10,,,
"Evening workout 🏋️","5 Aug 2026, 21:09","5 Aug 2026, 21:49","","Assisted Pistol Squats",,"",1,"normal",,10,,,
"Evening workout 🏋️","5 Aug 2026, 21:09","5 Aug 2026, 21:49","","Assisted Pistol Squats",,"",2,"normal",,10,,,
"Evening workout 🏋️","5 Aug 2026, 21:09","5 Aug 2026, 21:49","","Single Leg Standing Calf Raise",,"",0,"normal",,20,,,
"Evening workout 🏋️","5 Aug 2026, 21:09","5 Aug 2026, 21:49","","Single Leg Standing Calf Raise",,"",1,"normal",,20,,,
"Evening workout 🏋️","5 Aug 2026, 21:09","5 Aug 2026, 21:49","","Single Leg Standing Calf Raise",,"",2,"normal",,20,,,
"Evening workout 🏋️","5 Aug 2026, 21:09","5 Aug 2026, 21:49","","Single Leg Romanian Deadlift (Dumbbell)",,"",0,"normal",48.4,10,,,
"Evening workout 🏋️","5 Aug 2026, 21:09","5 Aug 2026, 21:49","","Single Leg Romanian Deadlift (Dumbbell)",,"",1,"normal",48.4,10,,,
"Evening workout 🏋️","5 Aug 2026, 21:09","5 Aug 2026, 21:49","","Single Leg Romanian Deadlift (Dumbbell)",,"",2,"normal",48.4,10,,,
"Evening workout 🏋️","5 Aug 2026, 21:09","5 Aug 2026, 21:49","","Sumo Squat (Kettlebell)",,"",0,"normal",48.4,10,,,
"Evening workout 🏋️","5 Aug 2026, 21:09","5 Aug 2026, 21:49","","Sumo Squat (Kettlebell)",,"",1,"normal",48.4,10,,,
"Evening workout 🏋️","5 Aug 2026, 21:09","5 Aug 2026, 21:49","","Sumo Squat (Kettlebell)",,"",2,"normal",48.4,10,,,
"Evening workout 🏋️","5 Aug 2026, 21:09","5 Aug 2026, 21:49","","Kettlebell Around the World",,"",0,"normal",4.84,10,,,
"Evening workout 🏋️","5 Aug 2026, 21:09","5 Aug 2026, 21:49","","Kettlebell Around the World",,"",1,"normal",4.84,10,,,
"Evening workout 🏋️","5 Aug 2026, 21:09","5 Aug 2026, 21:49","","Kettlebell Around the World",,"",2,"normal",4.84,10,,,
"Evening workout 🏋️","5 Aug 2026, 21:09","5 Aug 2026, 21:49","","Kettlebell Swing",,"",0,"normal",4.84,10,,,
"Evening workout 🏋️","5 Aug 2026, 21:09","5 Aug 2026, 21:49","","Kettlebell Swing",,"",1,"normal",4.84,10,,,
"Evening workout 🏋️","5 Aug 2026, 21:09","5 Aug 2026, 21:49","","Kettlebell Swing",,"",2,"normal",4.84,10,,,
"Evening workout 🏋️","5 Aug 2026, 21:09","5 Aug 2026, 21:49","","Back Extension (Weighted Hyperextension)",,"USQ Booty Builder. Didnt feel that heavy tho.",0,"normal",50,10,,,
"Evening workout 🏋️","5 Aug 2026, 21:09","5 Aug 2026, 21:49","","Back Extension (Weighted Hyperextension)",,"USQ Booty Builder. Didnt feel that heavy tho.",1,"normal",65,10,,,
"Evening workout 🏋️","5 Aug 2026, 21:09","5 Aug 2026, 21:49","","Back Extension (Weighted Hyperextension)",,"USQ Booty Builder. Didnt feel that heavy tho.",2,"normal",65,10,,,
"Evening workout 🏋️","5 Aug 2026, 21:09","5 Aug 2026, 21:49","","Back Extension (Weighted Hyperextension)",,"USQ Booty Builder. Didnt feel that heavy tho.",3,"normal",80,10,,,
"Evening workout 🏋️","5 Aug 2026, 21:09","5 Aug 2026, 21:49","","Leg Extension (Machine)",,"",0,"normal",115,10,,,
"Evening workout 🏋️","5 Aug 2026, 21:09","5 Aug 2026, 21:49","","Single Leg Extensions",,"",0,"normal",70,20,,,
"Evening workout 🏋️","5 Aug 2026, 21:09","5 Aug 2026, 21:49","","Single Leg Extensions",,"",1,"normal",75,20,,,
"Evening workout 🏋️","5 Aug 2026, 21:09","5 Aug 2026, 21:49","","Single Leg Extensions",,"",2,"normal",80,20,,,
"Quick upper","4 Aug 2026, 21:39","4 Aug 2026, 22:03","","Lat Pulldown (Cable)",,"Mag7 grip wide",0,"warmup",100,10,,,
"Quick upper","4 Aug 2026, 21:39","4 Aug 2026, 22:03","","Lat Pulldown (Cable)",,"Mag7 grip wide",1,"normal",130,10,,,
"Quick upper","4 Aug 2026, 21:39","4 Aug 2026, 22:03","","Lat Pulldown (Cable)",,"Mag7 grip wide",2,"normal",130,10,,,
"Quick upper","4 Aug 2026, 21:39","4 Aug 2026, 22:03","","Lat Pulldown (Cable)",,"Mag7 grip wide",3,"normal",130,12,,,
"Quick upper","4 Aug 2026, 21:39","4 Aug 2026, 22:03","","Lat Pulldown (Cable)",,"Mag7 grip wide",4,"normal",145,6,,,
"Quick upper","4 Aug 2026, 21:39","4 Aug 2026, 22:03","","Chest Press (Machine)",,"MTS USQ",0,"normal",100,10,,,
"Quick upper","4 Aug 2026, 21:39","4 Aug 2026, 22:03","","Chest Press (Machine)",,"MTS USQ",1,"normal",120,10,,,
"Quick upper","4 Aug 2026, 21:39","4 Aug 2026, 22:03","","Chest Press (Machine)",,"MTS USQ",2,"normal",120,10,,,
"Quick upper","4 Aug 2026, 21:39","4 Aug 2026, 22:03","","Chest Press (Machine)",,"MTS USQ",3,"normal",120,8,,,
"Evening workout 🏋️","3 Aug 2026, 20:03","3 Aug 2026, 20:53","","Sumo Squat (Kettlebell)",,"",0,"normal",44,10,,,
"Evening workout 🏋️","3 Aug 2026, 20:03","3 Aug 2026, 20:53","","Sumo Squat (Kettlebell)",,"",1,"normal",44,10,,,
"Evening workout 🏋️","3 Aug 2026, 20:03","3 Aug 2026, 20:53","","Sumo Squat (Kettlebell)",,"",2,"normal",44,10,,,
"Evening workout 🏋️","3 Aug 2026, 20:03","3 Aug 2026, 20:53","","Single Leg Romanian Deadlift (Dumbbell)",,"",0,"normal",44,10,,,
"Evening workout 🏋️","3 Aug 2026, 20:03","3 Aug 2026, 20:53","","Single Leg Romanian Deadlift (Dumbbell)",,"",1,"normal",44,10,,,
"Evening workout 🏋️","3 Aug 2026, 20:03","3 Aug 2026, 20:53","","Single Leg Romanian Deadlift (Dumbbell)",,"",2,"normal",44,10,,,
"Evening workout 🏋️","3 Aug 2026, 20:03","3 Aug 2026, 20:53","","Kettlebell Around the World",,"",0,"normal",4.4,10,,,
"Evening workout 🏋️","3 Aug 2026, 20:03","3 Aug 2026, 20:53","","Kettlebell Around the World",,"",1,"normal",4.4,10,,,
"Evening workout 🏋️","3 Aug 2026, 20:03","3 Aug 2026, 20:53","","Kettlebell Around the World",,"",2,"normal",4.4,10,,,
"Evening workout 🏋️","3 Aug 2026, 20:03","3 Aug 2026, 20:53","","Kettlebell Swing",,"",0,"normal",4.4,10,,,
"Evening workout 🏋️","3 Aug 2026, 20:03","3 Aug 2026, 20:53","","Kettlebell Swing",,"",1,"normal",4.4,10,,,
"Evening workout 🏋️","3 Aug 2026, 20:03","3 Aug 2026, 20:53","","Kettlebell Swing",,"",2,"normal",4.4,10,,,
"Evening workout 🏋️","3 Aug 2026, 20:03","3 Aug 2026, 20:53","","Leg Press (Machine)",,"",0,"warmup",90,10,,,
"Evening workout 🏋️","3 Aug 2026, 20:03","3 Aug 2026, 20:53","","Leg Press (Machine)",,"",1,"warmup",90,10,,,
"Evening workout 🏋️","3 Aug 2026, 20:03","3 Aug 2026, 20:53","","Leg Press (Machine)",,"",2,"normal",180,10,,,
"Evening workout 🏋️","3 Aug 2026, 20:03","3 Aug 2026, 20:53","","Leg Press (Machine)",,"",3,"normal",270,10,,,
"Evening workout 🏋️","3 Aug 2026, 20:03","3 Aug 2026, 20:53","","Leg Press (Machine)",,"",4,"normal",270,10,,,
"Evening workout 🏋️","3 Aug 2026, 20:03","3 Aug 2026, 20:53","","Leg Press (Machine)",,"",5,"normal",270,10,,,
"Evening workout 🏋️","3 Aug 2026, 20:03","3 Aug 2026, 20:53","","Hip Thrust (Machine)",,"Booty builder with band, 15lbs base weight",0,"normal",105,10,,,
"Evening workout 🏋️","3 Aug 2026, 20:03","3 Aug 2026, 20:53","","Hip Thrust (Machine)",,"Booty builder with band, 15lbs base weight",1,"normal",155,10,,,
"Evening workout 🏋️","3 Aug 2026, 20:03","3 Aug 2026, 20:53","","Hip Thrust (Machine)",,"Booty builder with band, 15lbs base weight",2,"normal",155,10,,,
"Afternoon workout 💪","2 Aug 2026, 15:56","2 Aug 2026, 16:26","","Face Pull",,"",0,"normal",35,12,,,
"Afternoon workout 💪","2 Aug 2026, 15:56","2 Aug 2026, 16:26","","Face Pull",,"",1,"normal",42.5,12,,,
"Afternoon workout 💪","2 Aug 2026, 15:56","2 Aug 2026, 16:26","","Face Pull",,"",2,"normal",42.5,12,,,
"Afternoon workout 💪","2 Aug 2026, 15:56","2 Aug 2026, 16:26","","Straight Arm Lat Pulldown (Cable)",,"",0,"normal",35,12,,,
"Afternoon workout 💪","2 Aug 2026, 15:56","2 Aug 2026, 16:26","","Straight Arm Lat Pulldown (Cable)",,"",1,"normal",42.5,12,,,
"Afternoon workout 💪","2 Aug 2026, 15:56","2 Aug 2026, 16:26","","Straight Arm Lat Pulldown (Cable)",,"",2,"normal",42.5,12,,,
"Afternoon workout 💪","2 Aug 2026, 15:56","2 Aug 2026, 16:26","","Triceps Rope Pushdown",,"",0,"normal",35,12,,,
"Afternoon workout 💪","2 Aug 2026, 15:56","2 Aug 2026, 16:26","","Triceps Rope Pushdown",,"",1,"normal",42.5,12,,,
"Afternoon workout 💪","2 Aug 2026, 15:56","2 Aug 2026, 16:26","","Triceps Rope Pushdown",,"",2,"normal",42.5,12,,,
"Afternoon workout 💪","2 Aug 2026, 15:56","2 Aug 2026, 16:26","","Chin Up",,"",0,"normal",,2,,,
"Afternoon workout 💪","2 Aug 2026, 15:56","2 Aug 2026, 16:26","","Chin Up",,"",1,"normal",,2,,,
"Afternoon workout 💪","2 Aug 2026, 15:56","2 Aug 2026, 16:26","","Chin Up",,"",2,"normal",,2,,,
"Afternoon workout 💪","2 Aug 2026, 15:56","2 Aug 2026, 16:26","","Seated Dip Machine",,"/10 to deflate volume",0,"normal",10.5,12,,,
"Afternoon workout 💪","2 Aug 2026, 15:56","2 Aug 2026, 16:26","","Seated Dip Machine",,"/10 to deflate volume",1,"normal",16.5,10,,,
"Afternoon workout 💪","2 Aug 2026, 15:56","2 Aug 2026, 16:26","","Seated Dip Machine",,"/10 to deflate volume",2,"normal",18.5,10,,,
"Afternoon workout 💪","2 Aug 2026, 15:56","2 Aug 2026, 16:26","","Seated Dip Machine",,"/10 to deflate volume",3,"normal",18.5,10,,,
"Afternoon workout 💪","2 Aug 2026, 15:56","2 Aug 2026, 16:26","","Incline Chest Press (Machine)",,"Hammer strenght MTS",0,"normal",100,10,,,
"Afternoon workout 💪","2 Aug 2026, 15:56","2 Aug 2026, 16:26","","Incline Chest Press (Machine)",,"Hammer strenght MTS",1,"normal",120,6,,,
"Afternoon workout 💪","2 Aug 2026, 15:56","2 Aug 2026, 16:26","","Incline Chest Press (Machine)",,"Hammer strenght MTS",2,"normal",120,6,,,
"Afternoon workout 💪","2 Aug 2026, 15:56","2 Aug 2026, 16:26","","Incline Chest Press (Machine)",,"Hammer strenght MTS",3,"normal",120,1,,,
"Evening workout 🏋️","31 Jul 2026, 19:01","31 Jul 2026, 19:44","","Lat Pulldown (Machine)",,"fidi hammer strength front pull down",0,"warmup",120,10,,,
"Evening workout 🏋️","31 Jul 2026, 19:01","31 Jul 2026, 19:44","","Lat Pulldown (Machine)",,"fidi hammer strength front pull down",1,"warmup",140,10,,,
"Evening workout 🏋️","31 Jul 2026, 19:01","31 Jul 2026, 19:44","","Lat Pulldown (Machine)",,"fidi hammer strength front pull down",2,"normal",160,10,,,
"Evening workout 🏋️","31 Jul 2026, 19:01","31 Jul 2026, 19:44","","Lat Pulldown (Machine)",,"fidi hammer strength front pull down",3,"normal",160,10,,,
"Evening workout 🏋️","31 Jul 2026, 19:01","31 Jul 2026, 19:44","","Lat Pulldown (Machine)",,"fidi hammer strength front pull down",4,"normal",160,10,,,
"Evening workout 🏋️","31 Jul 2026, 19:01","31 Jul 2026, 19:44","","Hip Abduction (Machine)",,"Hoist fidi",0,"normal",13,15,,,
"Evening workout 🏋️","31 Jul 2026, 19:01","31 Jul 2026, 19:44","","Hip Abduction (Machine)",,"Hoist fidi",1,"normal",16,12,,,
"Evening workout 🏋️","31 Jul 2026, 19:01","31 Jul 2026, 19:44","","Hip Abduction (Machine)",,"Hoist fidi",2,"normal",16,12,,,
"Evening workout 🏋️","31 Jul 2026, 19:01","31 Jul 2026, 19:44","","Hip Abduction (Machine)",,"Hoist fidi",3,"normal",16,12,,,
"Evening workout 🏋️","31 Jul 2026, 19:01","31 Jul 2026, 19:44","","Single Leg Extensions",,"",0,"warmup",30,20,,,
"Evening workout 🏋️","31 Jul 2026, 19:01","31 Jul 2026, 19:44","","Single Leg Extensions",,"",1,"normal",70,20,,,
"Evening workout 🏋️","31 Jul 2026, 19:01","31 Jul 2026, 19:44","","Single Leg Extensions",,"",2,"normal",70,20,,,
"Evening workout 🏋️","31 Jul 2026, 19:01","31 Jul 2026, 19:44","","Single Leg Extensions",,"",3,"normal",70,20,,,
"Evening workout 🏋️","31 Jul 2026, 19:01","31 Jul 2026, 19:44","","Single Leg Extensions",,"",4,"normal",90,20,,,
"Evening workout 🏋️","31 Jul 2026, 19:01","31 Jul 2026, 19:44","","Single Leg Extensions",,"",5,"normal",90,20,,,
"Evening workout 🏋️","31 Jul 2026, 19:01","31 Jul 2026, 19:44","","Seated Leg Curl (Machine)",,"Hoist fidi, feels weird hurtd my shins a little",0,"normal",10,12,,,
"Evening workout 🏋️","31 Jul 2026, 19:01","31 Jul 2026, 19:44","","Seated Leg Curl (Machine)",,"Hoist fidi, feels weird hurtd my shins a little",1,"normal",16,12,,,
"Evening workout 🏋️","31 Jul 2026, 19:01","31 Jul 2026, 19:44","","Seated Leg Curl (Machine)",,"Hoist fidi, feels weird hurtd my shins a little",2,"normal",18,15,,,
"Evening workout 🏋️","31 Jul 2026, 19:01","31 Jul 2026, 19:44","","Seated Leg Curl (Machine)",,"Hoist fidi, feels weird hurtd my shins a little",3,"normal",20,12,,,
"Chill","28 Jul 2026, 16:49","28 Jul 2026, 17:32","","Dumbbell Row",,"",0,"normal",50,20,,,
"Chill","28 Jul 2026, 16:49","28 Jul 2026, 17:32","","Dumbbell Row",,"",1,"normal",50,24,,,
"Chill","28 Jul 2026, 16:49","28 Jul 2026, 17:32","","Dumbbell Row",,"",2,"normal",50,24,,,
"Chill","28 Jul 2026, 16:49","28 Jul 2026, 17:32","","Dumbbell Row",,"",3,"normal",50,24,,,
"Chill","28 Jul 2026, 16:49","28 Jul 2026, 17:32","","Incline Bench Press (Dumbbell)",,"",0,"normal",100,8,,,
"Chill","28 Jul 2026, 16:49","28 Jul 2026, 17:32","","Incline Bench Press (Dumbbell)",,"",1,"normal",100,10,,,
"Chill","28 Jul 2026, 16:49","28 Jul 2026, 17:32","","Incline Bench Press (Dumbbell)",,"",2,"normal",100,12,,,
"Chill","28 Jul 2026, 16:49","28 Jul 2026, 17:32","","Incline Bench Press (Dumbbell)",,"",3,"normal",100,12,,,
"Chill","28 Jul 2026, 16:49","28 Jul 2026, 17:32","","Lateral Raise (Dumbbell)",,"",0,"normal",30,12,,,
"Chill","28 Jul 2026, 16:49","28 Jul 2026, 17:32","","Lateral Raise (Dumbbell)",,"",1,"normal",30,12,,,
"Chill","28 Jul 2026, 16:49","28 Jul 2026, 17:32","","Lateral Raise (Dumbbell)",,"",2,"normal",30,12,,,
"Chill","28 Jul 2026, 16:49","28 Jul 2026, 17:32","","Lateral Raise (Dumbbell)",,"",3,"normal",30,12,,,
"Quick dumbbells at home","25 Jul 2026, 17:30","25 Jul 2026, 18:24","","Chest Supported Incline Row (Dumbbell)",,"",0,"normal",50,20,,,
"Quick dumbbells at home","25 Jul 2026, 17:30","25 Jul 2026, 18:24","","Chest Supported Incline Row (Dumbbell)",,"",1,"normal",50,20,,,
"Quick dumbbells at home","25 Jul 2026, 17:30","25 Jul 2026, 18:24","","Chest Supported Incline Row (Dumbbell)",,"",2,"normal",50,24,,,
"Quick dumbbells at home","25 Jul 2026, 17:30","25 Jul 2026, 18:24","","Chest Supported Incline Row (Dumbbell)",,"",3,"normal",50,24,,,
"Quick dumbbells at home","25 Jul 2026, 17:30","25 Jul 2026, 18:24","","Chest Supported Incline Row (Dumbbell)",,"",4,"normal",50,24,,,
"Quick dumbbells at home","25 Jul 2026, 17:30","25 Jul 2026, 18:24","","Incline Bench Press (Dumbbell)",,"",0,"normal",100,8,,,
"Quick dumbbells at home","25 Jul 2026, 17:30","25 Jul 2026, 18:24","","Incline Bench Press (Dumbbell)",,"",1,"normal",100,8,,,
"Quick dumbbells at home","25 Jul 2026, 17:30","25 Jul 2026, 18:24","","Incline Bench Press (Dumbbell)",,"",2,"normal",100,12,,,
"Quick dumbbells at home","25 Jul 2026, 17:30","25 Jul 2026, 18:24","","Incline Bench Press (Dumbbell)",,"",3,"normal",100,12,,,
"Quick dumbbells at home","25 Jul 2026, 17:30","25 Jul 2026, 18:24","","Incline Bench Press (Dumbbell)",,"",4,"normal",100,12,,,
"Quick dumbbells at home","25 Jul 2026, 17:30","25 Jul 2026, 18:24","","Lateral Raise (Dumbbell)",,"",0,"normal",30,10,,,
"Quick dumbbells at home","25 Jul 2026, 17:30","25 Jul 2026, 18:24","","Lateral Raise (Dumbbell)",,"",1,"normal",30,10,,,
"Quick dumbbells at home","25 Jul 2026, 17:30","25 Jul 2026, 18:24","","Lateral Raise (Dumbbell)",,"",2,"normal",30,10,,,
"Quick dumbbells at home","25 Jul 2026, 17:30","25 Jul 2026, 18:24","","Lateral Raise (Dumbbell)",,"",3,"normal",30,10,,,
"Quick dumbbells at home","25 Jul 2026, 17:30","25 Jul 2026, 18:24","","Lateral Raise (Dumbbell)",,"",4,"normal",30,10,,,
"Evening workout 🏋️","20 Jul 2026, 19:00","20 Jul 2026, 19:50","","Squat (Barbell)",,"",0,"warmup",4.5,12,,,
"Evening workout 🏋️","20 Jul 2026, 19:00","20 Jul 2026, 19:50","","Squat (Barbell)",,"",1,"warmup",135,8,,,
"Evening workout 🏋️","20 Jul 2026, 19:00","20 Jul 2026, 19:50","","Squat (Barbell)",,"",2,"normal",205,6,,,
"Evening workout 🏋️","20 Jul 2026, 19:00","20 Jul 2026, 19:50","","Squat (Barbell)",,"",3,"normal",225,6,,,
"Evening workout 🏋️","20 Jul 2026, 19:00","20 Jul 2026, 19:50","","Squat (Barbell)",,"",4,"normal",225,3,,,
"Evening workout 🏋️","20 Jul 2026, 19:00","20 Jul 2026, 19:50","","Squat (Barbell)",,"",5,"normal",225,2,,,
"Evening workout 🏋️","20 Jul 2026, 19:00","20 Jul 2026, 19:50","","Hip Abduction (Machine)",,"",0,"normal",13,15,,,
"Evening workout 🏋️","20 Jul 2026, 19:00","20 Jul 2026, 19:50","","Hip Abduction (Machine)",,"",1,"normal",16,15,,,
"Evening workout 🏋️","20 Jul 2026, 19:00","20 Jul 2026, 19:50","","Hip Abduction (Machine)",,"",2,"normal",16,15,,,
"Evening workout 🏋️","20 Jul 2026, 19:00","20 Jul 2026, 19:50","","Hip Abduction (Machine)",,"",3,"normal",16,15,,,
"Evening workout 🏋️","20 Jul 2026, 19:00","20 Jul 2026, 19:50","","Back Extension (Weighted Hyperextension)",,"Fancy chelsea machine",0,"normal",45,10,,,
"Evening workout 🏋️","20 Jul 2026, 19:00","20 Jul 2026, 19:50","","Back Extension (Weighted Hyperextension)",,"Fancy chelsea machine",1,"normal",45,10,,,
"Evening workout 🏋️","20 Jul 2026, 19:00","20 Jul 2026, 19:50","","Back Extension (Weighted Hyperextension)",,"Fancy chelsea machine",2,"normal",45,10,,,
"Evening workout 🏋️","20 Jul 2026, 19:00","20 Jul 2026, 19:50","","Belt Squat (Machine)",,"",0,"warmup",10,10,,,
"Evening workout 🏋️","20 Jul 2026, 19:00","20 Jul 2026, 19:50","","Belt Squat (Machine)",,"",1,"normal",90,10,,,
"Evening workout 🏋️","20 Jul 2026, 19:00","20 Jul 2026, 19:50","","Belt Squat (Machine)",,"",2,"normal",180,10,,,
"Evening workout 🏋️","20 Jul 2026, 19:00","20 Jul 2026, 19:50","","Belt Squat (Machine)",,"",3,"normal",180,10,,,
"Back cont + incline press","15 Jul 2026, 20:34","15 Jul 2026, 21:29","","Deadlift (Trap bar)",,"",0,"warmup",135,8,,,
"Back cont + incline press","15 Jul 2026, 20:34","15 Jul 2026, 21:29","","Deadlift (Trap bar)",,"",1,"normal",225,6,,,
"Back cont + incline press","15 Jul 2026, 20:34","15 Jul 2026, 21:29","","Deadlift (Trap bar)",,"",2,"normal",245,6,,,
"Back cont + incline press","15 Jul 2026, 20:34","15 Jul 2026, 21:29","","Deadlift (Trap bar)",,"",3,"normal",265,6,,,
"Back cont + incline press","15 Jul 2026, 20:34","15 Jul 2026, 21:29","","Deadlift (Trap bar)",,"",4,"normal",265,8,,,
"Back cont + incline press","15 Jul 2026, 20:34","15 Jul 2026, 21:29","","Hip Thrust (Machine)",,"Booty builder with band, 15 base weight",0,"normal",105,10,,,
"Back cont + incline press","15 Jul 2026, 20:34","15 Jul 2026, 21:29","","Hip Thrust (Machine)",,"Booty builder with band, 15 base weight",1,"normal",175,10,,,
"Back cont + incline press","15 Jul 2026, 20:34","15 Jul 2026, 21:29","","Hip Thrust (Machine)",,"Booty builder with band, 15 base weight",2,"normal",175,10,,,
"Back cont + incline press","15 Jul 2026, 20:34","15 Jul 2026, 21:29","","Incline Chest Press (Machine)",,"Hammer strength MTS",0,"normal",100,10,,,
"Back cont + incline press","15 Jul 2026, 20:34","15 Jul 2026, 21:29","","Incline Chest Press (Machine)",,"Hammer strength MTS",1,"normal",120,10,,,
"Back cont + incline press","15 Jul 2026, 20:34","15 Jul 2026, 21:29","","Incline Chest Press (Machine)",,"Hammer strength MTS",2,"normal",120,10,,,
"Back","14 Jul 2026, 21:40","14 Jul 2026, 21:59","Quick left work too late","Seated Cable Row - V Grip (Cable)",,"",0,"warmup",110,10,,,
"Back","14 Jul 2026, 21:40","14 Jul 2026, 21:59","Quick left work too late","Seated Cable Row - V Grip (Cable)",,"",1,"normal",121,10,,,
"Back","14 Jul 2026, 21:40","14 Jul 2026, 21:59","Quick left work too late","Seated Cable Row - V Grip (Cable)",,"",2,"normal",121,10,,,
"Back","14 Jul 2026, 21:40","14 Jul 2026, 21:59","Quick left work too late","Seated Cable Row - V Grip (Cable)",,"",3,"normal",143,10,,,
"Back","14 Jul 2026, 21:40","14 Jul 2026, 21:59","Quick left work too late","Deadlift (Band)",,"/10 volume deflation",0,"warmup",11,10,,,
"Back","14 Jul 2026, 21:40","14 Jul 2026, 21:59","Quick left work too late","Deadlift (Band)",,"/10 volume deflation",1,"normal",12.1,10,,,
"Back","14 Jul 2026, 21:40","14 Jul 2026, 21:59","Quick left work too late","Deadlift (Band)",,"/10 volume deflation",2,"normal",12.1,10,,,
"Back","14 Jul 2026, 21:40","14 Jul 2026, 21:59","Quick left work too late","Deadlift (Band)",,"/10 volume deflation",3,"normal",14.3,10,,,
"Back","14 Jul 2026, 21:40","14 Jul 2026, 21:59","Quick left work too late","Lat Pulldown (Machine)",,"fidi hammer strength front pulldown",0,"normal",120,10,,,
"Back","14 Jul 2026, 21:40","14 Jul 2026, 21:59","Quick left work too late","Lat Pulldown (Machine)",,"fidi hammer strength front pulldown",1,"normal",120,10,,,
"Back","14 Jul 2026, 21:40","14 Jul 2026, 21:59","Quick left work too late","Lat Pulldown (Machine)",,"fidi hammer strength front pulldown",2,"normal",140,10,,,
"Back","14 Jul 2026, 21:40","14 Jul 2026, 21:59","Quick left work too late","Lat Pulldown (Machine)",,"fidi hammer strength front pulldown",3,"normal",140,10,,,
"Evening workout 🏋️","13 Jul 2026, 20:20","13 Jul 2026, 21:25","","Elliptical Trainer",,"",0,"normal",,,1,300,
"Evening workout 🏋️","13 Jul 2026, 20:20","13 Jul 2026, 21:25","","Box Jump",,"Quick warmup",0,"normal",,5,,,
"Evening workout 🏋️","13 Jul 2026, 20:20","13 Jul 2026, 21:25","","Squat (Barbell)",,"Needed the phonk",0,"warmup",4.5,10,,,
"Evening workout 🏋️","13 Jul 2026, 20:20","13 Jul 2026, 21:25","","Squat (Barbell)",,"Needed the phonk",1,"warmup",135,8,,,
"Evening workout 🏋️","13 Jul 2026, 20:20","13 Jul 2026, 21:25","","Squat (Barbell)",,"Needed the phonk",2,"normal",205,6,,,
"Evening workout 🏋️","13 Jul 2026, 20:20","13 Jul 2026, 21:25","","Squat (Barbell)",,"Needed the phonk",3,"normal",205,6,,,
"Evening workout 🏋️","13 Jul 2026, 20:20","13 Jul 2026, 21:25","","Squat (Barbell)",,"Needed the phonk",4,"normal",225,6,,,
"Evening workout 🏋️","13 Jul 2026, 20:20","13 Jul 2026, 21:25","","Leg Press (Machine)",,"Starting weight 118 not included — feet higher and wider",0,"normal",180,10,,,
"Evening workout 🏋️","13 Jul 2026, 20:20","13 Jul 2026, 21:25","","Leg Press (Machine)",,"Starting weight 118 not included — feet higher and wider",1,"normal",270,10,,,
"Evening workout 🏋️","13 Jul 2026, 20:20","13 Jul 2026, 21:25","","Leg Press (Machine)",,"Starting weight 118 not included — feet higher and wider",2,"normal",270,10,,,
"Evening workout 🏋️","13 Jul 2026, 20:20","13 Jul 2026, 21:25","","Leg Press (Machine)",,"Starting weight 118 not included — feet higher and wider",3,"normal",270,10,,,
"Evening workout 🏋️","13 Jul 2026, 20:20","13 Jul 2026, 21:25","","Back Extension (Weighted Hyperextension)",,"Keep it hanging low and focus glutes",0,"normal",45,6,,,
"Evening workout 🏋️","13 Jul 2026, 20:20","13 Jul 2026, 21:25","","Back Extension (Weighted Hyperextension)",,"Keep it hanging low and focus glutes",1,"normal",45,8,,,
"Evening workout 🏋️","13 Jul 2026, 20:20","13 Jul 2026, 21:25","","Back Extension (Weighted Hyperextension)",,"Keep it hanging low and focus glutes",2,"normal",45,8,,,
"Single leg and upper","10 Jul 2026, 19:03","10 Jul 2026, 19:41","","Sled Push",,"Sprints with 90lbs for like 2 strides each side, then walk backwards with it",0,"normal",,,,60,
"Single leg and upper","10 Jul 2026, 19:03","10 Jul 2026, 19:41","","Sled Push",,"Sprints with 90lbs for like 2 strides each side, then walk backwards with it",1,"normal",,,,60,
"Single leg and upper","10 Jul 2026, 19:03","10 Jul 2026, 19:41","","Sled Push",,"Sprints with 90lbs for like 2 strides each side, then walk backwards with it",2,"normal",,,,60,
"Single leg and upper","10 Jul 2026, 19:03","10 Jul 2026, 19:41","","Sled Push",,"Sprints with 90lbs for like 2 strides each side, then walk backwards with it",3,"normal",,,,60,
"Single leg and upper","10 Jul 2026, 19:03","10 Jul 2026, 19:41","","Sled Push",,"Sprints with 90lbs for like 2 strides each side, then walk backwards with it",4,"normal",,,,60,
"Single leg and upper","10 Jul 2026, 19:03","10 Jul 2026, 19:41","","Split Squat (Dumbbell)",,"",0,"normal",90,12,,,
"Single leg and upper","10 Jul 2026, 19:03","10 Jul 2026, 19:41","","Split Squat (Dumbbell)",,"",1,"normal",90,16,,,
"Single leg and upper","10 Jul 2026, 19:03","10 Jul 2026, 19:41","","Split Squat (Dumbbell)",,"",2,"normal",90,20,,,
"Single leg and upper","10 Jul 2026, 19:03","10 Jul 2026, 19:41","","Split Squat (Dumbbell)",,"",3,"normal",90,20,,,
"Single leg and upper","10 Jul 2026, 19:03","10 Jul 2026, 19:41","","Incline Bench Press (Barbell)",,"",0,"warmup",45,12,,,
"Single leg and upper","10 Jul 2026, 19:03","10 Jul 2026, 19:41","","Incline Bench Press (Barbell)",,"",1,"normal",135,5,,,
"Single leg and upper","10 Jul 2026, 19:03","10 Jul 2026, 19:41","","Incline Bench Press (Barbell)",,"",2,"normal",135,6,,,
"Single leg and upper","10 Jul 2026, 19:03","10 Jul 2026, 19:41","","Incline Bench Press (Barbell)",,"",3,"normal",135,6,,,
"Single leg and upper","10 Jul 2026, 19:03","10 Jul 2026, 19:41","","Lateral Raise (Dumbbell)",,"",0,"warmup",30,8,,,
"Single leg and upper","10 Jul 2026, 19:03","10 Jul 2026, 19:41","","Lateral Raise (Dumbbell)",,"",1,"normal",30,10,,,
"Single leg and upper","10 Jul 2026, 19:03","10 Jul 2026, 19:41","","Lateral Raise (Dumbbell)",,"",2,"normal",30,10,,,
"Single leg and upper","10 Jul 2026, 19:03","10 Jul 2026, 19:41","","Lateral Raise (Dumbbell)",,"",3,"normal",30,10,,,
"Single leg and upper","10 Jul 2026, 19:03","10 Jul 2026, 19:41","","Lateral Raise (Dumbbell)",,"",4,"normal",30,10,,,
"Back","7 Jul 2026, 20:34","7 Jul 2026, 21:22","","Lat Pulldown (Machine)",,"fidi hammer strength front pulldown",0,"warmup",60,10,,,
"Back","7 Jul 2026, 20:34","7 Jul 2026, 21:22","","Lat Pulldown (Machine)",,"fidi hammer strength front pulldown",1,"normal",120,10,,,
"Back","7 Jul 2026, 20:34","7 Jul 2026, 21:22","","Lat Pulldown (Machine)",,"fidi hammer strength front pulldown",2,"normal",120,10,,,
"Back","7 Jul 2026, 20:34","7 Jul 2026, 21:22","","Lat Pulldown (Machine)",,"fidi hammer strength front pulldown",3,"normal",140,10,,,
"Back","7 Jul 2026, 20:34","7 Jul 2026, 21:22","","Lat Pulldown (Machine)",,"fidi hammer strength front pulldown",4,"normal",140,10,,,
"Back","7 Jul 2026, 20:34","7 Jul 2026, 21:22","","Deadlift (Trap bar)",,"",0,"warmup",135,8,,,
"Back","7 Jul 2026, 20:34","7 Jul 2026, 21:22","","Deadlift (Trap bar)",,"",1,"normal",225,6,,,
"Back","7 Jul 2026, 20:34","7 Jul 2026, 21:22","","Deadlift (Trap bar)",,"",2,"normal",225,8,,,
"Back","7 Jul 2026, 20:34","7 Jul 2026, 21:22","","Deadlift (Trap bar)",,"",3,"normal",245,8,,,
"Back","7 Jul 2026, 20:34","7 Jul 2026, 21:22","","Seated Cable Row - V Grip (Cable)",,"",0,"normal",121,10,,,
"Back","7 Jul 2026, 20:34","7 Jul 2026, 21:22","","Seated Cable Row - V Grip (Cable)",,"",1,"normal",121,10,,,
"Back","7 Jul 2026, 20:34","7 Jul 2026, 21:22","","Seated Cable Row - V Grip (Cable)",,"",2,"normal",121,10,,,
"Back","7 Jul 2026, 20:34","7 Jul 2026, 21:22","","Deadlift (Band)",,"/10 volume deflation",0,"normal",12.1,10,,,
"Back","7 Jul 2026, 20:34","7 Jul 2026, 21:22","","Deadlift (Band)",,"/10 volume deflation",1,"normal",12.1,10,,,
"Back","7 Jul 2026, 20:34","7 Jul 2026, 21:22","","Deadlift (Band)",,"/10 volume deflation",2,"normal",12.1,10,,,
"Legs","6 Jul 2026, 19:42","6 Jul 2026, 21:04","","Single Leg Romanian Deadlift (Dumbbell)",,"",0,"normal",44,10,,,
"Legs","6 Jul 2026, 19:42","6 Jul 2026, 21:04","","Single Leg Romanian Deadlift (Dumbbell)",,"",1,"normal",44,10,,,
"Legs","6 Jul 2026, 19:42","6 Jul 2026, 21:04","","Single Leg Romanian Deadlift (Dumbbell)",,"",2,"normal",44,10,,,
"Legs","6 Jul 2026, 19:42","6 Jul 2026, 21:04","","Kettlebell Around the World",,"",0,"normal",4.4,10,,,
"Legs","6 Jul 2026, 19:42","6 Jul 2026, 21:04","","Kettlebell Around the World",,"",1,"normal",4.4,10,,,
"Legs","6 Jul 2026, 19:42","6 Jul 2026, 21:04","","Kettlebell Around the World",,"",2,"normal",4.4,10,,,
"Legs","6 Jul 2026, 19:42","6 Jul 2026, 21:04","","Kettlebell Swing",,"",0,"normal",4.4,10,,,
"Legs","6 Jul 2026, 19:42","6 Jul 2026, 21:04","","Kettlebell Swing",,"",1,"normal",4.4,10,,,
"Legs","6 Jul 2026, 19:42","6 Jul 2026, 21:04","","Kettlebell Swing",,"",2,"normal",4.4,10,,,
"Legs","6 Jul 2026, 19:42","6 Jul 2026, 21:04","","Squat (Barbell)",,"Knees started caving in at the end :(",0,"warmup",4.5,10,,,
"Legs","6 Jul 2026, 19:42","6 Jul 2026, 21:04","","Squat (Barbell)",,"Knees started caving in at the end :(",1,"warmup",135,8,,,
"Legs","6 Jul 2026, 19:42","6 Jul 2026, 21:04","","Squat (Barbell)",,"Knees started caving in at the end :(",2,"normal",205,6,,,
"Legs","6 Jul 2026, 19:42","6 Jul 2026, 21:04","","Squat (Barbell)",,"Knees started caving in at the end :(",3,"normal",215,6,,,
"Legs","6 Jul 2026, 19:42","6 Jul 2026, 21:04","","Squat (Barbell)",,"Knees started caving in at the end :(",4,"normal",215,6,,,
"Legs","6 Jul 2026, 19:42","6 Jul 2026, 21:04","","Leg Press (Machine)",,"Starting weight 118 not included",0,"normal",90,10,,,
"Legs","6 Jul 2026, 19:42","6 Jul 2026, 21:04","","Leg Press (Machine)",,"Starting weight 118 not included",1,"normal",180,10,,,
"Legs","6 Jul 2026, 19:42","6 Jul 2026, 21:04","","Leg Press (Machine)",,"Starting weight 118 not included",2,"normal",270,10,,,
"Legs","6 Jul 2026, 19:42","6 Jul 2026, 21:04","","Leg Press (Machine)",,"Starting weight 118 not included",3,"normal",270,10,,,
"Legs","6 Jul 2026, 19:42","6 Jul 2026, 21:04","","Back Extension (Weighted Hyperextension)",,"Keep it hanging low and focus glutes",0,"normal",45,5,,,
"Legs","6 Jul 2026, 19:42","6 Jul 2026, 21:04","","Back Extension (Weighted Hyperextension)",,"Keep it hanging low and focus glutes",1,"normal",45,5,,,
"Legs","6 Jul 2026, 19:42","6 Jul 2026, 21:04","","Back Extension (Weighted Hyperextension)",,"Keep it hanging low and focus glutes",2,"normal",45,8,,,
"Legs","6 Jul 2026, 19:42","6 Jul 2026, 21:04","","Box Jump",,"Red plyosoft box, 24in. First double leg, then basketball step in. Then single leg on green plysoft box, 12 inches",0,"normal",,5,,,
"Legs","6 Jul 2026, 19:42","6 Jul 2026, 21:04","","Box Jump",,"Red plyosoft box, 24in. First double leg, then basketball step in. Then single leg on green plysoft box, 12 inches",1,"normal",,5,,,
"Legs","6 Jul 2026, 19:42","6 Jul 2026, 21:04","","Box Jump",,"Red plyosoft box, 24in. First double leg, then basketball step in. Then single leg on green plysoft box, 12 inches",2,"normal",,5,,,
"Legs","6 Jul 2026, 19:42","6 Jul 2026, 21:04","","Box Jump",,"Red plyosoft box, 24in. First double leg, then basketball step in. Then single leg on green plysoft box, 12 inches",3,"normal",,5,,,
"Legs","6 Jul 2026, 19:42","6 Jul 2026, 21:04","","Box Jump",,"Red plyosoft box, 24in. First double leg, then basketball step in. Then single leg on green plysoft box, 12 inches",4,"normal",,5,,,
"Legs","6 Jul 2026, 19:42","6 Jul 2026, 21:04","","Box Jump",,"Red plyosoft box, 24in. First double leg, then basketball step in. Then single leg on green plysoft box, 12 inches",5,"normal",,5,,,
"Quick while watching soccer","3 Jul 2026, 20:06","3 Jul 2026, 20:21","","Lunge",,"",0,"normal",,10,,,
"Quick while watching soccer","3 Jul 2026, 20:06","3 Jul 2026, 20:21","","Lunge",,"",1,"normal",,10,,,
"Quick while watching soccer","3 Jul 2026, 20:06","3 Jul 2026, 20:21","","Lunge",,"",2,"normal",,10,,,
"Quick while watching soccer","3 Jul 2026, 20:06","3 Jul 2026, 20:21","","Lunge",,"",3,"normal",,10,,,
"Quick while watching soccer","3 Jul 2026, 20:06","3 Jul 2026, 20:21","","Lateral Lunge",,"",0,"normal",,10,,,
"Quick while watching soccer","3 Jul 2026, 20:06","3 Jul 2026, 20:21","","Lateral Lunge",,"",1,"normal",,10,,,
"Quick while watching soccer","3 Jul 2026, 20:06","3 Jul 2026, 20:21","","Lateral Lunge",,"",2,"normal",,10,,,
"Quick while watching soccer","3 Jul 2026, 20:06","3 Jul 2026, 20:21","","Lateral Lunge",,"",3,"normal",,10,,,
"Quick while watching soccer","3 Jul 2026, 20:06","3 Jul 2026, 20:21","","Push Up",,"",0,"normal",,10,,,
"Quick while watching soccer","3 Jul 2026, 20:06","3 Jul 2026, 20:21","","Push Up",,"",1,"normal",,10,,,
"Quick while watching soccer","3 Jul 2026, 20:06","3 Jul 2026, 20:21","","Push Up",,"",2,"normal",,10,,,
"Quick while watching soccer","3 Jul 2026, 20:06","3 Jul 2026, 20:21","","Push Up",,"",3,"normal",,10,,,
"Quick while watching soccer","3 Jul 2026, 20:06","3 Jul 2026, 20:21","","Chin Up",,"",0,"normal",,2,,,
"Quick while watching soccer","3 Jul 2026, 20:06","3 Jul 2026, 20:21","","Chin Up",,"",1,"normal",,2,,,
"Quick while watching soccer","3 Jul 2026, 20:06","3 Jul 2026, 20:21","","Chin Up",,"",2,"normal",,2,,,
"Quick while watching soccer","3 Jul 2026, 20:06","3 Jul 2026, 20:21","","Chin Up",,"",3,"normal",,2,,,
"Evening workout 🏋️","2 Jul 2026, 20:54","2 Jul 2026, 21:25","","Incline Bench Press (Barbell)",,"",0,"warmup",45,12,,,
"Evening workout 🏋️","2 Jul 2026, 20:54","2 Jul 2026, 21:25","","Incline Bench Press (Barbell)",,"",1,"normal",115,8,,,
"Evening workout 🏋️","2 Jul 2026, 20:54","2 Jul 2026, 21:25","","Incline Bench Press (Barbell)",,"",2,"normal",115,8,,,
"Evening workout 🏋️","2 Jul 2026, 20:54","2 Jul 2026, 21:25","","Incline Bench Press (Barbell)",,"",3,"normal",115,8,,,
"Evening workout 🏋️","2 Jul 2026, 20:54","2 Jul 2026, 21:25","","Incline Bench Press (Barbell)",,"",4,"normal",135,5,,,
"Evening workout 🏋️","2 Jul 2026, 20:54","2 Jul 2026, 21:25","","Lateral Raise (Dumbbell)",,"On incline bench",0,"warmup",30,6,,,
"Evening workout 🏋️","2 Jul 2026, 20:54","2 Jul 2026, 21:25","","Lateral Raise (Dumbbell)",,"On incline bench",1,"normal",30,10,,,
"Evening workout 🏋️","2 Jul 2026, 20:54","2 Jul 2026, 21:25","","Lateral Raise (Dumbbell)",,"On incline bench",2,"normal",30,10,,,
"Evening workout 🏋️","2 Jul 2026, 20:54","2 Jul 2026, 21:25","","Lateral Raise (Dumbbell)",,"On incline bench",3,"normal",30,10,,,
"Evening workout 🏋️","2 Jul 2026, 20:54","2 Jul 2026, 21:25","","Lateral Raise (Dumbbell)",,"On incline bench",4,"normal",30,10,,,
"Evening workout 🏋️","2 Jul 2026, 20:54","2 Jul 2026, 21:25","","Seated Shoulder Press (Machine)",,"Right shoulder sore from bball",0,"normal",40,8,,,
"Evening workout 🏋️","2 Jul 2026, 20:54","2 Jul 2026, 21:25","","Seated Shoulder Press (Machine)",,"Right shoulder sore from bball",1,"normal",40,8,,,
"Evening workout 🏋️","2 Jul 2026, 20:54","2 Jul 2026, 21:25","","Seated Shoulder Press (Machine)",,"Right shoulder sore from bball",2,"normal",40,8,,,
"Evening workout 🏋️","2 Jul 2026, 20:54","2 Jul 2026, 21:25","","Face Pull",,"",0,"normal",40,10,,,
"Evening workout 🏋️","2 Jul 2026, 20:54","2 Jul 2026, 21:25","","Face Pull",,"",1,"normal",40,10,,,
"Evening workout 🏋️","2 Jul 2026, 20:54","2 Jul 2026, 21:25","","Straight Arm Lat Pulldown (Cable)",,"",0,"normal",40,10,,,
"Evening workout 🏋️","2 Jul 2026, 20:54","2 Jul 2026, 21:25","","Straight Arm Lat Pulldown (Cable)",,"",1,"normal",40,10,,,
"Evening workout 🏋️","2 Jul 2026, 20:54","2 Jul 2026, 21:25","","Triceps Rope Pushdown",,"",0,"normal",40,10,,,
"Evening workout 🏋️","2 Jul 2026, 20:54","2 Jul 2026, 21:25","","Triceps Rope Pushdown",,"",1,"normal",40,10,,,
"Quick","30 Jun 2026, 22:22","30 Jun 2026, 22:55","Still full from dinner","Lat Pulldown (Cable)",,"",0,"warmup",100,10,,,
"Quick","30 Jun 2026, 22:22","30 Jun 2026, 22:55","Still full from dinner","Lat Pulldown (Cable)",,"",1,"normal",120,10,,,
"Quick","30 Jun 2026, 22:22","30 Jun 2026, 22:55","Still full from dinner","Lat Pulldown (Cable)",,"",2,"normal",140,8,,,
"Quick","30 Jun 2026, 22:22","30 Jun 2026, 22:55","Still full from dinner","Lat Pulldown (Cable)",,"",3,"failure",140,1,,,
"Quick","30 Jun 2026, 22:22","30 Jun 2026, 22:55","Still full from dinner","Lat Pulldown (Cable)",,"",4,"normal",120,8,,,
"Quick","30 Jun 2026, 22:22","30 Jun 2026, 22:55","Still full from dinner","Deadlift (Trap bar)",,"",0,"warmup",135,8,,,
"Quick","30 Jun 2026, 22:22","30 Jun 2026, 22:55","Still full from dinner","Deadlift (Trap bar)",,"",1,"normal",205,8,,,
"Quick","30 Jun 2026, 22:22","30 Jun 2026, 22:55","Still full from dinner","Deadlift (Trap bar)",,"",2,"normal",215,8,,,
"Quick","30 Jun 2026, 22:22","30 Jun 2026, 22:55","Still full from dinner","Deadlift (Trap bar)",,"",3,"normal",225,8,,,
"Quick","30 Jun 2026, 22:22","30 Jun 2026, 22:55","Still full from dinner","Seated Cable Row - V Grip (Cable)",,"",0,"normal",100,10,,,
"Quick","30 Jun 2026, 22:22","30 Jun 2026, 22:55","Still full from dinner","Seated Cable Row - V Grip (Cable)",,"",1,"normal",120,10,,,
"Quick","30 Jun 2026, 22:22","30 Jun 2026, 22:55","Still full from dinner","Deadlift (Band)",,"",0,"normal",100,10,,,
"Quick","30 Jun 2026, 22:22","30 Jun 2026, 22:55","Still full from dinner","Deadlift (Band)",,"",1,"normal",120,10,,,
"Legs","29 Jun 2026, 21:32","29 Jun 2026, 22:35","Trying to be more strategic with effort. 3x5 instead of 5x5 but making up for it with more volume","Single Leg Romanian Deadlift (Dumbbell)",,"",0,"normal",48.5,10,,,
"Legs","29 Jun 2026, 21:32","29 Jun 2026, 22:35","Trying to be more strategic with effort. 3x5 instead of 5x5 but making up for it with more volume","Single Leg Romanian Deadlift (Dumbbell)",,"",1,"normal",48.5,10,,,
"Legs","29 Jun 2026, 21:32","29 Jun 2026, 22:35","Trying to be more strategic with effort. 3x5 instead of 5x5 but making up for it with more volume","Single Leg Romanian Deadlift (Dumbbell)",,"",2,"normal",48.5,10,,,
"Legs","29 Jun 2026, 21:32","29 Jun 2026, 22:35","Trying to be more strategic with effort. 3x5 instead of 5x5 but making up for it with more volume","Kettlebell Around the World",,"/10 volume deflation. 10 ea side",0,"normal",4.85,10,,,
"Legs","29 Jun 2026, 21:32","29 Jun 2026, 22:35","Trying to be more strategic with effort. 3x5 instead of 5x5 but making up for it with more volume","Kettlebell Around the World",,"/10 volume deflation. 10 ea side",1,"normal",4.85,10,,,
"Legs","29 Jun 2026, 21:32","29 Jun 2026, 22:35","Trying to be more strategic with effort. 3x5 instead of 5x5 but making up for it with more volume","Kettlebell Around the World",,"/10 volume deflation. 10 ea side",2,"normal",4.85,10,,,
"Legs","29 Jun 2026, 21:32","29 Jun 2026, 22:35","Trying to be more strategic with effort. 3x5 instead of 5x5 but making up for it with more volume","Kettlebell Swing",,"/10 volume deflation",0,"normal",4.85,10,,,
"Legs","29 Jun 2026, 21:32","29 Jun 2026, 22:35","Trying to be more strategic with effort. 3x5 instead of 5x5 but making up for it with more volume","Kettlebell Swing",,"/10 volume deflation",1,"normal",4.85,10,,,
"Legs","29 Jun 2026, 21:32","29 Jun 2026, 22:35","Trying to be more strategic with effort. 3x5 instead of 5x5 but making up for it with more volume","Kettlebell Swing",,"/10 volume deflation",2,"normal",4.85,10,,,
"Legs","29 Jun 2026, 21:32","29 Jun 2026, 22:35","Trying to be more strategic with effort. 3x5 instead of 5x5 but making up for it with more volume","Squat (Barbell)",,"Hit a hard weight, then +5 each time",0,"warmup",4.5,10,,,
"Legs","29 Jun 2026, 21:32","29 Jun 2026, 22:35","Trying to be more strategic with effort. 3x5 instead of 5x5 but making up for it with more volume","Squat (Barbell)",,"Hit a hard weight, then +5 each time",1,"warmup",135,8,,,
"Legs","29 Jun 2026, 21:32","29 Jun 2026, 22:35","Trying to be more strategic with effort. 3x5 instead of 5x5 but making up for it with more volume","Squat (Barbell)",,"Hit a hard weight, then +5 each time",2,"normal",185,5,,,
"Legs","29 Jun 2026, 21:32","29 Jun 2026, 22:35","Trying to be more strategic with effort. 3x5 instead of 5x5 but making up for it with more volume","Squat (Barbell)",,"Hit a hard weight, then +5 each time",3,"normal",190,5,,,
"Legs","29 Jun 2026, 21:32","29 Jun 2026, 22:35","Trying to be more strategic with effort. 3x5 instead of 5x5 but making up for it with more volume","Squat (Barbell)",,"Hit a hard weight, then +5 each time",4,"normal",195,5,,,
"Legs","29 Jun 2026, 21:32","29 Jun 2026, 22:35","Trying to be more strategic with effort. 3x5 instead of 5x5 but making up for it with more volume","Dead Hang",,"",0,"normal",,,,10,
"Legs","29 Jun 2026, 21:32","29 Jun 2026, 22:35","Trying to be more strategic with effort. 3x5 instead of 5x5 but making up for it with more volume","Dead Hang",,"",1,"normal",,,,10,
"Legs","29 Jun 2026, 21:32","29 Jun 2026, 22:35","Trying to be more strategic with effort. 3x5 instead of 5x5 but making up for it with more volume","Dead Hang",,"",2,"normal",,,,10,
"Legs","29 Jun 2026, 21:32","29 Jun 2026, 22:35","Trying to be more strategic with effort. 3x5 instead of 5x5 but making up for it with more volume","Dead Hang",,"",3,"normal",,,,10,
"Legs","29 Jun 2026, 21:32","29 Jun 2026, 22:35","Trying to be more strategic with effort. 3x5 instead of 5x5 but making up for it with more volume","Leg Press (Machine)",,"",0,"normal",90,10,,,
"Legs","29 Jun 2026, 21:32","29 Jun 2026, 22:35","Trying to be more strategic with effort. 3x5 instead of 5x5 but making up for it with more volume","Leg Press (Machine)",,"",1,"normal",180,10,,,
"Legs","29 Jun 2026, 21:32","29 Jun 2026, 22:35","Trying to be more strategic with effort. 3x5 instead of 5x5 but making up for it with more volume","Leg Press (Machine)",,"",2,"normal",270,10,,,
"Legs","29 Jun 2026, 21:32","29 Jun 2026, 22:35","Trying to be more strategic with effort. 3x5 instead of 5x5 but making up for it with more volume","Leg Press (Machine)",,"",3,"normal",270,10,,,
"Legs","29 Jun 2026, 21:32","29 Jun 2026, 22:35","Trying to be more strategic with effort. 3x5 instead of 5x5 but making up for it with more volume","Back Extension (Weighted Hyperextension)",,"",0,"normal",45,5,,,
"Legs","29 Jun 2026, 21:32","29 Jun 2026, 22:35","Trying to be more strategic with effort. 3x5 instead of 5x5 but making up for it with more volume","Back Extension (Weighted Hyperextension)",,"",1,"normal",45,5,,,
"Legs","29 Jun 2026, 21:32","29 Jun 2026, 22:35","Trying to be more strategic with effort. 3x5 instead of 5x5 but making up for it with more volume","Back Extension (Weighted Hyperextension)",,"",2,"normal",45,5,,,
"Quick","26 Jun 2026, 19:13","26 Jun 2026, 19:38","","Seated Cable Row - V Grip (Cable)",,"",0,"normal",105,10,,,
"Quick","26 Jun 2026, 19:13","26 Jun 2026, 19:38","","Seated Cable Row - V Grip (Cable)",,"",1,"normal",105,10,,,
"Quick","26 Jun 2026, 19:13","26 Jun 2026, 19:38","","Seated Cable Row - V Grip (Cable)",,"",2,"normal",120,10,,,
"Quick","26 Jun 2026, 19:13","26 Jun 2026, 19:38","","Seated Cable Row - V Grip (Cable)",,"",3,"normal",120,10,,,
"Quick","26 Jun 2026, 19:13","26 Jun 2026, 19:38","","Deadlift (Band)",,"",0,"normal",105,10,,,
"Quick","26 Jun 2026, 19:13","26 Jun 2026, 19:38","","Deadlift (Band)",,"",1,"normal",105,10,,,
"Quick","26 Jun 2026, 19:13","26 Jun 2026, 19:38","","Deadlift (Band)",,"",2,"normal",120,10,,,
"Quick","26 Jun 2026, 19:13","26 Jun 2026, 19:38","","Deadlift (Band)",,"",3,"normal",120,10,,,
"Quick","26 Jun 2026, 19:13","26 Jun 2026, 19:38","","Overhead Press (Dumbbell)",,"",0,"normal",55,10,,,
"Quick","26 Jun 2026, 19:13","26 Jun 2026, 19:38","","Overhead Press (Dumbbell)",,"",1,"normal",55,10,,,
"Quick","26 Jun 2026, 19:13","26 Jun 2026, 19:38","","Overhead Press (Dumbbell)",,"",2,"normal",55,10,,,
"Quick","26 Jun 2026, 19:13","26 Jun 2026, 19:38","","Dead Hang",,"",0,"normal",,,,24,
"Quick","26 Jun 2026, 19:13","26 Jun 2026, 19:38","","Dead Hang",,"",1,"normal",,,,20,
"Quick","26 Jun 2026, 19:13","26 Jun 2026, 19:38","","Dead Hang",,"",2,"normal",,,,20,
"Evening workout 🏋️","25 Jun 2026, 20:14","25 Jun 2026, 20:50","","Incline Bench Press (Barbell)",,"",0,"warmup",45,12,,,
"Evening workout 🏋️","25 Jun 2026, 20:14","25 Jun 2026, 20:50","","Incline Bench Press (Barbell)",,"",1,"warmup",95,10,,,
"Evening workout 🏋️","25 Jun 2026, 20:14","25 Jun 2026, 20:50","","Incline Bench Press (Barbell)",,"",2,"normal",115,8,,,
"Evening workout 🏋️","25 Jun 2026, 20:14","25 Jun 2026, 20:50","","Incline Bench Press (Barbell)",,"",3,"normal",115,8,,,
"Evening workout 🏋️","25 Jun 2026, 20:14","25 Jun 2026, 20:50","","Incline Bench Press (Barbell)",,"",4,"normal",115,8,,,
"Evening workout 🏋️","25 Jun 2026, 20:14","25 Jun 2026, 20:50","","Lateral Raise (Dumbbell)",,"On incline bench",0,"warmup",30,6,,,
"Evening workout 🏋️","25 Jun 2026, 20:14","25 Jun 2026, 20:50","","Lateral Raise (Dumbbell)",,"On incline bench",1,"warmup",30,8,,,
"Evening workout 🏋️","25 Jun 2026, 20:14","25 Jun 2026, 20:50","","Lateral Raise (Dumbbell)",,"On incline bench",2,"normal",30,10,,,
"Evening workout 🏋️","25 Jun 2026, 20:14","25 Jun 2026, 20:50","","Lateral Raise (Dumbbell)",,"On incline bench",3,"normal",30,10,,,
"Evening workout 🏋️","25 Jun 2026, 20:14","25 Jun 2026, 20:50","","Lateral Raise (Dumbbell)",,"On incline bench",4,"normal",30,8,,,
"Evening workout 🏋️","25 Jun 2026, 20:14","25 Jun 2026, 20:50","","Lat Pulldown (Cable)",,"",0,"warmup",110,10,,,
"Evening workout 🏋️","25 Jun 2026, 20:14","25 Jun 2026, 20:50","","Lat Pulldown (Cable)",,"",1,"normal",121,10,,,
"Evening workout 🏋️","25 Jun 2026, 20:14","25 Jun 2026, 20:50","","Lat Pulldown (Cable)",,"",2,"normal",143,8,,,
"Evening workout 🏋️","25 Jun 2026, 20:14","25 Jun 2026, 20:50","","Lat Pulldown (Cable)",,"",3,"normal",143,8,,,
"Afternoon workout 💪","21 Jun 2026, 15:21","21 Jun 2026, 16:36","","Leg Extension (Machine)",,"",0,"normal",115,10,,,
"Afternoon workout 💪","21 Jun 2026, 15:21","21 Jun 2026, 16:36","","Leg Extension (Machine)",,"",1,"normal",130,10,,,
"Afternoon workout 💪","21 Jun 2026, 15:21","21 Jun 2026, 16:36","","Leg Extension (Machine)",,"",2,"normal",160,10,,,
"Afternoon workout 💪","21 Jun 2026, 15:21","21 Jun 2026, 16:36","","Leg Extension (Machine)",,"",3,"normal",160,10,,,
"Afternoon workout 💪","21 Jun 2026, 15:21","21 Jun 2026, 16:36","","Hip Thrust (Machine)",,"Booty builder with band, 15 base weight",0,"normal",105,10,,,
"Afternoon workout 💪","21 Jun 2026, 15:21","21 Jun 2026, 16:36","","Hip Thrust (Machine)",,"Booty builder with band, 15 base weight",1,"normal",160,10,,,
"Afternoon workout 💪","21 Jun 2026, 15:21","21 Jun 2026, 16:36","","Hip Thrust (Machine)",,"Booty builder with band, 15 base weight",2,"normal",160,10,,,
"Afternoon workout 💪","21 Jun 2026, 15:21","21 Jun 2026, 16:36","","Hip Thrust (Machine)",,"Booty builder with band, 15 base weight",3,"normal",160,10,,,
"Afternoon workout 💪","21 Jun 2026, 15:21","21 Jun 2026, 16:36","","Back Extension (Weighted Hyperextension)",,"",0,"warmup",,10,,,
"Afternoon workout 💪","21 Jun 2026, 15:21","21 Jun 2026, 16:36","","Back Extension (Weighted Hyperextension)",,"",1,"normal",25,12,,,
"Afternoon workout 💪","21 Jun 2026, 15:21","21 Jun 2026, 16:36","","Back Extension (Weighted Hyperextension)",,"",2,"normal",45,10,,,
"Afternoon workout 💪","21 Jun 2026, 15:21","21 Jun 2026, 16:36","","Standing Calf Raise (Machine)",,"/10 for volume deflation",0,"normal",7.5,12,,,
"Afternoon workout 💪","21 Jun 2026, 15:21","21 Jun 2026, 16:36","","Standing Calf Raise (Machine)",,"/10 for volume deflation",1,"normal",12,12,,,
"Afternoon workout 💪","21 Jun 2026, 15:21","21 Jun 2026, 16:36","","Standing Calf Raise (Machine)",,"/10 for volume deflation",2,"normal",12,12,,,
"Afternoon workout 💪","21 Jun 2026, 15:21","21 Jun 2026, 16:36","","Lying Leg Curl (Machine)",,"/10 for volume deflation",0,"normal",8,10,,,
"Afternoon workout 💪","21 Jun 2026, 15:21","21 Jun 2026, 16:36","","Lying Leg Curl (Machine)",,"/10 for volume deflation",1,"normal",11.5,10,,,
"Afternoon workout 💪","21 Jun 2026, 15:21","21 Jun 2026, 16:36","","Lying Leg Curl (Machine)",,"/10 for volume deflation",2,"normal",12,10,,,
"Doom scroll and machines","18 Jun 2026, 21:02","18 Jun 2026, 21:59","","Iso-Lateral Chest Press (Machine)",,"",0,"normal",90,10,,,
"Doom scroll and machines","18 Jun 2026, 21:02","18 Jun 2026, 21:59","","Iso-Lateral Chest Press (Machine)",,"",1,"normal",90,10,,,
"Doom scroll and machines","18 Jun 2026, 21:02","18 Jun 2026, 21:59","","Iso-Lateral Chest Press (Machine)",,"",2,"normal",90,10,,,
"Doom scroll and machines","18 Jun 2026, 21:02","18 Jun 2026, 21:59","","Iso-Lateral Chest Press (Machine)",,"",3,"normal",90,10,,,
"Doom scroll and machines","18 Jun 2026, 21:02","18 Jun 2026, 21:59","","Iso-Lateral Row (Machine)",,"",0,"warmup",90,12,,,
"Doom scroll and machines","18 Jun 2026, 21:02","18 Jun 2026, 21:59","","Iso-Lateral Row (Machine)",,"",1,"normal",160,8,,,
"Doom scroll and machines","18 Jun 2026, 21:02","18 Jun 2026, 21:59","","Iso-Lateral Row (Machine)",,"",2,"normal",160,12,,,
"Doom scroll and machines","18 Jun 2026, 21:02","18 Jun 2026, 21:59","","Iso-Lateral Row (Machine)",,"",3,"normal",160,9,,,
"Doom scroll and machines","18 Jun 2026, 21:02","18 Jun 2026, 21:59","","Shoulder Press (Dumbbell)",,"",0,"normal",60,12,,,
"Doom scroll and machines","18 Jun 2026, 21:02","18 Jun 2026, 21:59","","Shoulder Press (Dumbbell)",,"",1,"normal",80,12,,,
"Doom scroll and machines","18 Jun 2026, 21:02","18 Jun 2026, 21:59","","Shoulder Press (Dumbbell)",,"",2,"normal",80,12,,,
"Doom scroll and machines","18 Jun 2026, 21:02","18 Jun 2026, 21:59","","Shoulder Press (Dumbbell)",,"",3,"normal",80,9,,,
"Doom scroll and machines","18 Jun 2026, 21:02","18 Jun 2026, 21:59","","Lat Pulldown (Cable)",,"",0,"normal",100,10,,,
"Doom scroll and machines","18 Jun 2026, 21:02","18 Jun 2026, 21:59","","Lat Pulldown (Cable)",,"",1,"normal",120,10,,,
"Doom scroll and machines","18 Jun 2026, 21:02","18 Jun 2026, 21:59","","Lat Pulldown (Cable)",,"",2,"normal",120,11,,,
"Doom scroll and machines","18 Jun 2026, 21:02","18 Jun 2026, 21:59","","Lat Pulldown (Cable)",,"",3,"normal",120,10,,,
"Light leg stuff","1 Jun 2026, 20:23","1 Jun 2026, 20:59","","Hip Abduction (Machine)",,"",0,"normal",12,15,,,
"Light leg stuff","1 Jun 2026, 20:23","1 Jun 2026, 20:59","","Hip Abduction (Machine)",,"",1,"normal",12,15,,,
"Light leg stuff","1 Jun 2026, 20:23","1 Jun 2026, 20:59","","Hip Abduction (Machine)",,"",2,"normal",13,15,,,
"Light leg stuff","1 Jun 2026, 20:23","1 Jun 2026, 20:59","","Hip Abduction (Machine)",,"",3,"normal",14,15,,,
"Light leg stuff","1 Jun 2026, 20:23","1 Jun 2026, 20:59","","Reverse Hyperextension",,"",0,"normal",25,24,,,
"Light leg stuff","1 Jun 2026, 20:23","1 Jun 2026, 20:59","","Reverse Hyperextension",,"",1,"normal",25,24,,,
"Light leg stuff","1 Jun 2026, 20:23","1 Jun 2026, 20:59","","Reverse Hyperextension",,"",2,"normal",35,24,,,
"Light leg stuff","1 Jun 2026, 20:23","1 Jun 2026, 20:59","","Reverse Hyperextension",,"",3,"normal",35,24,,,
"Light leg stuff","1 Jun 2026, 20:23","1 Jun 2026, 20:59","","Hip Adduction (Machine)",,"",0,"normal",10,10,,,
"Light leg stuff","1 Jun 2026, 20:23","1 Jun 2026, 20:59","","Hip Adduction (Machine)",,"",1,"normal",12,12,,,
"Light leg stuff","1 Jun 2026, 20:23","1 Jun 2026, 20:59","","Hip Adduction (Machine)",,"",2,"normal",12,12,,,
"Quick Greenpoint","28 May 2026, 09:57","28 May 2026, 10:32","They reorganized the gym a lot","Lat Pulldown (Cable)",,"",0,"normal",104,10,,,
"Quick Greenpoint","28 May 2026, 09:57","28 May 2026, 10:32","They reorganized the gym a lot","Lat Pulldown (Cable)",,"",1,"normal",110,10,,,
"Quick Greenpoint","28 May 2026, 09:57","28 May 2026, 10:32","They reorganized the gym a lot","Lat Pulldown (Cable)",,"",2,"normal",110,10,,,
"Quick Greenpoint","28 May 2026, 09:57","28 May 2026, 10:32","They reorganized the gym a lot","Lat Pulldown (Cable)",,"",3,"normal",121,10,,,
"Quick Greenpoint","28 May 2026, 09:57","28 May 2026, 10:32","They reorganized the gym a lot","Lat Pulldown (Cable)",,"",4,"normal",121,10,,,
"Quick Greenpoint","28 May 2026, 09:57","28 May 2026, 10:32","They reorganized the gym a lot","Incline Chest Press (Machine)",,"Weird greenpoint crunch machine, didnt like it, switched to a diff one after first set. Also dislike the second one but it was a little better",0,"normal",90,10,,,
"Quick Greenpoint","28 May 2026, 09:57","28 May 2026, 10:32","They reorganized the gym a lot","Incline Chest Press (Machine)",,"Weird greenpoint crunch machine, didnt like it, switched to a diff one after first set. Also dislike the second one but it was a little better",1,"normal",90,10,,,
"Quick Greenpoint","28 May 2026, 09:57","28 May 2026, 10:32","They reorganized the gym a lot","Incline Chest Press (Machine)",,"Weird greenpoint crunch machine, didnt like it, switched to a diff one after first set. Also dislike the second one but it was a little better",2,"normal",100,10,,,
"Quick Greenpoint","28 May 2026, 09:57","28 May 2026, 10:32","They reorganized the gym a lot","Incline Chest Press (Machine)",,"Weird greenpoint crunch machine, didnt like it, switched to a diff one after first set. Also dislike the second one but it was a little better",3,"normal",100,10,,,
"Quick Greenpoint","28 May 2026, 09:57","28 May 2026, 10:32","They reorganized the gym a lot","Incline Chest Press (Machine)",,"Weird greenpoint crunch machine, didnt like it, switched to a diff one after first set. Also dislike the second one but it was a little better",4,"normal",110,10,,,
"Quick Greenpoint","28 May 2026, 09:57","28 May 2026, 10:32","They reorganized the gym a lot","Hip Abduction (Machine)",,"",0,"normal",11,15,,,
"Quick Greenpoint","28 May 2026, 09:57","28 May 2026, 10:32","They reorganized the gym a lot","Hip Abduction (Machine)",,"",1,"normal",12,15,,,
"Quick Greenpoint","28 May 2026, 09:57","28 May 2026, 10:32","They reorganized the gym a lot","Hip Abduction (Machine)",,"",2,"normal",13,15,,,
"Afternoon workout 💪","24 May 2026, 15:28","24 May 2026, 16:13","","Seated Cable Row - V Grip (Cable)",0,"",0,"normal",99,12,,,
"Afternoon workout 💪","24 May 2026, 15:28","24 May 2026, 16:13","","Seated Cable Row - V Grip (Cable)",0,"",1,"normal",110,12,,,
"Afternoon workout 💪","24 May 2026, 15:28","24 May 2026, 16:13","","Seated Cable Row - V Grip (Cable)",0,"",2,"normal",121,12,,,
"Afternoon workout 💪","24 May 2026, 15:28","24 May 2026, 16:13","","Seated Cable Row - V Grip (Cable)",0,"",3,"normal",121,12,,,
"Afternoon workout 💪","24 May 2026, 15:28","24 May 2026, 16:13","","Deadlift (Band)",0,"",0,"normal",99,12,,,
"Afternoon workout 💪","24 May 2026, 15:28","24 May 2026, 16:13","","Deadlift (Band)",0,"",1,"normal",110,12,,,
"Afternoon workout 💪","24 May 2026, 15:28","24 May 2026, 16:13","","Deadlift (Band)",0,"",2,"normal",121,12,,,
"Afternoon workout 💪","24 May 2026, 15:28","24 May 2026, 16:13","","Deadlift (Band)",0,"",3,"normal",121,12,,,
"Afternoon workout 💪","24 May 2026, 15:28","24 May 2026, 16:13","","Iso-Lateral Chest Press (Machine)",,"",0,"normal",90,10,,,
"Afternoon workout 💪","24 May 2026, 15:28","24 May 2026, 16:13","","Iso-Lateral Chest Press (Machine)",,"",1,"normal",90,10,,,
"Afternoon workout 💪","24 May 2026, 15:28","24 May 2026, 16:13","","Iso-Lateral Chest Press (Machine)",,"",2,"normal",90,10,,,
"Afternoon workout 💪","24 May 2026, 15:28","24 May 2026, 16:13","","Iso-Lateral Chest Press (Machine)",,"",3,"normal",90,10,,,
"Afternoon workout 💪","24 May 2026, 15:28","24 May 2026, 16:13","","Shoulder Press (Dumbbell)",,"Slight incline, like 80 degrees",0,"normal",60,10,,,
"Afternoon workout 💪","24 May 2026, 15:28","24 May 2026, 16:13","","Shoulder Press (Dumbbell)",,"Slight incline, like 80 degrees",1,"normal",60,10,,,
"Afternoon workout 💪","24 May 2026, 15:28","24 May 2026, 16:13","","Shoulder Press (Dumbbell)",,"Slight incline, like 80 degrees",2,"normal",60,12,,,
"Afternoon workout 💪","24 May 2026, 15:28","24 May 2026, 16:13","","Lateral Raise (Dumbbell)",,"",0,"normal",30,8,,,
"Afternoon workout 💪","24 May 2026, 15:28","24 May 2026, 16:13","","Lateral Raise (Dumbbell)",,"",1,"normal",30,10,,,
"Afternoon workout 💪","24 May 2026, 15:28","24 May 2026, 16:13","","Lateral Raise (Dumbbell)",,"",2,"normal",30,12,,,
"Evening workout 🏋️","22 May 2026, 19:15","22 May 2026, 20:01","Haven’t done cleans in a long time. From felt good tried keeping my feet a little wider apart than normal","Power Clean",,"Maybe dont superset with dead hangs next time",0,"warmup",65,10,,,
"Evening workout 🏋️","22 May 2026, 19:15","22 May 2026, 20:01","Haven’t done cleans in a long time. From felt good tried keeping my feet a little wider apart than normal","Power Clean",,"Maybe dont superset with dead hangs next time",1,"normal",115,5,,,
"Evening workout 🏋️","22 May 2026, 19:15","22 May 2026, 20:01","Haven’t done cleans in a long time. From felt good tried keeping my feet a little wider apart than normal","Power Clean",,"Maybe dont superset with dead hangs next time",2,"normal",115,5,,,
"Evening workout 🏋️","22 May 2026, 19:15","22 May 2026, 20:01","Haven’t done cleans in a long time. From felt good tried keeping my feet a little wider apart than normal","Power Clean",,"Maybe dont superset with dead hangs next time",3,"normal",115,5,,,
"Evening workout 🏋️","22 May 2026, 19:15","22 May 2026, 20:01","Haven’t done cleans in a long time. From felt good tried keeping my feet a little wider apart than normal","Power Clean",,"Maybe dont superset with dead hangs next time",4,"normal",135,5,,,
"Evening workout 🏋️","22 May 2026, 19:15","22 May 2026, 20:01","Haven’t done cleans in a long time. From felt good tried keeping my feet a little wider apart than normal","Power Clean",,"Maybe dont superset with dead hangs next time",5,"normal",135,5,,,
"Evening workout 🏋️","22 May 2026, 19:15","22 May 2026, 20:01","Haven’t done cleans in a long time. From felt good tried keeping my feet a little wider apart than normal","Dead Hang",,"",0,"normal",,,,24,
"Evening workout 🏋️","22 May 2026, 19:15","22 May 2026, 20:01","Haven’t done cleans in a long time. From felt good tried keeping my feet a little wider apart than normal","Dead Hang",,"",1,"normal",,,,23,
"Evening workout 🏋️","22 May 2026, 19:15","22 May 2026, 20:01","Haven’t done cleans in a long time. From felt good tried keeping my feet a little wider apart than normal","Dead Hang",,"",2,"normal",,,,22,
"Evening workout 🏋️","22 May 2026, 19:15","22 May 2026, 20:01","Haven’t done cleans in a long time. From felt good tried keeping my feet a little wider apart than normal","Dead Hang",,"",3,"normal",,,,15,
"Evening workout 🏋️","22 May 2026, 19:15","22 May 2026, 20:01","Haven’t done cleans in a long time. From felt good tried keeping my feet a little wider apart than normal","Dead Hang",,"",4,"normal",,,,19,
"Evening workout 🏋️","22 May 2026, 19:15","22 May 2026, 20:01","Haven’t done cleans in a long time. From felt good tried keeping my feet a little wider apart than normal","Reverse Hyperextension",,"Focusing on left amrap then right",0,"normal",25,20,,,
"Evening workout 🏋️","22 May 2026, 19:15","22 May 2026, 20:01","Haven’t done cleans in a long time. From felt good tried keeping my feet a little wider apart than normal","Reverse Hyperextension",,"Focusing on left amrap then right",1,"normal",30,20,,,
"Evening workout 🏋️","22 May 2026, 19:15","22 May 2026, 20:01","Haven’t done cleans in a long time. From felt good tried keeping my feet a little wider apart than normal","Reverse Hyperextension",,"Focusing on left amrap then right",2,"normal",30,24,,,
"Evening workout 🏋️","22 May 2026, 19:15","22 May 2026, 20:01","Haven’t done cleans in a long time. From felt good tried keeping my feet a little wider apart than normal","Hip Abduction (Machine)",,"",0,"normal",11,15,,,
"Evening workout 🏋️","22 May 2026, 19:15","22 May 2026, 20:01","Haven’t done cleans in a long time. From felt good tried keeping my feet a little wider apart than normal","Hip Abduction (Machine)",,"",1,"normal",12,15,,,
"Evening workout 🏋️","22 May 2026, 19:15","22 May 2026, 20:01","Haven’t done cleans in a long time. From felt good tried keeping my feet a little wider apart than normal","Hip Abduction (Machine)",,"",2,"normal",12,15,,,
"Just some machines","19 May 2026, 18:29","19 May 2026, 18:54","","Seated Cable Row - V Grip (Cable)",,"",0,"normal",99,10,,,
"Just some machines","19 May 2026, 18:29","19 May 2026, 18:54","","Seated Cable Row - V Grip (Cable)",,"",1,"normal",110,10,,,
"Just some machines","19 May 2026, 18:29","19 May 2026, 18:54","","Seated Cable Row - V Grip (Cable)",,"",2,"normal",121,10,,,
"Just some machines","19 May 2026, 18:29","19 May 2026, 18:54","","Seated Cable Row - V Grip (Cable)",,"",3,"normal",121,12,,,
"Just some machines","19 May 2026, 18:29","19 May 2026, 18:54","","Deadlift (Band)",,"",0,"normal",99,10,,,
"Just some machines","19 May 2026, 18:29","19 May 2026, 18:54","","Deadlift (Band)",,"",1,"normal",110,10,,,
"Just some machines","19 May 2026, 18:29","19 May 2026, 18:54","","Deadlift (Band)",,"",2,"normal",121,10,,,
"Just some machines","19 May 2026, 18:29","19 May 2026, 18:54","","Deadlift (Band)",,"",3,"normal",121,12,,,
"Just some machines","19 May 2026, 18:29","19 May 2026, 18:54","","Chest Press (Machine)",,"Hoist fidi",0,"normal",85,10,,,
"Just some machines","19 May 2026, 18:29","19 May 2026, 18:54","","Chest Press (Machine)",,"Hoist fidi",1,"normal",105,10,,,
"Just some machines","19 May 2026, 18:29","19 May 2026, 18:54","","Chest Press (Machine)",,"Hoist fidi",2,"normal",105,10,,,
"Just some machines","19 May 2026, 18:29","19 May 2026, 18:54","","Chest Press (Machine)",,"Hoist fidi",3,"normal",125,10,,,
"Active recovery","18 May 2026, 18:57","18 May 2026, 19:50","","Single Leg Standing Calf Raise",,"Tib raises too",0,"normal",,30,,,
"Active recovery","18 May 2026, 18:57","18 May 2026, 19:50","","Single Leg Standing Calf Raise",,"Tib raises too",1,"normal",,30,,,
"Active recovery","18 May 2026, 18:57","18 May 2026, 19:50","","Single Leg Standing Calf Raise",,"Tib raises too",2,"normal",,30,,,
"Active recovery","18 May 2026, 18:57","18 May 2026, 19:50","","Assisted Pistol Squats",,"Off a tall box",0,"normal",,10,,,
"Active recovery","18 May 2026, 18:57","18 May 2026, 19:50","","Assisted Pistol Squats",,"Off a tall box",1,"normal",,20,,,
"Active recovery","18 May 2026, 18:57","18 May 2026, 19:50","","Assisted Pistol Squats",,"Off a tall box",2,"normal",,20,,,
"Active recovery","18 May 2026, 18:57","18 May 2026, 19:50","","Single Leg Romanian Deadlift (Dumbbell)",,"",0,"normal",42.5,10,,,
"Active recovery","18 May 2026, 18:57","18 May 2026, 19:50","","Single Leg Romanian Deadlift (Dumbbell)",,"",1,"normal",42.5,16,,,
"Active recovery","18 May 2026, 18:57","18 May 2026, 19:50","","Single Leg Romanian Deadlift (Dumbbell)",,"",2,"normal",42.5,20,,,
"Active recovery","18 May 2026, 18:57","18 May 2026, 19:50","","Box Jump",,"Depth jumps after",0,"normal",,5,,,
"Active recovery","18 May 2026, 18:57","18 May 2026, 19:50","","Box Jump",,"Depth jumps after",1,"normal",,5,,,
"Active recovery","18 May 2026, 18:57","18 May 2026, 19:50","","Box Jump",,"Depth jumps after",2,"normal",,5,,,
"Active recovery","18 May 2026, 18:57","18 May 2026, 19:50","","Single Leg Hip Thrust",,"",0,"normal",,10,,,
"Active recovery","18 May 2026, 18:57","18 May 2026, 19:50","","Single Leg Hip Thrust",,"",1,"normal",,20,,,
"Active recovery","18 May 2026, 18:57","18 May 2026, 19:50","","Single Leg Hip Thrust",,"",2,"normal",,20,,,
"Active recovery","18 May 2026, 18:57","18 May 2026, 19:50","","Reverse Hyperextension",,"Addressing left glue weakness, focusing on left AMRAP then matching on the right",0,"normal",25,10,,,
"Active recovery","18 May 2026, 18:57","18 May 2026, 19:50","","Reverse Hyperextension",,"Addressing left glue weakness, focusing on left AMRAP then matching on the right",1,"normal",25,20,,,
"Active recovery","18 May 2026, 18:57","18 May 2026, 19:50","","Reverse Hyperextension",,"Addressing left glue weakness, focusing on left AMRAP then matching on the right",2,"normal",25,20,,,
"Active recovery","18 May 2026, 18:57","18 May 2026, 19:50","","Reverse Hyperextension",,"Addressing left glue weakness, focusing on left AMRAP then matching on the right",3,"normal",25,24,,,
"Quick post run","8 May 2026, 20:33","8 May 2026, 20:54","","Back Extension (Weighted Hyperextension)",,"Union sq bb machine",0,"normal",80,10,,,
"Quick post run","8 May 2026, 20:33","8 May 2026, 20:54","","Back Extension (Weighted Hyperextension)",,"Union sq bb machine",1,"normal",95,10,,,
"Quick post run","8 May 2026, 20:33","8 May 2026, 20:54","","Back Extension (Weighted Hyperextension)",,"Union sq bb machine",2,"normal",95,10,,,
"Quick post run","8 May 2026, 20:33","8 May 2026, 20:54","","Lat Pulldown (Cable)",,"",0,"normal",115,12,,,
"Quick post run","8 May 2026, 20:33","8 May 2026, 20:54","","Lat Pulldown (Cable)",,"",1,"normal",130,10,,,
"Quick post run","8 May 2026, 20:33","8 May 2026, 20:54","","Lat Pulldown (Cable)",,"",2,"normal",130,10,,,
"Quick post run","8 May 2026, 20:33","8 May 2026, 20:54","","Face Pull",,"",0,"normal",30,10,,,
"Quick post run","8 May 2026, 20:33","8 May 2026, 20:54","","Face Pull",,"",1,"normal",30,10,,,
"Quick post run","8 May 2026, 20:33","8 May 2026, 20:54","","Face Pull",,"",2,"normal",30,10,,,
"Quick post run","8 May 2026, 20:33","8 May 2026, 20:54","","Rope Straight Arm Pulldown",,"",0,"normal",30,10,,,
"Quick post run","8 May 2026, 20:33","8 May 2026, 20:54","","Rope Straight Arm Pulldown",,"",1,"normal",30,10,,,
"Quick post run","8 May 2026, 20:33","8 May 2026, 20:54","","Rope Straight Arm Pulldown",,"",2,"normal",30,10,,,
"Quick post run","8 May 2026, 20:33","8 May 2026, 20:54","","Triceps Rope Pushdown",,"",0,"normal",30,10,,,
"Quick post run","8 May 2026, 20:33","8 May 2026, 20:54","","Triceps Rope Pushdown",,"",1,"normal",30,10,,,
"Quick post run","8 May 2026, 20:33","8 May 2026, 20:54","","Triceps Rope Pushdown",,"",2,"normal",30,10,,,
"Too tired","5 May 2026, 19:50","5 May 2026, 20:33","Need to eat dinner before next time","Incline Bench Press (Barbell)",,"",0,"warmup",95,10,,,
"Too tired","5 May 2026, 19:50","5 May 2026, 20:33","Need to eat dinner before next time","Incline Bench Press (Barbell)",,"",1,"warmup",95,10,,,
"Too tired","5 May 2026, 19:50","5 May 2026, 20:33","Need to eat dinner before next time","Incline Bench Press (Barbell)",,"",2,"normal",135,5,,,
"Too tired","5 May 2026, 19:50","5 May 2026, 20:33","Need to eat dinner before next time","Incline Bench Press (Barbell)",,"",3,"normal",135,5,,,
"Too tired","5 May 2026, 19:50","5 May 2026, 20:33","Need to eat dinner before next time","Incline Bench Press (Barbell)",,"",4,"normal",135,5,,,
"Too tired","5 May 2026, 19:50","5 May 2026, 20:33","Need to eat dinner before next time","Lateral Raise (Dumbbell)",,"Incline bench",0,"normal",30,10,,,
"Too tired","5 May 2026, 19:50","5 May 2026, 20:33","Need to eat dinner before next time","Lateral Raise (Dumbbell)",,"Incline bench",1,"normal",30,10,,,
"Too tired","5 May 2026, 19:50","5 May 2026, 20:33","Need to eat dinner before next time","Lateral Raise (Dumbbell)",,"Incline bench",2,"normal",30,10,,,
"Too tired","5 May 2026, 19:50","5 May 2026, 20:33","Need to eat dinner before next time","Lateral Raise (Dumbbell)",,"Incline bench",3,"normal",30,10,,,
"Too tired","5 May 2026, 19:50","5 May 2026, 20:33","Need to eat dinner before next time","Lateral Raise (Dumbbell)",,"Incline bench",4,"normal",30,10,,,
"Too tired","5 May 2026, 19:50","5 May 2026, 20:33","Need to eat dinner before next time","Hip Thrust (Machine)",,"Booty builder with band, starting weight 15",0,"normal",105,10,,,
"Too tired","5 May 2026, 19:50","5 May 2026, 20:33","Need to eat dinner before next time","Hip Thrust (Machine)",,"Booty builder with band, starting weight 15",1,"normal",105,12,,,
"Too tired","5 May 2026, 19:50","5 May 2026, 20:33","Need to eat dinner before next time","Hip Thrust (Machine)",,"Booty builder with band, starting weight 15",2,"normal",105,15,,,
"Quick morning legs","28 Apr 2026, 08:57","28 Apr 2026, 09:15","So I don’t have to shower hah","Hip Abduction (Machine)",,"Hoist fidi",0,"normal",10,12,,,
"Quick morning legs","28 Apr 2026, 08:57","28 Apr 2026, 09:15","So I don’t have to shower hah","Hip Abduction (Machine)",,"Hoist fidi",1,"normal",11,12,,,
"Quick morning legs","28 Apr 2026, 08:57","28 Apr 2026, 09:15","So I don’t have to shower hah","Hip Abduction (Machine)",,"Hoist fidi",2,"normal",12,12,,,
"Quick morning legs","28 Apr 2026, 08:57","28 Apr 2026, 09:15","So I don’t have to shower hah","Lying Leg Curl (Machine)",,"",0,"normal",80,10,,,
"Quick morning legs","28 Apr 2026, 08:57","28 Apr 2026, 09:15","So I don’t have to shower hah","Lying Leg Curl (Machine)",,"",1,"normal",80,10,,,
"Quick morning legs","28 Apr 2026, 08:57","28 Apr 2026, 09:15","So I don’t have to shower hah","Lying Leg Curl (Machine)",,"",2,"normal",80,10,,,
"Quick morning legs","28 Apr 2026, 08:57","28 Apr 2026, 09:15","So I don’t have to shower hah","Leg Extension (Machine)",,"10 outward 10 straight",0,"normal",50,20,,,
"Quick morning legs","28 Apr 2026, 08:57","28 Apr 2026, 09:15","So I don’t have to shower hah","Leg Extension (Machine)",,"10 outward 10 straight",1,"normal",70,22,,,
"Quick morning legs","28 Apr 2026, 08:57","28 Apr 2026, 09:15","So I don’t have to shower hah","Leg Extension (Machine)",,"10 outward 10 straight",2,"normal",70,22,,,
"Quick upper","27 Apr 2026, 20:29","27 Apr 2026, 20:58","","Iso-Lateral Chest Press (Machine)",,"",0,"normal",90,8,,,
"Quick upper","27 Apr 2026, 20:29","27 Apr 2026, 20:58","","Iso-Lateral Chest Press (Machine)",,"",1,"normal",90,8,,,
"Quick upper","27 Apr 2026, 20:29","27 Apr 2026, 20:58","","Iso-Lateral Chest Press (Machine)",,"",2,"normal",90,10,,,
"Quick upper","27 Apr 2026, 20:29","27 Apr 2026, 20:58","","Iso-Lateral Chest Press (Machine)",,"",3,"normal",90,10,,,
"Quick upper","27 Apr 2026, 20:29","27 Apr 2026, 20:58","","Pendlay Row (Barbell)",,"EZ Curl just to stay activr",0,"warmup",65,12,,,
"Quick upper","27 Apr 2026, 20:29","27 Apr 2026, 20:58","","Pendlay Row (Barbell)",,"EZ Curl just to stay activr",1,"warmup",65,12,,,
"Quick upper","27 Apr 2026, 20:29","27 Apr 2026, 20:58","","Pendlay Row (Barbell)",,"EZ Curl just to stay activr",2,"warmup",65,12,,,
"Quick upper","27 Apr 2026, 20:29","27 Apr 2026, 20:58","","Pendlay Row (Barbell)",,"EZ Curl just to stay activr",3,"warmup",65,12,,,
"Quick upper","27 Apr 2026, 20:29","27 Apr 2026, 20:58","","Lat Pulldown (Cable)",,"Last two sets were hard",0,"normal",110,10,,,
"Quick upper","27 Apr 2026, 20:29","27 Apr 2026, 20:58","","Lat Pulldown (Cable)",,"Last two sets were hard",1,"normal",110,10,,,
"Quick upper","27 Apr 2026, 20:29","27 Apr 2026, 20:58","","Lat Pulldown (Cable)",,"Last two sets were hard",2,"normal",121,10,,,
"Quick upper","27 Apr 2026, 20:29","27 Apr 2026, 20:58","","Lat Pulldown (Cable)",,"Last two sets were hard",3,"normal",121,10,,,
"Quick upper","27 Apr 2026, 20:29","27 Apr 2026, 20:58","","Lateral Raise (Dumbbell)",,"One side each, kettlebell, 8kg",0,"normal",15,16,,,
"Quick upper","27 Apr 2026, 20:29","27 Apr 2026, 20:58","","Lateral Raise (Dumbbell)",,"One side each, kettlebell, 8kg",1,"normal",15,16,,,
"Quick upper","27 Apr 2026, 20:29","27 Apr 2026, 20:58","","Lateral Raise (Dumbbell)",,"One side each, kettlebell, 8kg",2,"normal",15,24,,,
"Morning quick","23 Apr 2026, 08:10","23 Apr 2026, 08:31","","Lat Pulldown (Cable)",,"",0,"warmup",99,8,,,
"Morning quick","23 Apr 2026, 08:10","23 Apr 2026, 08:31","","Lat Pulldown (Cable)",,"",1,"normal",110,10,,,
"Morning quick","23 Apr 2026, 08:10","23 Apr 2026, 08:31","","Lat Pulldown (Cable)",,"",2,"normal",110,10,,,
"Morning quick","23 Apr 2026, 08:10","23 Apr 2026, 08:31","","Lat Pulldown (Cable)",,"",3,"normal",110,10,,,
"Morning quick","23 Apr 2026, 08:10","23 Apr 2026, 08:31","","Kettlebell Around the World",,"10x ea side",0,"normal",42.5,10,,,
"Morning quick","23 Apr 2026, 08:10","23 Apr 2026, 08:31","","Kettlebell Around the World",,"10x ea side",1,"normal",42.5,10,,,
"Morning quick","23 Apr 2026, 08:10","23 Apr 2026, 08:31","","Kettlebell Around the World",,"10x ea side",2,"normal",42.5,10,,,
"Morning quick","23 Apr 2026, 08:10","23 Apr 2026, 08:31","","Single Leg Romanian Deadlift (Dumbbell)",,"",0,"normal",42.5,10,,,
"Morning quick","23 Apr 2026, 08:10","23 Apr 2026, 08:31","","Single Leg Romanian Deadlift (Dumbbell)",,"",1,"normal",42.5,10,,,
"Morning quick","23 Apr 2026, 08:10","23 Apr 2026, 08:31","","Single Leg Romanian Deadlift (Dumbbell)",,"",2,"normal",42.5,10,,,
"No ankle","14 Apr 2026, 07:48","14 Apr 2026, 08:51","","Elliptical Trainer",,"",0,"normal",,,1,705,
"No ankle","14 Apr 2026, 07:48","14 Apr 2026, 08:51","","Leg Extension (Machine)",,"Feet pointed, 10x straight, 10x outward, 10x inward",0,"normal",50,20,,,
"No ankle","14 Apr 2026, 07:48","14 Apr 2026, 08:51","","Leg Extension (Machine)",,"Feet pointed, 10x straight, 10x outward, 10x inward",1,"normal",50,30,,,
"No ankle","14 Apr 2026, 07:48","14 Apr 2026, 08:51","","Leg Extension (Machine)",,"Feet pointed, 10x straight, 10x outward, 10x inward",2,"normal",55,30,,,
"No ankle","14 Apr 2026, 07:48","14 Apr 2026, 08:51","","Leg Extension (Machine)",,"Feet pointed, 10x straight, 10x outward, 10x inward",3,"normal",60,30,,,
"No ankle","14 Apr 2026, 07:48","14 Apr 2026, 08:51","","Reverse Hyperextension",,"Focus on squeezing glute hams not back",0,"normal",50,10,,,
"No ankle","14 Apr 2026, 07:48","14 Apr 2026, 08:51","","Reverse Hyperextension",,"Focus on squeezing glute hams not back",1,"normal",50,10,,,
"No ankle","14 Apr 2026, 07:48","14 Apr 2026, 08:51","","Reverse Hyperextension",,"Focus on squeezing glute hams not back",2,"normal",50,10,,,
"No ankle","14 Apr 2026, 07:48","14 Apr 2026, 08:51","","Lying Leg Curl (Machine)",,"",0,"normal",80,10,,,
"No ankle","14 Apr 2026, 07:48","14 Apr 2026, 08:51","","Lying Leg Curl (Machine)",,"",1,"normal",80,10,,,
"No ankle","14 Apr 2026, 07:48","14 Apr 2026, 08:51","","Lying Leg Curl (Machine)",,"",2,"normal",80,10,,,
"No ankle","14 Apr 2026, 07:48","14 Apr 2026, 08:51","","Lat Pulldown (Cable)",,"Regular grip, scootch in",0,"normal",110,10,,,
"No ankle","14 Apr 2026, 07:48","14 Apr 2026, 08:51","","Lat Pulldown (Cable)",,"Regular grip, scootch in",1,"normal",121,10,,,
"No ankle","14 Apr 2026, 07:48","14 Apr 2026, 08:51","","Lat Pulldown (Cable)",,"Regular grip, scootch in",2,"normal",121,10,,,
"No ankle","14 Apr 2026, 07:48","14 Apr 2026, 08:51","","Hip Adduction (Machine)",,"Hoist fidi",0,"normal",10,10,,,
"No ankle","14 Apr 2026, 07:48","14 Apr 2026, 08:51","","Hip Adduction (Machine)",,"Hoist fidi",1,"normal",12,10,,,
"No ankle","14 Apr 2026, 07:48","14 Apr 2026, 08:51","","Hip Adduction (Machine)",,"Hoist fidi",2,"normal",12,10,,,
"Evening workout 🏋️","7 Apr 2026, 21:08","7 Apr 2026, 21:58","","Incline Bench Press (Dumbbell)",,"",0,"warmup",45,12,,,
"Evening workout 🏋️","7 Apr 2026, 21:08","7 Apr 2026, 21:58","","Incline Bench Press (Dumbbell)",,"",1,"warmup",45,12,,,
"Evening workout 🏋️","7 Apr 2026, 21:08","7 Apr 2026, 21:58","","Incline Bench Press (Dumbbell)",,"",2,"normal",95,10,,,
"Evening workout 🏋️","7 Apr 2026, 21:08","7 Apr 2026, 21:58","","Incline Bench Press (Dumbbell)",,"",3,"normal",135,6,,,
"Evening workout 🏋️","7 Apr 2026, 21:08","7 Apr 2026, 21:58","","Incline Bench Press (Dumbbell)",,"",4,"normal",135,7,,,
"Evening workout 🏋️","7 Apr 2026, 21:08","7 Apr 2026, 21:58","","Dead Hang",,"",0,"normal",,,,30,
"Evening workout 🏋️","7 Apr 2026, 21:08","7 Apr 2026, 21:58","","Dead Hang",,"",1,"normal",,,,30,
"Evening workout 🏋️","7 Apr 2026, 21:08","7 Apr 2026, 21:58","","Dead Hang",,"",2,"normal",,,,30,
"Evening workout 🏋️","7 Apr 2026, 21:08","7 Apr 2026, 21:58","","Dead Hang",,"",3,"normal",,,,30,
"Evening workout 🏋️","7 Apr 2026, 21:08","7 Apr 2026, 21:58","","T Bar Row",,"",0,"normal",5,10,,,
"Evening workout 🏋️","7 Apr 2026, 21:08","7 Apr 2026, 21:58","","T Bar Row",,"",1,"normal",45,10,,,
"Evening workout 🏋️","7 Apr 2026, 21:08","7 Apr 2026, 21:58","","T Bar Row",,"",2,"normal",70,8,,,
"Evening workout 🏋️","7 Apr 2026, 21:08","7 Apr 2026, 21:58","","T Bar Row",,"",3,"normal",70,8,,,
"Evening workout 🏋️","7 Apr 2026, 21:08","7 Apr 2026, 21:58","","T Bar Row",,"",4,"normal",70,10,,,
"Evening workout 🏋️","7 Apr 2026, 21:08","7 Apr 2026, 21:58","","Iso-Lateral Chest Press (Machine)",,"",0,"warmup",5,12,,,
"Evening workout 🏋️","7 Apr 2026, 21:08","7 Apr 2026, 21:58","","Iso-Lateral Chest Press (Machine)",,"",1,"normal",90,10,,,
"Evening workout 🏋️","7 Apr 2026, 21:08","7 Apr 2026, 21:58","","Iso-Lateral Chest Press (Machine)",,"",2,"normal",140,8,,,
"Evening workout 🏋️","7 Apr 2026, 21:08","7 Apr 2026, 21:58","","Iso-Lateral Chest Press (Machine)",,"",3,"normal",140,7,,,
"Evening workout 🏋️","7 Apr 2026, 21:08","7 Apr 2026, 21:58","","Hip Adduction (Machine)",,"Hoist 5b",0,"normal",10,10,,,
"Evening workout 🏋️","7 Apr 2026, 21:08","7 Apr 2026, 21:58","","Hip Adduction (Machine)",,"Hoist 5b",1,"normal",8,10,,,
"Evening workout 🏋️","7 Apr 2026, 21:08","7 Apr 2026, 21:58","","Hip Adduction (Machine)",,"Hoist 5b",2,"normal",8,10,,,
"Evening workout 🏋️","7 Apr 2026, 21:08","7 Apr 2026, 21:58","","Hip Abduction (Machine)",,"Hoist 5b",0,"normal",8,10,,,
"Evening workout 🏋️","7 Apr 2026, 21:08","7 Apr 2026, 21:58","","Hip Abduction (Machine)",,"Hoist 5b",1,"normal",9,10,,,
"Evening workout 🏋️","7 Apr 2026, 21:08","7 Apr 2026, 21:58","","Hip Abduction (Machine)",,"Hoist 5b",2,"normal",10,10,,,
"Evening workout 🏋️","2 Apr 2026, 18:42","2 Apr 2026, 20:24","","Climbing",,"",0,"normal",,,,6000,
"Evening workout 🏋️","1 Apr 2026, 19:22","1 Apr 2026, 20:26","","Leg Press (Machine)",,"",0,"normal",90,10,,,
"Evening workout 🏋️","1 Apr 2026, 19:22","1 Apr 2026, 20:26","","Squat (Barbell)",,"Chelsea location had a dedicated angle thingy which was nice",0,"warmup",45,10,,,
"Evening workout 🏋️","1 Apr 2026, 19:22","1 Apr 2026, 20:26","","Squat (Barbell)",,"Chelsea location had a dedicated angle thingy which was nice",1,"warmup",45,10,,,
"Evening workout 🏋️","1 Apr 2026, 19:22","1 Apr 2026, 20:26","","Squat (Barbell)",,"Chelsea location had a dedicated angle thingy which was nice",2,"normal",135,7,,,
"Evening workout 🏋️","1 Apr 2026, 19:22","1 Apr 2026, 20:26","","Squat (Barbell)",,"Chelsea location had a dedicated angle thingy which was nice",3,"normal",155,7,,,
"Evening workout 🏋️","1 Apr 2026, 19:22","1 Apr 2026, 20:26","","Squat (Barbell)",,"Chelsea location had a dedicated angle thingy which was nice",4,"normal",155,7,,,
"Evening workout 🏋️","1 Apr 2026, 19:22","1 Apr 2026, 20:26","","Squat (Barbell)",,"Chelsea location had a dedicated angle thingy which was nice",5,"normal",155,7,,,
"Evening workout 🏋️","1 Apr 2026, 19:22","1 Apr 2026, 20:26","","Deadlift (Barbell)",,"",0,"warmup",135,8,,,
"Evening workout 🏋️","1 Apr 2026, 19:22","1 Apr 2026, 20:26","","Deadlift (Barbell)",,"",1,"normal",185,8,,,
"Evening workout 🏋️","1 Apr 2026, 19:22","1 Apr 2026, 20:26","","Deadlift (Barbell)",,"",2,"normal",185,8,,,
"Evening workout 🏋️","1 Apr 2026, 19:22","1 Apr 2026, 20:26","","Air Bike",,"2.43mi",0,"normal",,,,568,
"So out of it","31 Mar 2026, 19:58","31 Mar 2026, 20:49","","Stretching",,"",0,"normal",,,,2320,
"So out of it","31 Mar 2026, 19:58","31 Mar 2026, 20:49","","Hip Abduction (Machine)",,"Hoist fidi",0,"normal",13,10,,,
"So out of it","31 Mar 2026, 19:58","31 Mar 2026, 20:49","","Hip Abduction (Machine)",,"Hoist fidi",1,"normal",13,10,,,
"So out of it","31 Mar 2026, 19:58","31 Mar 2026, 20:49","","Hip Abduction (Machine)",,"Hoist fidi",2,"normal",13,10,,,
"So out of it","31 Mar 2026, 19:58","31 Mar 2026, 20:49","","Hip Adduction (Machine)",,"Hoist fidi",0,"normal",12,10,,,
"So out of it","31 Mar 2026, 19:58","31 Mar 2026, 20:49","","Hip Adduction (Machine)",,"Hoist fidi",1,"normal",12,10,,,
"So out of it","31 Mar 2026, 19:58","31 Mar 2026, 20:49","","Hip Adduction (Machine)",,"Hoist fidi",2,"normal",12,10,,,
"Just getting some movement in","11 Mar 2026, 21:06","11 Mar 2026, 21:50","","Stretching",,"Light cardio to ease into things with muay thai kicks, boxing rythmn bag, box jumpe, and dead gangs",0,"normal",,,,1200,
"Just getting some movement in","11 Mar 2026, 21:06","11 Mar 2026, 21:50","","Iso-Lateral Low Row",,"",0,"warmup",90,10,,,
"Just getting some movement in","11 Mar 2026, 21:06","11 Mar 2026, 21:50","","Iso-Lateral Low Row",,"",1,"normal",140,10,,,
"Just getting some movement in","11 Mar 2026, 21:06","11 Mar 2026, 21:50","","Iso-Lateral Low Row",,"",2,"normal",140,10,,,
"Just getting some movement in","11 Mar 2026, 21:06","11 Mar 2026, 21:50","","Iso-Lateral Low Row",,"",3,"normal",140,10,,,
"Just getting some movement in","11 Mar 2026, 21:06","11 Mar 2026, 21:50","","Triceps Extension (Barbell)",,"Ezcurl",0,"dropset",40,10,,,
"Just getting some movement in","11 Mar 2026, 21:06","11 Mar 2026, 21:50","","Triceps Extension (Barbell)",,"Ezcurl",1,"dropset",40,10,,,
"Just getting some movement in","11 Mar 2026, 21:06","11 Mar 2026, 21:50","","Triceps Extension (Barbell)",,"Ezcurl",2,"dropset",40,10,,,
"Just getting some movement in","11 Mar 2026, 21:06","11 Mar 2026, 21:50","","Overhead Press (Barbell)",,"Ezcurl",0,"dropset",40,10,,,
"Just getting some movement in","11 Mar 2026, 21:06","11 Mar 2026, 21:50","","Overhead Press (Barbell)",,"Ezcurl",1,"dropset",40,10,,,
"Just getting some movement in","11 Mar 2026, 21:06","11 Mar 2026, 21:50","","Overhead Press (Barbell)",,"Ezcurl",2,"dropset",40,10,,,
"Evening workout 🏋️","10 Mar 2026, 20:35","10 Mar 2026, 21:34","","Single Leg Romanian Deadlift (Dumbbell)",,"",0,"normal",42.5,10,,,
"Evening workout 🏋️","10 Mar 2026, 20:35","10 Mar 2026, 21:34","","Single Leg Romanian Deadlift (Dumbbell)",,"",1,"normal",42.5,10,,,
"Evening workout 🏋️","10 Mar 2026, 20:35","10 Mar 2026, 21:34","","Single Leg Romanian Deadlift (Dumbbell)",,"",2,"normal",42.5,10,,,
"Evening workout 🏋️","10 Mar 2026, 20:35","10 Mar 2026, 21:34","","Dead Hang",,"",0,"normal",,,,30,
"Evening workout 🏋️","10 Mar 2026, 20:35","10 Mar 2026, 21:34","","Dead Hang",,"",1,"normal",,,,30,
"Evening workout 🏋️","10 Mar 2026, 20:35","10 Mar 2026, 21:34","","Dead Hang",,"",2,"normal",,,,30,
"Evening workout 🏋️","10 Mar 2026, 20:35","10 Mar 2026, 21:34","","Box Jump",,"",0,"normal",,5,,,
"Evening workout 🏋️","10 Mar 2026, 20:35","10 Mar 2026, 21:34","","Box Jump",,"",1,"normal",,5,,,
"Evening workout 🏋️","10 Mar 2026, 20:35","10 Mar 2026, 21:34","","Box Jump",,"",2,"normal",,5,,,
"Evening workout 🏋️","10 Mar 2026, 20:35","10 Mar 2026, 21:34","","Incline Chest Press (Machine)",,"Bo volume deflation",0,"warmup",80,15,,,
"Evening workout 🏋️","10 Mar 2026, 20:35","10 Mar 2026, 21:34","","Incline Chest Press (Machine)",,"Bo volume deflation",1,"normal",120,10,,,
"Evening workout 🏋️","10 Mar 2026, 20:35","10 Mar 2026, 21:34","","Incline Chest Press (Machine)",,"Bo volume deflation",2,"normal",120,10,,,
"Evening workout 🏋️","10 Mar 2026, 20:35","10 Mar 2026, 21:34","","Incline Chest Press (Machine)",,"Bo volume deflation",3,"normal",120,10,,,
"Evening workout 🏋️","10 Mar 2026, 20:35","10 Mar 2026, 21:34","","EZ Bar Biceps Curl",,"21’s",0,"normal",30,21,,,
"Evening workout 🏋️","10 Mar 2026, 20:35","10 Mar 2026, 21:34","","EZ Bar Biceps Curl",,"21’s",1,"normal",30,21,,,
"Evening workout 🏋️","10 Mar 2026, 20:35","10 Mar 2026, 21:34","","EZ Bar Biceps Curl",,"21’s",2,"normal",30,21,,,
"Evening workout 🏋️","10 Mar 2026, 20:35","10 Mar 2026, 21:34","","Hack Squat (Machine)",,"",0,"warmup",90,8,,,
"Evening workout 🏋️","10 Mar 2026, 20:35","10 Mar 2026, 21:34","","Hack Squat (Machine)",,"",1,"warmup",90,10,,,
"Evening workout 🏋️","10 Mar 2026, 20:35","10 Mar 2026, 21:34","","Hack Squat (Machine)",,"",2,"normal",180,8,,,
"Evening workout 🏋️","10 Mar 2026, 20:35","10 Mar 2026, 21:34","","Hack Squat (Machine)",,"",3,"normal",180,8,,,
"Quick Union sq","9 Mar 2026, 22:24","9 Mar 2026, 22:51","","Hip Abduction (Machine)",,"Lifefitness union square",0,"normal",13,15,,,
"Quick Union sq","9 Mar 2026, 22:24","9 Mar 2026, 22:51","","Hip Abduction (Machine)",,"Lifefitness union square",1,"normal",16,15,,,
"Quick Union sq","9 Mar 2026, 22:24","9 Mar 2026, 22:51","","Hip Abduction (Machine)",,"Lifefitness union square",2,"normal",16,15,,,
"Quick Union sq","9 Mar 2026, 22:24","9 Mar 2026, 22:51","","Hip Abduction (Machine)",,"Lifefitness union square",3,"normal",17.5,15,,,
"Quick Union sq","9 Mar 2026, 22:24","9 Mar 2026, 22:51","","Glute Kickback (Machine)",,"Glute coaster union square, weight /10",0,"normal",12,20,,,
"Quick Union sq","9 Mar 2026, 22:24","9 Mar 2026, 22:51","","Glute Kickback (Machine)",,"Glute coaster union square, weight /10",1,"normal",17,20,,,
"Quick Union sq","9 Mar 2026, 22:24","9 Mar 2026, 22:51","","Glute Kickback (Machine)",,"Glute coaster union square, weight /10",2,"normal",20,20,,,
"Quick Union sq","9 Mar 2026, 22:24","9 Mar 2026, 22:51","","Glute Kickback (Machine)",,"Glute coaster union square, weight /10",3,"normal",20,20,,,
"Quick Union sq","9 Mar 2026, 22:24","9 Mar 2026, 22:51","","Back Extension (Weighted Hyperextension)",,"Union sq booty builder machine. Really nice",0,"normal",35,10,,,
"Quick Union sq","9 Mar 2026, 22:24","9 Mar 2026, 22:51","","Back Extension (Weighted Hyperextension)",,"Union sq booty builder machine. Really nice",1,"normal",80,12,,,
"Quick Union sq","9 Mar 2026, 22:24","9 Mar 2026, 22:51","","Back Extension (Weighted Hyperextension)",,"Union sq booty builder machine. Really nice",2,"normal",80,15,,,
"Quick Union sq","9 Mar 2026, 22:24","9 Mar 2026, 22:51","","Lat Pulldown (Cable)",,"Maggrip, scootch in and feel stretch first",0,"normal",105,10,,,
"Quick Union sq","9 Mar 2026, 22:24","9 Mar 2026, 22:51","","Lat Pulldown (Cable)",,"Maggrip, scootch in and feel stretch first",1,"normal",120,10,,,
"Quick Union sq","9 Mar 2026, 22:24","9 Mar 2026, 22:51","","Lat Pulldown (Cable)",,"Maggrip, scootch in and feel stretch first",2,"normal",120,10,,,
"Evening workout 🏋️","4 Mar 2026, 21:09","4 Mar 2026, 21:49","","Squat (Barbell)",,"Put 2.5’s under my heels maybe i shkuld go back to squat shoes",0,"warmup",45,10,,,
"Evening workout 🏋️","4 Mar 2026, 21:09","4 Mar 2026, 21:49","","Squat (Barbell)",,"Put 2.5’s under my heels maybe i shkuld go back to squat shoes",1,"normal",135,5,,,
"Evening workout 🏋️","4 Mar 2026, 21:09","4 Mar 2026, 21:49","","Squat (Barbell)",,"Put 2.5’s under my heels maybe i shkuld go back to squat shoes",2,"normal",185,5,,,
"Evening workout 🏋️","4 Mar 2026, 21:09","4 Mar 2026, 21:49","","Squat (Barbell)",,"Put 2.5’s under my heels maybe i shkuld go back to squat shoes",3,"normal",205,5,,,
"Evening workout 🏋️","4 Mar 2026, 21:09","4 Mar 2026, 21:49","","Squat (Barbell)",,"Put 2.5’s under my heels maybe i shkuld go back to squat shoes",4,"normal",205,5,,,
"Evening workout 🏋️","4 Mar 2026, 21:09","4 Mar 2026, 21:49","","Hip Abduction (Machine)",,"",0,"normal",10,10,,,
"Evening workout 🏋️","4 Mar 2026, 21:09","4 Mar 2026, 21:49","","Hip Abduction (Machine)",,"",1,"normal",13,10,,,
"Evening workout 🏋️","4 Mar 2026, 21:09","4 Mar 2026, 21:49","","Hip Abduction (Machine)",,"",2,"normal",15,10,,,
"Evening workout 🏋️","4 Mar 2026, 21:09","4 Mar 2026, 21:49","","Hip Abduction (Machine)",,"",3,"normal",16,10,,,
"Light","2 Mar 2026, 19:17","2 Mar 2026, 20:09","","Single Leg Standing Calf Raise",,"",0,"normal",,30,,,
"Light","2 Mar 2026, 19:17","2 Mar 2026, 20:09","","Single Leg Standing Calf Raise",,"",1,"normal",,30,,,
"Light","2 Mar 2026, 19:17","2 Mar 2026, 20:09","","Single Leg Standing Calf Raise",,"",2,"normal",,20,,,
"Light","2 Mar 2026, 19:17","2 Mar 2026, 20:09","","Single Leg Romanian Deadlift (Dumbbell)",,"",0,"normal",42.5,10,,,
"Light","2 Mar 2026, 19:17","2 Mar 2026, 20:09","","Single Leg Romanian Deadlift (Dumbbell)",,"",1,"normal",42.5,10,,,
"Light","2 Mar 2026, 19:17","2 Mar 2026, 20:09","","Single Leg Romanian Deadlift (Dumbbell)",,"",2,"normal",42.5,10,,,
"Light","2 Mar 2026, 19:17","2 Mar 2026, 20:09","","Kettlebell Goblet Squat",,"",0,"normal",42.5,8,,,
"Light","2 Mar 2026, 19:17","2 Mar 2026, 20:09","","Kettlebell Goblet Squat",,"",1,"normal",42.5,10,,,
"Light","2 Mar 2026, 19:17","2 Mar 2026, 20:09","","Kettlebell Goblet Squat",,"",2,"normal",42.5,10,,,
"Light","2 Mar 2026, 19:17","2 Mar 2026, 20:09","","Kettlebell Around the World",,"",0,"normal",42.5,10,,,
"Light","2 Mar 2026, 19:17","2 Mar 2026, 20:09","","Kettlebell Around the World",,"",1,"normal",42.5,10,,,
"Light","2 Mar 2026, 19:17","2 Mar 2026, 20:09","","Kettlebell Around the World",,"",2,"normal",42.5,10,,,
"Light","2 Mar 2026, 19:17","2 Mar 2026, 20:09","","Clamshell",,"90/90’s",0,"warmup",,10,,,
"Light","2 Mar 2026, 19:17","2 Mar 2026, 20:09","","Clamshell",,"90/90’s",1,"normal",,20,,,
"Light","2 Mar 2026, 19:17","2 Mar 2026, 20:09","","Clamshell",,"90/90’s",2,"normal",,20,,,
"Light","2 Mar 2026, 19:17","2 Mar 2026, 20:09","","Flutter Kicks",,"",0,"normal",,30,,,
"Light","2 Mar 2026, 19:17","2 Mar 2026, 20:09","","Flutter Kicks",,"",1,"normal",,30,,,
"Light","2 Mar 2026, 19:17","2 Mar 2026, 20:09","","Crunch",,"Bicylce",0,"normal",,20,,,
"Light","2 Mar 2026, 19:17","2 Mar 2026, 20:09","","Crunch",,"Bicylce",1,"normal",,20,,,
"Light","2 Mar 2026, 19:17","2 Mar 2026, 20:09","","Incline Chest Press (Machine)",,"/2 volume deflation",0,"warmup",40,10,,,
"Light","2 Mar 2026, 19:17","2 Mar 2026, 20:09","","Incline Chest Press (Machine)",,"/2 volume deflation",1,"normal",50,10,,,
"Light","2 Mar 2026, 19:17","2 Mar 2026, 20:09","","Incline Chest Press (Machine)",,"/2 volume deflation",2,"normal",50,12,,,
"Light","2 Mar 2026, 19:17","2 Mar 2026, 20:09","","Incline Chest Press (Machine)",,"/2 volume deflation",3,"normal",60,12,,,
"Light","2 Mar 2026, 19:17","2 Mar 2026, 20:09","","Lat Pulldown (Cable)",,"regular wide grip remember to scootch up to feel stretch before going",0,"normal",99,10,,,
"Light","2 Mar 2026, 19:17","2 Mar 2026, 20:09","","Lat Pulldown (Cable)",,"regular wide grip remember to scootch up to feel stretch before going",1,"normal",110,10,,,
"Light","2 Mar 2026, 19:17","2 Mar 2026, 20:09","","Lat Pulldown (Cable)",,"regular wide grip remember to scootch up to feel stretch before going",2,"normal",110,10,,,
"Morning workout ☀️","27 Feb 2026, 09:13","27 Feb 2026, 09:47","","Incline Bench Press (Dumbbell)",,"",0,"normal",110,10,,,
"Morning workout ☀️","27 Feb 2026, 09:13","27 Feb 2026, 09:47","","Incline Bench Press (Dumbbell)",,"",1,"normal",110,10,,,
"Morning workout ☀️","27 Feb 2026, 09:13","27 Feb 2026, 09:47","","Incline Bench Press (Dumbbell)",,"",2,"normal",110,10,,,
"Morning workout ☀️","27 Feb 2026, 09:13","27 Feb 2026, 09:47","","Lateral Raise (Dumbbell)",,"",0,"normal",30,8,,,
"Morning workout ☀️","27 Feb 2026, 09:13","27 Feb 2026, 09:47","","Lateral Raise (Dumbbell)",,"",1,"normal",30,8,,,
"Morning workout ☀️","27 Feb 2026, 09:13","27 Feb 2026, 09:47","","Lateral Raise (Dumbbell)",,"",2,"normal",30,8,,,
"Back at crunch, forgot clothes","26 Feb 2026, 07:24","26 Feb 2026, 08:38","","Stair Machine (Steps)",,"",0,"normal",,,,365,
"Back at crunch, forgot clothes","26 Feb 2026, 07:24","26 Feb 2026, 08:38","","Iso-Lateral Chest Press (Machine)",,"",0,"normal",97,5,,,
"Back at crunch, forgot clothes","26 Feb 2026, 07:24","26 Feb 2026, 08:38","","Iso-Lateral Chest Press (Machine)",,"",1,"normal",97,8,,,
"Back at crunch, forgot clothes","26 Feb 2026, 07:24","26 Feb 2026, 08:38","","Iso-Lateral Chest Press (Machine)",,"",2,"normal",97,10,,,
"Back at crunch, forgot clothes","26 Feb 2026, 07:24","26 Feb 2026, 08:38","","Iso-Lateral Chest Press (Machine)",,"",3,"normal",117,8,,,
"Back at crunch, forgot clothes","26 Feb 2026, 07:24","26 Feb 2026, 08:38","","Squat (Barbell)",,"Hit good depth",0,"warmup",45,10,,,
"Back at crunch, forgot clothes","26 Feb 2026, 07:24","26 Feb 2026, 08:38","","Squat (Barbell)",,"Hit good depth",1,"normal",135,6,,,
"Back at crunch, forgot clothes","26 Feb 2026, 07:24","26 Feb 2026, 08:38","","Squat (Barbell)",,"Hit good depth",2,"normal",135,6,,,
"Back at crunch, forgot clothes","26 Feb 2026, 07:24","26 Feb 2026, 08:38","","Squat (Barbell)",,"Hit good depth",3,"normal",185,6,,,
"Back at crunch, forgot clothes","26 Feb 2026, 07:24","26 Feb 2026, 08:38","","Squat (Barbell)",,"Hit good depth",4,"normal",185,6,,,
"Back at crunch, forgot clothes","26 Feb 2026, 07:24","26 Feb 2026, 08:38","","Box Jump",,"24in crunch",0,"normal",,5,,,
"Back at crunch, forgot clothes","26 Feb 2026, 07:24","26 Feb 2026, 08:38","","Box Jump",,"24in crunch",1,"normal",,5,,,
"Back at crunch, forgot clothes","26 Feb 2026, 07:24","26 Feb 2026, 08:38","","Box Jump",,"24in crunch",2,"normal",,5,,,
"Back at crunch, forgot clothes","26 Feb 2026, 07:24","26 Feb 2026, 08:38","","Box Jump",,"24in crunch",3,"normal",,5,,,
"Back at crunch, forgot clothes","26 Feb 2026, 07:24","26 Feb 2026, 08:38","","Chin Up",,"Hammer grip",0,"normal",,2,,,
"Back at crunch, forgot clothes","26 Feb 2026, 07:24","26 Feb 2026, 08:38","","Chin Up",,"Hammer grip",1,"normal",,2,,,
"Back at crunch, forgot clothes","26 Feb 2026, 07:24","26 Feb 2026, 08:38","","Chin Up",,"Hammer grip",2,"normal",,2,,,
"Back at crunch, forgot clothes","26 Feb 2026, 07:24","26 Feb 2026, 08:38","","Stretching",,"Step down",0,"normal",,,,1130,
"Slow","19 Feb 2026, 07:58","19 Feb 2026, 08:41","","Stair Machine (Steps)",,"",0,"normal",,,,303,
"Slow","19 Feb 2026, 07:58","19 Feb 2026, 08:41","","Incline Bench Press (Dumbbell)",,"",0,"normal",110,10,,,
"Slow","19 Feb 2026, 07:58","19 Feb 2026, 08:41","","Incline Bench Press (Dumbbell)",,"",1,"normal",110,10,,,
"Slow","19 Feb 2026, 07:58","19 Feb 2026, 08:41","","Incline Bench Press (Dumbbell)",,"",2,"normal",110,10,,,
"Slow","19 Feb 2026, 07:58","19 Feb 2026, 08:41","","Lateral Raise (Dumbbell)",,"",0,"normal",25,10,,,
"Slow","19 Feb 2026, 07:58","19 Feb 2026, 08:41","","Lateral Raise (Dumbbell)",,"",1,"normal",25,10,,,
"Slow","19 Feb 2026, 07:58","19 Feb 2026, 08:41","","Lateral Raise (Dumbbell)",,"",2,"normal",25,10,,,
"Slow","19 Feb 2026, 07:58","19 Feb 2026, 08:41","","Lat Pulldown (Cable)",,"shoulder width mag grips",0,"normal",100,10,,,
"Slow","19 Feb 2026, 07:58","19 Feb 2026, 08:41","","Lat Pulldown (Cable)",,"shoulder width mag grips",1,"normal",130,10,,,
"Slow","19 Feb 2026, 07:58","19 Feb 2026, 08:41","","Lat Pulldown (Cable)",,"shoulder width mag grips",2,"normal",130,10,,,
"Stretching","18 Feb 2026, 07:10","18 Feb 2026, 08:01","","Stair Machine (Steps)",,"",0,"normal",,,,300,
"Stretching","18 Feb 2026, 07:10","18 Feb 2026, 08:01","","Band Pullaparts",,"",0,"normal",,20,,,
"Stretching","18 Feb 2026, 07:10","18 Feb 2026, 08:01","","Band Pullaparts",,"",1,"normal",,20,,,
"Stretching","18 Feb 2026, 07:10","18 Feb 2026, 08:01","","Band Pullaparts",,"",2,"normal",,20,,,
"Stretching","18 Feb 2026, 07:10","18 Feb 2026, 08:01","","Dead Hang",,"Vital back section",0,"normal",,,,15,
"Stretching","18 Feb 2026, 07:10","18 Feb 2026, 08:01","","Dead Hang",,"Vital back section",1,"normal",,,,30,
"Stretching","18 Feb 2026, 07:10","18 Feb 2026, 08:01","","Dead Hang",,"Vital back section",2,"normal",,,,30,
"Stretching","18 Feb 2026, 07:10","18 Feb 2026, 08:01","","Stretching",,"",0,"normal",,,,526,
"Stretching","18 Feb 2026, 07:10","18 Feb 2026, 08:01","","Kettlebell Goblet Squat",,"",0,"normal",53,10,,,
"Stretching","18 Feb 2026, 07:10","18 Feb 2026, 08:01","","Kettlebell Goblet Squat",,"",1,"normal",53,10,,,
"Stretching","18 Feb 2026, 07:10","18 Feb 2026, 08:01","","Kettlebell Goblet Squat",,"",2,"normal",53,10,,,
"Stretching","18 Feb 2026, 07:10","18 Feb 2026, 08:01","","Single Leg Romanian Deadlift (Dumbbell)",,"",0,"normal",53,10,,,
"Stretching","18 Feb 2026, 07:10","18 Feb 2026, 08:01","","Single Leg Romanian Deadlift (Dumbbell)",,"",1,"normal",53,10,,,
"Stretching","18 Feb 2026, 07:10","18 Feb 2026, 08:01","","Single Leg Romanian Deadlift (Dumbbell)",,"",2,"normal",53,10,,,
"Stretching","18 Feb 2026, 07:10","18 Feb 2026, 08:01","","Kettlebell Around the World",,"",0,"normal",53,10,,,
"Stretching","18 Feb 2026, 07:10","18 Feb 2026, 08:01","","Kettlebell Around the World",,"",1,"normal",53,10,,,
"Stretching","18 Feb 2026, 07:10","18 Feb 2026, 08:01","","Kettlebell Around the World",,"",2,"normal",53,10,,,
"Morning workout ☀️","17 Feb 2026, 08:11","17 Feb 2026, 08:59","","Clean and Jerk",,"",0,"normal",95,3,,,
"Morning workout ☀️","17 Feb 2026, 08:11","17 Feb 2026, 08:59","","Clean",,"",0,"warmup",95,2,,,
"Morning workout ☀️","17 Feb 2026, 08:11","17 Feb 2026, 08:59","","Clean",,"",1,"warmup",95,5,,,
"Morning workout ☀️","17 Feb 2026, 08:11","17 Feb 2026, 08:59","","Clean",,"",2,"normal",145,3,,,
"Morning workout ☀️","17 Feb 2026, 08:11","17 Feb 2026, 08:59","","Clean",,"",3,"normal",145,3,,,
"Morning workout ☀️","17 Feb 2026, 08:11","17 Feb 2026, 08:59","","Clean",,"",4,"normal",145,3,,,
"Morning workout ☀️","17 Feb 2026, 08:11","17 Feb 2026, 08:59","","Face Pull",,"",0,"normal",35,10,,,
"Morning workout ☀️","17 Feb 2026, 08:11","17 Feb 2026, 08:59","","Face Pull",,"",1,"normal",35,10,,,
"Morning workout ☀️","17 Feb 2026, 08:11","17 Feb 2026, 08:59","","Face Pull",,"",2,"normal",35,10,,,
"Morning workout ☀️","17 Feb 2026, 08:11","17 Feb 2026, 08:59","","Straight Arm Lat Pulldown (Cable)",,"",0,"normal",35,10,,,
"Morning workout ☀️","17 Feb 2026, 08:11","17 Feb 2026, 08:59","","Straight Arm Lat Pulldown (Cable)",,"",1,"normal",35,10,,,
"Morning workout ☀️","17 Feb 2026, 08:11","17 Feb 2026, 08:59","","Straight Arm Lat Pulldown (Cable)",,"",2,"normal",35,10,,,
"Morning workout ☀️","17 Feb 2026, 08:11","17 Feb 2026, 08:59","","Triceps Rope Pushdown",,"",0,"normal",35,10,,,
"Morning workout ☀️","17 Feb 2026, 08:11","17 Feb 2026, 08:59","","Triceps Rope Pushdown",,"",1,"normal",35,10,,,
"Morning workout ☀️","17 Feb 2026, 08:11","17 Feb 2026, 08:59","","Triceps Rope Pushdown",,"",2,"normal",35,10,,,
"Morning workout ☀️","13 Feb 2026, 07:49","13 Feb 2026, 08:40","","Squat (Barbell)",,"",0,"warmup",45,5,,,
"Morning workout ☀️","13 Feb 2026, 07:49","13 Feb 2026, 08:40","","Squat (Barbell)",,"",1,"warmup",45,10,,,
"Morning workout ☀️","13 Feb 2026, 07:49","13 Feb 2026, 08:40","","Lunge (Barbell)",,"Alternating, sometimes extra left rep",0,"warmup",65,10,,,
"Morning workout ☀️","13 Feb 2026, 07:49","13 Feb 2026, 08:40","","Lunge (Barbell)",,"Alternating, sometimes extra left rep",1,"normal",95,11,,,
"Morning workout ☀️","13 Feb 2026, 07:49","13 Feb 2026, 08:40","","Lunge (Barbell)",,"Alternating, sometimes extra left rep",2,"normal",95,11,,,
"Morning workout ☀️","13 Feb 2026, 07:49","13 Feb 2026, 08:40","","Lunge (Barbell)",,"Alternating, sometimes extra left rep",3,"normal",145,9,,,
"Morning workout ☀️","13 Feb 2026, 07:49","13 Feb 2026, 08:40","","Lunge (Barbell)",,"Alternating, sometimes extra left rep",4,"normal",145,11,,,
"Morning workout ☀️","13 Feb 2026, 07:49","13 Feb 2026, 08:40","","Squat (Barbell)",,"",0,"normal",145,8,,,
"Morning workout ☀️","13 Feb 2026, 07:49","13 Feb 2026, 08:40","","Squat (Barbell)",,"",1,"normal",185,5,,,
"Morning workout ☀️","13 Feb 2026, 07:49","13 Feb 2026, 08:40","","Squat (Barbell)",,"",2,"normal",185,7,,,
"Morning workout ☀️","12 Feb 2026, 07:38","12 Feb 2026, 08:05","","Leg Press (Machine)",0,"Double 10x, single 10x, only count added plates",0,"normal",90,30,,,
"Morning workout ☀️","12 Feb 2026, 07:38","12 Feb 2026, 08:05","","Leg Press (Machine)",0,"Double 10x, single 10x, only count added plates",1,"normal",90,30,,,
"Morning workout ☀️","12 Feb 2026, 07:38","12 Feb 2026, 08:05","","Leg Press (Machine)",0,"Double 10x, single 10x, only count added plates",2,"normal",90,30,,,
"Morning workout ☀️","12 Feb 2026, 07:38","12 Feb 2026, 08:05","","Incline Chest Fly (Dumbbell)",0,"On the leg pres machine",0,"warmup",20,10,,,
"Morning workout ☀️","12 Feb 2026, 07:38","12 Feb 2026, 08:05","","Incline Chest Fly (Dumbbell)",0,"On the leg pres machine",1,"warmup",20,10,,,
"Morning workout ☀️","12 Feb 2026, 07:38","12 Feb 2026, 08:05","","Incline Chest Fly (Dumbbell)",0,"On the leg pres machine",2,"warmup",20,10,,,
"Morning workout ☀️","12 Feb 2026, 07:38","12 Feb 2026, 08:05","","Incline Bench Press (Dumbbell)",,"",0,"normal",100,10,,,
"Morning workout ☀️","12 Feb 2026, 07:38","12 Feb 2026, 08:05","","Incline Bench Press (Dumbbell)",,"",1,"normal",100,10,,,
"Morning workout ☀️","12 Feb 2026, 07:38","12 Feb 2026, 08:05","","Incline Bench Press (Dumbbell)",,"",2,"normal",100,10,,,
"Morning workout ☀️","12 Feb 2026, 07:38","12 Feb 2026, 08:05","","Lateral Raise (Dumbbell)",,"On the incline",0,"normal",25,10,,,
"Morning workout ☀️","12 Feb 2026, 07:38","12 Feb 2026, 08:05","","Lateral Raise (Dumbbell)",,"On the incline",1,"normal",25,10,,,
"Morning workout ☀️","12 Feb 2026, 07:38","12 Feb 2026, 08:05","","Lateral Raise (Dumbbell)",,"On the incline",2,"normal",25,10,,,
"Morning workout ☀️","10 Feb 2026, 06:51","10 Feb 2026, 07:40","","Single Leg Romanian Deadlift (Dumbbell)",,"",0,"normal",44,10,,,
"Morning workout ☀️","10 Feb 2026, 06:51","10 Feb 2026, 07:40","","Single Leg Romanian Deadlift (Dumbbell)",,"",1,"normal",44,10,,,
"Morning workout ☀️","10 Feb 2026, 06:51","10 Feb 2026, 07:40","","Single Leg Romanian Deadlift (Dumbbell)",,"",2,"normal",44,20,,,
"Morning workout ☀️","10 Feb 2026, 06:51","10 Feb 2026, 07:40","","Kettlebell Goblet Squat",,"",0,"normal",44,10,,,
"Morning workout ☀️","10 Feb 2026, 06:51","10 Feb 2026, 07:40","","Kettlebell Goblet Squat",,"",1,"normal",44,10,,,
"Morning workout ☀️","10 Feb 2026, 06:51","10 Feb 2026, 07:40","","Kettlebell Goblet Squat",,"",2,"normal",44,10,,,
"Morning workout ☀️","10 Feb 2026, 06:51","10 Feb 2026, 07:40","","Kettlebell Around the World",,"",0,"normal",44,10,,,
"Morning workout ☀️","10 Feb 2026, 06:51","10 Feb 2026, 07:40","","Kettlebell Around the World",,"",1,"normal",44,10,,,
"Morning workout ☀️","10 Feb 2026, 06:51","10 Feb 2026, 07:40","","Kettlebell Around the World",,"",2,"normal",44,10,,,
"Morning workout ☀️","10 Feb 2026, 06:51","10 Feb 2026, 07:40","","Seated Cable Row - V Grip (Cable)",,"Maxgrip longer",0,"normal",100,10,,,
"Morning workout ☀️","10 Feb 2026, 06:51","10 Feb 2026, 07:40","","Seated Cable Row - V Grip (Cable)",,"Maxgrip longer",1,"normal",110,10,,,
"Morning workout ☀️","10 Feb 2026, 06:51","10 Feb 2026, 07:40","","Seated Cable Row - V Grip (Cable)",,"Maxgrip longer",2,"normal",120,10,,,
"Morning workout ☀️","10 Feb 2026, 06:51","10 Feb 2026, 07:40","","Deadlift (Band)",,"Maxgrip longer",0,"normal",100,10,,,
"Morning workout ☀️","10 Feb 2026, 06:51","10 Feb 2026, 07:40","","Deadlift (Band)",,"Maxgrip longer",1,"normal",110,10,,,
"Morning workout ☀️","10 Feb 2026, 06:51","10 Feb 2026, 07:40","","Deadlift (Band)",,"Maxgrip longer",2,"normal",120,10,,,
"Morning workout ☀️","10 Feb 2026, 06:51","10 Feb 2026, 07:40","","Split Squat (Dumbbell)",,"",0,"normal",80,20,,,
"Morning workout ☀️","10 Feb 2026, 06:51","10 Feb 2026, 07:40","","Split Squat (Dumbbell)",,"",1,"normal",80,20,,,
"Morning workout ☀️","10 Feb 2026, 06:51","10 Feb 2026, 07:40","","Split Squat (Dumbbell)",,"",2,"normal",80,20,,,
"Light and quick","9 Feb 2026, 08:29","9 Feb 2026, 08:40","","Lateral Raise (Dumbbell)",,"",0,"normal",25,10,,,
"Light and quick","9 Feb 2026, 08:29","9 Feb 2026, 08:40","","Lateral Raise (Dumbbell)",,"",1,"normal",25,10,,,
"Light and quick","9 Feb 2026, 08:29","9 Feb 2026, 08:40","","Lateral Raise (Dumbbell)",,"",2,"normal",25,10,,,
"Light and quick","9 Feb 2026, 08:29","9 Feb 2026, 08:40","","Shoulder Press (Dumbbell)",,"",0,"normal",60,10,,,
"Light and quick","9 Feb 2026, 08:29","9 Feb 2026, 08:40","","Shoulder Press (Dumbbell)",,"",1,"normal",60,10,,,
"Light and quick","9 Feb 2026, 08:29","9 Feb 2026, 08:40","","Shoulder Press (Dumbbell)",,"",2,"normal",60,10,,,
"Light and quick","9 Feb 2026, 08:29","9 Feb 2026, 08:40","","Push Up",,"",0,"normal",,10,,,
"Light and quick","9 Feb 2026, 08:29","9 Feb 2026, 08:40","","Push Up",,"",1,"normal",,10,,,
"Light and quick","9 Feb 2026, 08:29","9 Feb 2026, 08:40","","Push Up",,"",2,"normal",,10,,,
"Morning workout ☀️","30 Jan 2026, 11:14","30 Jan 2026, 12:09","","Stair Machine (Steps)",,"",0,"normal",,,,301,
"Morning workout ☀️","30 Jan 2026, 11:14","30 Jan 2026, 12:09","","Deadlift High Pull",,"",0,"warmup",95,5,,,
"Morning workout ☀️","30 Jan 2026, 11:14","30 Jan 2026, 12:09","","Deadlift High Pull",,"",1,"warmup",95,5,,,
"Morning workout ☀️","30 Jan 2026, 11:14","30 Jan 2026, 12:09","","Clean",,"",0,"warmup",95,5,,,
"Morning workout ☀️","30 Jan 2026, 11:14","30 Jan 2026, 12:09","","Clean",,"",1,"normal",115,5,,,
"Morning workout ☀️","30 Jan 2026, 11:14","30 Jan 2026, 12:09","","Clean",,"",2,"normal",115,5,,,
"Morning workout ☀️","30 Jan 2026, 11:14","30 Jan 2026, 12:09","","Clean",,"",3,"normal",135,5,,,
"Morning workout ☀️","30 Jan 2026, 11:14","30 Jan 2026, 12:09","","Clean",,"",4,"normal",135,5,,,
"Morning workout ☀️","30 Jan 2026, 11:14","30 Jan 2026, 12:09","","Deadlift (Barbell)",,"",0,"normal",185,5,,,
"Morning workout ☀️","30 Jan 2026, 11:14","30 Jan 2026, 12:09","","Deadlift (Barbell)",,"",1,"normal",185,8,,,
"Morning workout ☀️","30 Jan 2026, 11:14","30 Jan 2026, 12:09","","Deadlift (Barbell)",,"",2,"normal",185,8,,,
"Morning workout ☀️","30 Jan 2026, 11:14","30 Jan 2026, 12:09","","Deadlift (Barbell)",,"",3,"normal",185,10,,,
"Morning workout ☀️","30 Jan 2026, 11:14","30 Jan 2026, 12:09","","Lat Pulldown (Machine)",,"/2 because it felt light and i had bad form",0,"normal",45,10,,,
"Morning workout ☀️","30 Jan 2026, 11:14","30 Jan 2026, 12:09","","Lat Pulldown (Machine)",,"/2 because it felt light and i had bad form",1,"normal",90,8,,,
"Morning workout ☀️","30 Jan 2026, 11:14","30 Jan 2026, 12:09","","Lat Pulldown (Machine)",,"/2 because it felt light and i had bad form",2,"normal",90,8,,,
"Climbing","28 Jan 2026, 23:46","29 Jan 2026, 01:01","","Air Bike",,"",0,"normal",,,,300,
"Climbing","28 Jan 2026, 23:46","29 Jan 2026, 01:01","","Climbing",,"",0,"normal",,,,2700,
"Climbing","28 Jan 2026, 23:46","29 Jan 2026, 01:01","","Incline Bench Press (Dumbbell)",,"",0,"normal",110,8,,,
"Climbing","28 Jan 2026, 23:46","29 Jan 2026, 01:01","","Incline Bench Press (Dumbbell)",,"",1,"normal",110,10,,,
"Climbing","28 Jan 2026, 23:46","29 Jan 2026, 01:01","","Incline Bench Press (Dumbbell)",,"",2,"normal",110,10,,,
"Climbing","28 Jan 2026, 23:46","29 Jan 2026, 01:01","","Lateral Raise (Dumbbell)",,"",0,"normal",25,10,,,
"Climbing","28 Jan 2026, 23:46","29 Jan 2026, 01:01","","Lateral Raise (Dumbbell)",,"",1,"normal",25,10,,,
"Climbing","28 Jan 2026, 23:46","29 Jan 2026, 01:01","","Lateral Raise (Dumbbell)",,"",2,"normal",25,10,,,
"At Clara’s apartment","25 Jan 2026, 21:19","25 Jan 2026, 22:13","","Dead Hang",,"Extra thicc grip at socam and slippery",0,"normal",,,,10,
"At Clara’s apartment","25 Jan 2026, 21:19","25 Jan 2026, 22:13","","Dead Hang",,"Extra thicc grip at socam and slippery",1,"normal",,,,15,
"At Clara’s apartment","25 Jan 2026, 21:19","25 Jan 2026, 22:13","","Dead Hang",,"Extra thicc grip at socam and slippery",2,"normal",,,,10,
"At Clara’s apartment","25 Jan 2026, 21:19","25 Jan 2026, 22:13","","Dead Hang",,"Extra thicc grip at socam and slippery",3,"normal",,,,20,
"At Clara’s apartment","25 Jan 2026, 21:19","25 Jan 2026, 22:13","","Dead Hang",,"Extra thicc grip at socam and slippery",4,"normal",,,,10,
"At Clara’s apartment","25 Jan 2026, 21:19","25 Jan 2026, 22:13","","Dead Hang",,"Extra thicc grip at socam and slippery",5,"normal",,,,10,
"At Clara’s apartment","25 Jan 2026, 21:19","25 Jan 2026, 22:13","","Seated Row (Machine)",,"",0,"normal",82,10,,,
"At Clara’s apartment","25 Jan 2026, 21:19","25 Jan 2026, 22:13","","Seated Row (Machine)",,"",1,"normal",100,12,,,
"At Clara’s apartment","25 Jan 2026, 21:19","25 Jan 2026, 22:13","","Seated Row (Machine)",,"",2,"normal",118,12,,,
"At Clara’s apartment","25 Jan 2026, 21:19","25 Jan 2026, 22:13","","Seated Row (Machine)",,"",3,"normal",128,12,,,
"At Clara’s apartment","25 Jan 2026, 21:19","25 Jan 2026, 22:13","","Overhead Press (Dumbbell)",,"",0,"normal",40,10,,,
"At Clara’s apartment","25 Jan 2026, 21:19","25 Jan 2026, 22:13","","Overhead Press (Dumbbell)",,"",1,"normal",50,10,,,
"At Clara’s apartment","25 Jan 2026, 21:19","25 Jan 2026, 22:13","","Overhead Press (Dumbbell)",,"",2,"normal",50,12,,,
"At Clara’s apartment","25 Jan 2026, 21:19","25 Jan 2026, 22:13","","Overhead Press (Dumbbell)",,"",3,"normal",60,10,,,
"At Clara’s apartment","25 Jan 2026, 21:19","25 Jan 2026, 22:13","","Kettlebell Around the World",,"",0,"normal",44,10,,,
"At Clara’s apartment","25 Jan 2026, 21:19","25 Jan 2026, 22:13","","Kettlebell Around the World",,"",1,"normal",44,10,,,
"At Clara’s apartment","25 Jan 2026, 21:19","25 Jan 2026, 22:13","","Kettlebell Around the World",,"",2,"normal",44,10,,,
"At Clara’s apartment","25 Jan 2026, 21:19","25 Jan 2026, 22:13","","Kettlebell Around the World",,"",3,"normal",44,10,,,
"At Clara’s apartment","25 Jan 2026, 21:19","25 Jan 2026, 22:13","","Chest Press (Machine)",,"",0,"normal",80,10,,,
"At Clara’s apartment","25 Jan 2026, 21:19","25 Jan 2026, 22:13","","Chest Press (Machine)",,"",1,"normal",100,10,,,
"At Clara’s apartment","25 Jan 2026, 21:19","25 Jan 2026, 22:13","","Chest Press (Machine)",,"",2,"normal",100,12,,,
"At Clara’s apartment","25 Jan 2026, 21:19","25 Jan 2026, 22:13","","Chest Press (Machine)",,"",3,"normal",110,10,,,
"At Clara’s apartment","25 Jan 2026, 21:19","25 Jan 2026, 22:13","","Single Leg Romanian Deadlift (Dumbbell)",,"",0,"normal",44,10,,,
"At Clara’s apartment","25 Jan 2026, 21:19","25 Jan 2026, 22:13","","Single Leg Romanian Deadlift (Dumbbell)",,"",1,"normal",44,10,,,
"At Clara’s apartment","25 Jan 2026, 21:19","25 Jan 2026, 22:13","","Single Leg Romanian Deadlift (Dumbbell)",,"",2,"normal",44,10,,,
"At Clara’s apartment","25 Jan 2026, 21:19","25 Jan 2026, 22:13","","Seated Leg Curl (Machine)",,"Deflate volume by 10x",0,"normal",5,10,,,
"At Clara’s apartment","25 Jan 2026, 21:19","25 Jan 2026, 22:13","","Seated Leg Curl (Machine)",,"Deflate volume by 10x",1,"normal",10,10,,,
"At Clara’s apartment","25 Jan 2026, 21:19","25 Jan 2026, 22:13","","Seated Leg Curl (Machine)",,"Deflate volume by 10x",2,"normal",12,10,,,
"At Clara’s apartment","25 Jan 2026, 21:19","25 Jan 2026, 22:13","","Seated Leg Curl (Machine)",,"Deflate volume by 10x",3,"normal",14,10,,,
"Weighted stretching","22 Jan 2026, 21:33","22 Jan 2026, 22:24","","Stretching",,"Simultaneously stretching and lifting including like tib raises and bosu ball stuff here",0,"normal",,,,1790,
"Weighted stretching","22 Jan 2026, 21:33","22 Jan 2026, 22:24","","Clamshell",,"A bunch of different band exerrcises not captured here",0,"normal",,12,,,
"Weighted stretching","22 Jan 2026, 21:33","22 Jan 2026, 22:24","","Clamshell",,"A bunch of different band exerrcises not captured here",1,"normal",,12,,,
"Weighted stretching","22 Jan 2026, 21:33","22 Jan 2026, 22:24","","Clamshell",,"A bunch of different band exerrcises not captured here",2,"normal",,12,,,
"Weighted stretching","22 Jan 2026, 21:33","22 Jan 2026, 22:24","","Clamshell",,"A bunch of different band exerrcises not captured here",3,"normal",,12,,,
"Weighted stretching","22 Jan 2026, 21:33","22 Jan 2026, 22:24","","Kettlebell Goblet Squat",,"",0,"normal",53,5,,,
"Weighted stretching","22 Jan 2026, 21:33","22 Jan 2026, 22:24","","Kettlebell Goblet Squat",,"",1,"normal",53,8,,,
"Weighted stretching","22 Jan 2026, 21:33","22 Jan 2026, 22:24","","Kettlebell Goblet Squat",,"",2,"normal",53,10,,,
"Weighted stretching","22 Jan 2026, 21:33","22 Jan 2026, 22:24","","Single Leg Romanian Deadlift (Dumbbell)",,"",0,"normal",53,10,,,
"Weighted stretching","22 Jan 2026, 21:33","22 Jan 2026, 22:24","","Single Leg Romanian Deadlift (Dumbbell)",,"",1,"normal",53,10,,,
"Weighted stretching","22 Jan 2026, 21:33","22 Jan 2026, 22:24","","Single Leg Romanian Deadlift (Dumbbell)",,"",2,"normal",53,14,,,
"Weighted stretching","22 Jan 2026, 21:33","22 Jan 2026, 22:24","","Incline Bench Press (Dumbbell)",,"",0,"normal",100,10,,,
"Weighted stretching","22 Jan 2026, 21:33","22 Jan 2026, 22:24","","Incline Bench Press (Dumbbell)",,"",1,"normal",100,10,,,
"Weighted stretching","22 Jan 2026, 21:33","22 Jan 2026, 22:24","","Incline Bench Press (Dumbbell)",,"",2,"normal",100,10,,,
"Weighted stretching","22 Jan 2026, 21:33","22 Jan 2026, 22:24","","Lateral Raise (Dumbbell)",,"On incline bench",0,"normal",25,10,,,
"Weighted stretching","22 Jan 2026, 21:33","22 Jan 2026, 22:24","","Lateral Raise (Dumbbell)",,"On incline bench",1,"normal",25,10,,,
"Weighted stretching","22 Jan 2026, 21:33","22 Jan 2026, 22:24","","Lateral Raise (Dumbbell)",,"On incline bench",2,"normal",25,10,,,
"Stretching","19 Jan 2026, 15:32","19 Jan 2026, 15:49","","Stretching",,"",0,"normal",,,,969,
"Quick morning legs","12 Jan 2026, 08:01","12 Jan 2026, 08:29","","Squat (Barbell)",,"",0,"normal",95,5,,,
"Quick morning legs","12 Jan 2026, 08:01","12 Jan 2026, 08:29","","Squat (Barbell)",,"",1,"normal",145,5,,,
"Quick morning legs","12 Jan 2026, 08:01","12 Jan 2026, 08:29","","Squat (Barbell)",,"",2,"normal",145,8,,,
"Quick morning legs","12 Jan 2026, 08:01","12 Jan 2026, 08:29","","Dead Hang",,"",0,"normal",,,,10,
"Quick morning legs","12 Jan 2026, 08:01","12 Jan 2026, 08:29","","Dead Hang",,"",1,"normal",,,,10,
"Quick morning legs","12 Jan 2026, 08:01","12 Jan 2026, 08:29","","Dead Hang",,"",2,"normal",,,,15,
"Quick morning legs","12 Jan 2026, 08:01","12 Jan 2026, 08:29","","Dead Hang",,"",3,"normal",,,,15,
"Quick morning legs","12 Jan 2026, 08:01","12 Jan 2026, 08:29","","Lunge (Barbell)",,"",0,"normal",95,12,,,
"Quick morning legs","12 Jan 2026, 08:01","12 Jan 2026, 08:29","","Lunge (Barbell)",,"",1,"normal",95,12,,,
"Quick morning legs","12 Jan 2026, 08:01","12 Jan 2026, 08:29","","Lunge (Barbell)",,"",2,"normal",145,8,,,
"Quick upper","10 Jan 2026, 15:06","10 Jan 2026, 15:37","","Stretching",,"",0,"normal",,,,913,
"Quick upper","10 Jan 2026, 15:06","10 Jan 2026, 15:37","","Face Pull",,"",0,"normal",35,12,,,
"Quick upper","10 Jan 2026, 15:06","10 Jan 2026, 15:37","","Face Pull",,"",1,"normal",35,12,,,
"Quick upper","10 Jan 2026, 15:06","10 Jan 2026, 15:37","","Face Pull",,"",2,"normal",35,12,,,
"Quick upper","10 Jan 2026, 15:06","10 Jan 2026, 15:37","","Rope Straight Arm Pulldown",,"",0,"normal",35,12,,,
"Quick upper","10 Jan 2026, 15:06","10 Jan 2026, 15:37","","Rope Straight Arm Pulldown",,"",1,"normal",35,12,,,
"Quick upper","10 Jan 2026, 15:06","10 Jan 2026, 15:37","","Rope Straight Arm Pulldown",,"",2,"normal",35,12,,,
"Quick upper","10 Jan 2026, 15:06","10 Jan 2026, 15:37","","Triceps Rope Pushdown",,"",0,"normal",35,12,,,
"Quick upper","10 Jan 2026, 15:06","10 Jan 2026, 15:37","","Triceps Rope Pushdown",,"",1,"normal",35,12,,,
"Quick upper","10 Jan 2026, 15:06","10 Jan 2026, 15:37","","Triceps Rope Pushdown",,"",2,"normal",35,12,,,
"Quick upper","10 Jan 2026, 15:06","10 Jan 2026, 15:37","","Seated Cable Row - V Grip (Cable)",,"Maxgrip vital gym",0,"normal",90,12,,,
"Quick upper","10 Jan 2026, 15:06","10 Jan 2026, 15:37","","Seated Cable Row - V Grip (Cable)",,"Maxgrip vital gym",1,"normal",110,10,,,
"Quick upper","10 Jan 2026, 15:06","10 Jan 2026, 15:37","","Seated Cable Row - V Grip (Cable)",,"Maxgrip vital gym",2,"normal",130,6,,,
"Quick upper","10 Jan 2026, 15:06","10 Jan 2026, 15:37","","Deadlift (Band)",,"Low cable mag grip",0,"normal",90,10,,,
"Quick upper","10 Jan 2026, 15:06","10 Jan 2026, 15:37","","Deadlift (Band)",,"Low cable mag grip",1,"normal",110,10,,,
"Quick upper","10 Jan 2026, 15:06","10 Jan 2026, 15:37","","Deadlift (Band)",,"Low cable mag grip",2,"normal",130,12,,,
"Upper","5 Jan 2026, 06:59","5 Jan 2026, 07:54","","Air Bike",,"",0,"normal",,,,300,
"Upper","5 Jan 2026, 06:59","5 Jan 2026, 07:54","","Band Pullaparts",,"Red skinny band",0,"normal",,20,,,
"Upper","5 Jan 2026, 06:59","5 Jan 2026, 07:54","","Band Pullaparts",,"Red skinny band",1,"normal",,20,,,
"Upper","5 Jan 2026, 06:59","5 Jan 2026, 07:54","","Band Pullaparts",,"Red skinny band",2,"normal",,20,,,
"Upper","5 Jan 2026, 06:59","5 Jan 2026, 07:54","","Dead Hang",,"",0,"normal",,,,15,
"Upper","5 Jan 2026, 06:59","5 Jan 2026, 07:54","","Dead Hang",,"",1,"normal",,,,20,
"Upper","5 Jan 2026, 06:59","5 Jan 2026, 07:54","","Dead Hang",,"",2,"normal",,,,20,
"Upper","5 Jan 2026, 06:59","5 Jan 2026, 07:54","","Incline Bench Press (Dumbbell)",,"",0,"normal",90,10,,,
"Upper","5 Jan 2026, 06:59","5 Jan 2026, 07:54","","Incline Bench Press (Dumbbell)",,"",1,"normal",90,10,,,
"Upper","5 Jan 2026, 06:59","5 Jan 2026, 07:54","","Incline Bench Press (Dumbbell)",,"",2,"normal",110,6,,,
"Upper","5 Jan 2026, 06:59","5 Jan 2026, 07:54","","Incline Bench Press (Dumbbell)",,"",3,"normal",110,8,,,
"Upper","5 Jan 2026, 06:59","5 Jan 2026, 07:54","","Lateral Raise (Dumbbell)",,"On incline bench",0,"normal",25,10,,,
"Upper","5 Jan 2026, 06:59","5 Jan 2026, 07:54","","Lateral Raise (Dumbbell)",,"On incline bench",1,"normal",25,10,,,
"Upper","5 Jan 2026, 06:59","5 Jan 2026, 07:54","","Lateral Raise (Dumbbell)",,"On incline bench",2,"normal",25,10,,,
"Upper","5 Jan 2026, 06:59","5 Jan 2026, 07:54","","Lateral Raise (Dumbbell)",,"On incline bench",3,"normal",25,10,,,
"Upper","5 Jan 2026, 06:59","5 Jan 2026, 07:54","","Romanian Deadlift (Barbell)",,"",0,"normal",95,8,,,
"Upper","5 Jan 2026, 06:59","5 Jan 2026, 07:54","","Romanian Deadlift (Barbell)",,"",1,"normal",145,8,,,
"Upper","5 Jan 2026, 06:59","5 Jan 2026, 07:54","","Romanian Deadlift (Barbell)",,"",2,"normal",145,8,,,
"Upper","5 Jan 2026, 06:59","5 Jan 2026, 07:54","","Dead Hang",,"",0,"normal",,,,20,
"Upper","5 Jan 2026, 06:59","5 Jan 2026, 07:54","","Dead Hang",,"",1,"normal",,,,20,
"Upper","5 Jan 2026, 06:59","5 Jan 2026, 07:54","","Dead Hang",,"",2,"normal",,,,20,
"Legs","3 Jan 2026, 17:36","3 Jan 2026, 18:25","","Squat (Barbell)",,"",0,"normal",95,5,,,
"Legs","3 Jan 2026, 17:36","3 Jan 2026, 18:25","","Squat (Barbell)",,"",1,"normal",115,8,,,
"Legs","3 Jan 2026, 17:36","3 Jan 2026, 18:25","","Squat (Barbell)",,"",2,"normal",135,10,,,
"Legs","3 Jan 2026, 17:36","3 Jan 2026, 18:25","","Lunge (Barbell)",,"Alternating each rep",0,"normal",115,6,,,
"Legs","3 Jan 2026, 17:36","3 Jan 2026, 18:25","","Lunge (Barbell)",,"Alternating each rep",1,"normal",115,10,,,
"Legs","3 Jan 2026, 17:36","3 Jan 2026, 18:25","","Lunge (Barbell)",,"Alternating each rep",2,"normal",135,10,,,
"Legs","3 Jan 2026, 17:36","3 Jan 2026, 18:25","","Clamshell",,"12 each side purple band vital and also side raise and marches",0,"normal",,12,,,
"Legs","3 Jan 2026, 17:36","3 Jan 2026, 18:25","","Clamshell",,"12 each side purple band vital and also side raise and marches",1,"normal",,12,,,
"Legs","3 Jan 2026, 17:36","3 Jan 2026, 18:25","","Clamshell",,"12 each side purple band vital and also side raise and marches",2,"normal",,12,,,
"Legs","3 Jan 2026, 17:36","3 Jan 2026, 18:25","","Single Leg Romanian Deadlift (Dumbbell)",,"",0,"normal",44,10,,,
"Legs","3 Jan 2026, 17:36","3 Jan 2026, 18:25","","Single Leg Romanian Deadlift (Dumbbell)",,"",1,"normal",44,16,,,
"Legs","3 Jan 2026, 17:36","3 Jan 2026, 18:25","","Single Leg Romanian Deadlift (Dumbbell)",,"",2,"normal",44,20,,,
"With Rong","27 Dec 2025, 19:25","27 Dec 2025, 20:29","","Face Pull",,"",0,"normal",35,10,,,
"With Rong","27 Dec 2025, 19:25","27 Dec 2025, 20:29","","Shoulder Press (Dumbbell)",,"",0,"normal",70,12,,,
"With Rong","27 Dec 2025, 19:25","27 Dec 2025, 20:29","","Lateral Raise (Dumbbell)",,"",0,"normal",50,10,,,
"Morning workout ☀️","26 Dec 2025, 10:13","26 Dec 2025, 11:00","","Stretching",,"",0,"normal",,,,1543,
"Morning workout ☀️","26 Dec 2025, 10:13","26 Dec 2025, 11:00","","Face Pull",,"",0,"normal",35,10,,,
"Morning workout ☀️","26 Dec 2025, 10:13","26 Dec 2025, 11:00","","Face Pull",,"",1,"normal",35,12,,,
"Morning workout ☀️","26 Dec 2025, 10:13","26 Dec 2025, 11:00","","Face Pull",,"",2,"normal",35,12,,,
"Morning workout ☀️","26 Dec 2025, 10:13","26 Dec 2025, 11:00","","Rope Straight Arm Pulldown",,"",0,"normal",35,10,,,
"Morning workout ☀️","26 Dec 2025, 10:13","26 Dec 2025, 11:00","","Rope Straight Arm Pulldown",,"",1,"normal",35,10,,,
"Morning workout ☀️","26 Dec 2025, 10:13","26 Dec 2025, 11:00","","Rope Straight Arm Pulldown",,"",2,"normal",35,12,,,
"Morning workout ☀️","26 Dec 2025, 10:13","26 Dec 2025, 11:00","","Triceps Rope Pushdown",,"",0,"normal",35,10,,,
"Morning workout ☀️","26 Dec 2025, 10:13","26 Dec 2025, 11:00","","Triceps Rope Pushdown",,"",1,"normal",35,12,,,
"Morning workout ☀️","26 Dec 2025, 10:13","26 Dec 2025, 11:00","","Triceps Rope Pushdown",,"",2,"normal",35,12,,,
"Morning workout ☀️","26 Dec 2025, 10:13","26 Dec 2025, 11:00","","Incline Bench Press (Dumbbell)",,"",0,"normal",95,5,,,
"Morning workout ☀️","26 Dec 2025, 10:13","26 Dec 2025, 11:00","","Incline Bench Press (Dumbbell)",,"",1,"normal",95,8,,,
"Morning workout ☀️","26 Dec 2025, 10:13","26 Dec 2025, 11:00","","Incline Bench Press (Dumbbell)",,"",2,"normal",95,8,,,
"Weighted stretching","22 Dec 2025, 22:46","22 Dec 2025, 23:21","","Stretching",,"",0,"normal",,,,1216,
"Weighted stretching","22 Dec 2025, 22:46","22 Dec 2025, 23:21","","Bench Press (Barbell)",,"",0,"warmup",45,10,,,
"Weighted stretching","22 Dec 2025, 22:46","22 Dec 2025, 23:21","","Bench Press (Barbell)",,"",1,"warmup",45,10,,,
"Weighted stretching","22 Dec 2025, 22:46","22 Dec 2025, 23:21","","Bench Press (Barbell)",,"",2,"warmup",115,10,,,
"Weighted stretching","22 Dec 2025, 22:46","22 Dec 2025, 23:21","","Bench Press (Barbell)",,"",3,"normal",145,8,,,
"Weighted stretching","22 Dec 2025, 22:46","22 Dec 2025, 23:21","","Pull Up",,"",0,"normal",,1,,,
"Weighted stretching","22 Dec 2025, 22:46","22 Dec 2025, 23:21","","Pull Up",,"",1,"normal",,2,,,
"Weighted stretching","22 Dec 2025, 22:46","22 Dec 2025, 23:21","","Pull Up",,"",2,"normal",,1,,,
"Weighted stretching","22 Dec 2025, 22:46","22 Dec 2025, 23:21","","Pull Up",,"",3,"normal",,1,,,
"Quick single leg","17 Dec 2025, 06:46","17 Dec 2025, 07:35","","Stretching",,"Felt really good was able to  lift up right foot from 90/90 position after some resistance band assistance and then do 90/90’s with little assistance. Took my tjme and workedup progressively. Something still feels locked up or sore but big improvement",0,"normal",,,,1228,
"Quick single leg","17 Dec 2025, 06:46","17 Dec 2025, 07:35","","Reverse Lunge (Dumbbell)",,"Two 55’s were hard had to take a long break in between",0,"normal",80,16,,,
"Quick single leg","17 Dec 2025, 06:46","17 Dec 2025, 07:35","","Reverse Lunge (Dumbbell)",,"Two 55’s were hard had to take a long break in between",1,"normal",80,20,,,
"Quick single leg","17 Dec 2025, 06:46","17 Dec 2025, 07:35","","Reverse Lunge (Dumbbell)",,"Two 55’s were hard had to take a long break in between",2,"normal",110,20,,,
"Quick single leg","17 Dec 2025, 06:46","17 Dec 2025, 07:35","","Single Leg Romanian Deadlift (Dumbbell)",,"",0,"normal",53,10,,,
"Quick single leg","17 Dec 2025, 06:46","17 Dec 2025, 07:35","","Single Leg Romanian Deadlift (Dumbbell)",,"",1,"normal",53,10,,,
"Quick single leg","17 Dec 2025, 06:46","17 Dec 2025, 07:35","","Single Leg Romanian Deadlift (Dumbbell)",,"",2,"normal",53,10,,,
"Quick upper","4 Dec 2025, 06:56","4 Dec 2025, 07:21","","Incline Bench Press (Dumbbell)",,"",0,"warmup",70,8,,,
"Quick upper","4 Dec 2025, 06:56","4 Dec 2025, 07:21","","Incline Bench Press (Dumbbell)",,"",1,"normal",90,8,,,
"Quick upper","4 Dec 2025, 06:56","4 Dec 2025, 07:21","","Incline Bench Press (Dumbbell)",,"",2,"normal",90,10,,,
"Quick upper","4 Dec 2025, 06:56","4 Dec 2025, 07:21","","Incline Bench Press (Dumbbell)",,"",3,"normal",90,12,,,
"Quick upper","4 Dec 2025, 06:56","4 Dec 2025, 07:21","","Face Pull",,"",0,"normal",35,12,,,
"Quick upper","4 Dec 2025, 06:56","4 Dec 2025, 07:21","","Face Pull",,"",1,"normal",35,12,,,
"Quick upper","4 Dec 2025, 06:56","4 Dec 2025, 07:21","","Face Pull",,"",2,"normal",35,12,,,
"Quick upper","4 Dec 2025, 06:56","4 Dec 2025, 07:21","","Rope Straight Arm Pulldown",,"",0,"normal",35,12,,,
"Quick upper","4 Dec 2025, 06:56","4 Dec 2025, 07:21","","Rope Straight Arm Pulldown",,"",1,"normal",35,12,,,
"Quick upper","4 Dec 2025, 06:56","4 Dec 2025, 07:21","","Rope Straight Arm Pulldown",,"",2,"normal",35,12,,,
"Quick upper","4 Dec 2025, 06:56","4 Dec 2025, 07:21","","Triceps Rope Pushdown",,"",0,"normal",35,12,,,
"Quick upper","4 Dec 2025, 06:56","4 Dec 2025, 07:21","","Triceps Rope Pushdown",,"",1,"normal",35,12,,,
"Quick upper","4 Dec 2025, 06:56","4 Dec 2025, 07:21","","Triceps Rope Pushdown",,"",2,"normal",35,12,,,
"Morning workout ☀️","3 Dec 2025, 06:51","3 Dec 2025, 07:55","","Stretching",,"",0,"normal",,,,1344,
"Morning workout ☀️","3 Dec 2025, 06:51","3 Dec 2025, 07:55","","Squat (Barbell)",,"",0,"warmup",95,5,,,
"Morning workout ☀️","3 Dec 2025, 06:51","3 Dec 2025, 07:55","","Lunge (Barbell)",,"",0,"warmup",95,10,,,
"Morning workout ☀️","3 Dec 2025, 06:51","3 Dec 2025, 07:55","","Lunge (Barbell)",,"",1,"warmup",95,10,,,
"Morning workout ☀️","3 Dec 2025, 06:51","3 Dec 2025, 07:55","","Lunge (Barbell)",,"",2,"normal",145,10,,,
"Morning workout ☀️","3 Dec 2025, 06:51","3 Dec 2025, 07:55","","Lunge (Barbell)",,"",3,"normal",145,10,,,
"Morning workout ☀️","3 Dec 2025, 06:51","3 Dec 2025, 07:55","","Push Press",,"",0,"warmup",95,2,,,
"Morning workout ☀️","3 Dec 2025, 06:51","3 Dec 2025, 07:55","","Clean and Jerk",,"",0,"normal",95,5,,,
"Morning workout ☀️","3 Dec 2025, 06:51","3 Dec 2025, 07:55","","Clean and Jerk",,"",1,"normal",95,5,,,
"Morning workout ☀️","3 Dec 2025, 06:51","3 Dec 2025, 07:55","","Clean and Jerk",,"",2,"normal",95,5,,,
"Morning workout ☀️","3 Dec 2025, 06:51","3 Dec 2025, 07:55","","Single Leg Romanian Deadlift (Dumbbell)",,"",0,"normal",40,10,,,
"Morning workout ☀️","3 Dec 2025, 06:51","3 Dec 2025, 07:55","","Single Leg Romanian Deadlift (Dumbbell)",,"",1,"normal",40,10,,,
"Morning workout ☀️","3 Dec 2025, 06:51","3 Dec 2025, 07:55","","Single Leg Romanian Deadlift (Dumbbell)",,"",2,"normal",40,10,,,
"Morning workout ☀️","3 Dec 2025, 06:51","3 Dec 2025, 07:55","","Single Leg Romanian Deadlift (Dumbbell)",,"",3,"normal",40,10,,,
"Morning workout ☀️","3 Dec 2025, 06:51","3 Dec 2025, 07:55","","Box Jump",,"20 inch soft box",0,"normal",,10,,,
"Morning workout ☀️","3 Dec 2025, 06:51","3 Dec 2025, 07:55","","Box Jump",,"20 inch soft box",1,"normal",,10,,,
"Morning workout ☀️","3 Dec 2025, 06:51","3 Dec 2025, 07:55","","Box Jump",,"20 inch soft box",2,"normal",,10,,,
"Morning workout ☀️","3 Dec 2025, 06:51","3 Dec 2025, 07:55","","Box Jump",,"20 inch soft box",3,"normal",,10,,,
"Late night workout 🌙","18 Nov 2025, 23:30","18 Nov 2025, 23:59","","Deadlift (Barbell)",,"",0,"warmup",65,10,,,
"Late night workout 🌙","18 Nov 2025, 23:30","18 Nov 2025, 23:59","","Deadlift (Barbell)",,"",1,"warmup",155,10,,,
"Late night workout 🌙","18 Nov 2025, 23:30","18 Nov 2025, 23:59","","Deadlift (Barbell)",,"",2,"normal",205,6,,,
"Late night workout 🌙","18 Nov 2025, 23:30","18 Nov 2025, 23:59","","Deadlift (Barbell)",,"",3,"normal",205,8,,,
"Late night workout 🌙","18 Nov 2025, 23:30","18 Nov 2025, 23:59","","Deadlift (Barbell)",,"",4,"normal",205,8,,,
"Late night workout 🌙","18 Nov 2025, 23:30","18 Nov 2025, 23:59","","Stretching",,"Progressive 90/90’s",0,"normal",,,,600,
"Recovery","16 Nov 2025, 15:00","16 Nov 2025, 16:27","","Air Bike",,"",0,"normal",,,,621,
"Recovery","16 Nov 2025, 15:00","16 Nov 2025, 16:27","","Lunge (Dumbbell)",,"",0,"normal",35,10,,,
"Recovery","16 Nov 2025, 15:00","16 Nov 2025, 16:27","","Lunge (Dumbbell)",,"",1,"normal",35,10,,,
"Recovery","16 Nov 2025, 15:00","16 Nov 2025, 16:27","","Lunge (Dumbbell)",,"",2,"normal",35,10,,,
"Recovery","16 Nov 2025, 15:00","16 Nov 2025, 16:27","","Assisted Pistol Squats",,"5 each side",0,"warmup",,10,,,
"Recovery","16 Nov 2025, 15:00","16 Nov 2025, 16:27","","Assisted Pistol Squats",,"5 each side",1,"warmup",,10,,,
"Recovery","16 Nov 2025, 15:00","16 Nov 2025, 16:27","","Assisted Pistol Squats",,"5 each side",2,"warmup",,10,,,
"Recovery","16 Nov 2025, 15:00","16 Nov 2025, 16:27","","Stretching",,"Progressive 90/90’s",0,"normal",,,,1800,
"Recovery","16 Nov 2025, 15:00","16 Nov 2025, 16:27","","Lunge (Barbell)",,"",0,"warmup",45,10,,,
"Recovery","16 Nov 2025, 15:00","16 Nov 2025, 16:27","","Lunge (Barbell)",,"",1,"warmup",95,10,,,
"Recovery","16 Nov 2025, 15:00","16 Nov 2025, 16:27","","Lunge (Barbell)",,"",2,"normal",115,10,,,
"Recovery","16 Nov 2025, 15:00","16 Nov 2025, 16:27","","Lunge (Barbell)",,"",3,"normal",115,10,,,
"Recovery","16 Nov 2025, 15:00","16 Nov 2025, 16:27","","Lunge (Barbell)",,"",4,"normal",135,10,,,
"Quick","14 Nov 2025, 20:07","14 Nov 2025, 20:21","","Bench Press (Barbell)",,"",0,"warmup",45,10,,,
"Quick","14 Nov 2025, 20:07","14 Nov 2025, 20:21","","Bench Press (Barbell)",,"",1,"warmup",95,10,,,
"Quick","14 Nov 2025, 20:07","14 Nov 2025, 20:21","","Bench Press (Barbell)",,"",2,"normal",145,5,,,
"Quick","14 Nov 2025, 20:07","14 Nov 2025, 20:21","","Bench Press (Barbell)",,"",3,"normal",145,5,,,
"Quick","14 Nov 2025, 20:07","14 Nov 2025, 20:21","","Bench Press (Barbell)",,"",4,"normal",145,6,,,
"Quick","14 Nov 2025, 20:07","14 Nov 2025, 20:21","","Pull Up",,"",0,"normal",,2,,,
"Quick","14 Nov 2025, 20:07","14 Nov 2025, 20:21","","Pull Up",,"",1,"normal",,2,,,
"Quick","14 Nov 2025, 20:07","14 Nov 2025, 20:21","","Pull Up",,"",2,"normal",,2,,,
"Quick","14 Nov 2025, 20:07","14 Nov 2025, 20:21","","Pull Up",,"",3,"normal",,2,,,
"Evening workout 🏋️","4 Nov 2025, 20:53","4 Nov 2025, 21:39","","Rowing Machine",,"",0,"normal",,,0.97,563,
"Evening workout 🏋️","4 Nov 2025, 20:53","4 Nov 2025, 21:39","","Lunge (Barbell)",,"No yoga pad under this time, was a little wobbly on the left side",0,"warmup",45,10,,,
"Evening workout 🏋️","4 Nov 2025, 20:53","4 Nov 2025, 21:39","","Lunge (Barbell)",,"No yoga pad under this time, was a little wobbly on the left side",1,"warmup",95,10,,,
"Evening workout 🏋️","4 Nov 2025, 20:53","4 Nov 2025, 21:39","","Lunge (Barbell)",,"No yoga pad under this time, was a little wobbly on the left side",2,"normal",135,10,,,
"Evening workout 🏋️","4 Nov 2025, 20:53","4 Nov 2025, 21:39","","Lunge (Barbell)",,"No yoga pad under this time, was a little wobbly on the left side",3,"normal",135,10,,,
"Evening workout 🏋️","4 Nov 2025, 20:53","4 Nov 2025, 21:39","","Lunge (Barbell)",,"No yoga pad under this time, was a little wobbly on the left side",4,"normal",135,10,,,
"Evening workout 🏋️","4 Nov 2025, 20:53","4 Nov 2025, 21:39","","Single Leg Romanian Deadlift (Dumbbell)",,"",0,"normal",44,10,,,
"Evening workout 🏋️","4 Nov 2025, 20:53","4 Nov 2025, 21:39","","Single Leg Romanian Deadlift (Dumbbell)",,"",1,"normal",44,10,,,
"Evening workout 🏋️","4 Nov 2025, 20:53","4 Nov 2025, 21:39","","Single Leg Romanian Deadlift (Dumbbell)",,"",2,"normal",44,10,,,
"Evening workout 🏋️","4 Nov 2025, 20:53","4 Nov 2025, 21:39","","Single Leg Romanian Deadlift (Dumbbell)",,"",3,"normal",44,10,,,
"Evening workout 🏋️","4 Nov 2025, 20:53","4 Nov 2025, 21:39","","Seated Cable Row - V Grip (Cable)",,"",0,"normal",110,10,,,
"Evening workout 🏋️","4 Nov 2025, 20:53","4 Nov 2025, 21:39","","Seated Cable Row - V Grip (Cable)",,"",1,"normal",120,10,,,
"Evening workout 🏋️","4 Nov 2025, 20:53","4 Nov 2025, 21:39","","Seated Cable Row - V Grip (Cable)",,"",2,"normal",130,10,,,
"Quick","25 Oct 2025, 14:13","25 Oct 2025, 14:44","","Incline Bench Press (Barbell)",,"",0,"warmup",45,10,,,
"Quick","25 Oct 2025, 14:13","25 Oct 2025, 14:44","","Incline Bench Press (Barbell)",,"",1,"warmup",95,6,,,
"Quick","25 Oct 2025, 14:13","25 Oct 2025, 14:44","","Incline Bench Press (Barbell)",,"",2,"normal",95,8,,,
"Quick","25 Oct 2025, 14:13","25 Oct 2025, 14:44","","Incline Bench Press (Barbell)",,"",3,"normal",95,8,,,
"Quick","25 Oct 2025, 14:13","25 Oct 2025, 14:44","","Incline Bench Press (Barbell)",,"",4,"normal",115,6,,,
"Quick","25 Oct 2025, 14:13","25 Oct 2025, 14:44","","Deadlift (Barbell)",,"",0,"warmup",135,8,,,
"Quick","25 Oct 2025, 14:13","25 Oct 2025, 14:44","","Clean",,"",0,"normal",135,5,,,
"Slow day at the gym","19 Oct 2025, 14:41","19 Oct 2025, 16:02","","Stretching",,"",0,"normal",,,,2280,
"Slow day at the gym","19 Oct 2025, 14:41","19 Oct 2025, 16:02","","Face Pull",,"",0,"normal",35,12,,,
"Slow day at the gym","19 Oct 2025, 14:41","19 Oct 2025, 16:02","","Face Pull",,"",1,"normal",35,12,,,
"Slow day at the gym","19 Oct 2025, 14:41","19 Oct 2025, 16:02","","Face Pull",,"",2,"normal",35,12,,,
"Slow day at the gym","19 Oct 2025, 14:41","19 Oct 2025, 16:02","","Straight Arm Lat Pulldown (Cable)",,"",0,"normal",35,12,,,
"Slow day at the gym","19 Oct 2025, 14:41","19 Oct 2025, 16:02","","Straight Arm Lat Pulldown (Cable)",,"",1,"normal",35,12,,,
"Slow day at the gym","19 Oct 2025, 14:41","19 Oct 2025, 16:02","","Straight Arm Lat Pulldown (Cable)",,"",2,"normal",35,12,,,
"Slow day at the gym","19 Oct 2025, 14:41","19 Oct 2025, 16:02","","Triceps Rope Pushdown",,"",0,"normal",35,12,,,
"Slow day at the gym","19 Oct 2025, 14:41","19 Oct 2025, 16:02","","Triceps Rope Pushdown",,"",1,"normal",35,12,,,
"Slow day at the gym","19 Oct 2025, 14:41","19 Oct 2025, 16:02","","Triceps Rope Pushdown",,"",2,"normal",35,12,,,
"Slow day at the gym","19 Oct 2025, 14:41","19 Oct 2025, 16:02","","Incline Bench Press (Barbell)",,"",0,"warmup",45,20,,,
"Slow day at the gym","19 Oct 2025, 14:41","19 Oct 2025, 16:02","","Incline Bench Press (Barbell)",,"",1,"normal",115,5,,,
"Slow day at the gym","19 Oct 2025, 14:41","19 Oct 2025, 16:02","","Incline Bench Press (Barbell)",,"",2,"normal",115,5,,,
"Slow day at the gym","19 Oct 2025, 14:41","19 Oct 2025, 16:02","","Incline Bench Press (Barbell)",,"",3,"normal",115,5,,,
"Slow day at the gym","19 Oct 2025, 14:41","19 Oct 2025, 16:02","","Incline Bench Press (Barbell)",,"",4,"normal",115,7,,,
"Slow day at the gym","19 Oct 2025, 14:41","19 Oct 2025, 16:02","","Incline Bench Press (Barbell)",,"",5,"normal",115,7,,,
"Quick pump","17 Oct 2025, 22:30","17 Oct 2025, 22:41","","Pull Up",,"",0,"normal",,3,,,
"Quick pump","17 Oct 2025, 22:30","17 Oct 2025, 22:41","","Pull Up",,"",1,"normal",,3,,,
"Quick pump","17 Oct 2025, 22:30","17 Oct 2025, 22:41","","Pull Up",,"",2,"normal",,3,,,
"Quick pump","17 Oct 2025, 22:30","17 Oct 2025, 22:41","","Overhead Press (Dumbbell)",,"",0,"normal",50,10,,,
"Quick pump","17 Oct 2025, 22:30","17 Oct 2025, 22:41","","Overhead Press (Dumbbell)",,"",1,"normal",50,12,,,
"Quick pump","17 Oct 2025, 22:30","17 Oct 2025, 22:41","","Overhead Press (Dumbbell)",,"",2,"normal",50,12,,,
"Quick pump","17 Oct 2025, 22:30","17 Oct 2025, 22:41","","Lateral Raise (Dumbbell)",,"",0,"normal",50,10,,,
"Quick pump","17 Oct 2025, 22:30","17 Oct 2025, 22:41","","Lateral Raise (Dumbbell)",,"",1,"normal",50,10,,,
"Quick pump","17 Oct 2025, 22:30","17 Oct 2025, 22:41","","Lateral Raise (Dumbbell)",,"",2,"normal",50,10,,,
"Evening workout 🏋️","14 Oct 2025, 20:50","14 Oct 2025, 21:49","","Squat (Barbell)",,"",0,"warmup",135,8,,,
"Evening workout 🏋️","14 Oct 2025, 20:50","14 Oct 2025, 21:49","","Squat (Barbell)",,"",1,"warmup",135,8,,,
"Evening workout 🏋️","14 Oct 2025, 20:50","14 Oct 2025, 21:49","","Squat (Barbell)",,"",2,"normal",185,8,,,
"Evening workout 🏋️","14 Oct 2025, 20:50","14 Oct 2025, 21:49","","Squat (Barbell)",,"",3,"normal",185,8,,,
"Evening workout 🏋️","14 Oct 2025, 20:50","14 Oct 2025, 21:49","","Squat (Barbell)",,"",4,"normal",205,6,,,
"Evening workout 🏋️","14 Oct 2025, 20:50","14 Oct 2025, 21:49","","Single Leg Romanian Deadlift (Dumbbell)",,"Kettlebell. Lots of swinging not very good balance. Got better affer first set. Superset tib raises",0,"normal",53,10,,,
"Evening workout 🏋️","14 Oct 2025, 20:50","14 Oct 2025, 21:49","","Single Leg Romanian Deadlift (Dumbbell)",,"Kettlebell. Lots of swinging not very good balance. Got better affer first set. Superset tib raises",1,"normal",53,10,,,
"Evening workout 🏋️","14 Oct 2025, 20:50","14 Oct 2025, 21:49","","Single Leg Romanian Deadlift (Dumbbell)",,"Kettlebell. Lots of swinging not very good balance. Got better affer first set. Superset tib raises",2,"normal",53,10,,,
"Evening workout 🏋️","14 Oct 2025, 20:50","14 Oct 2025, 21:49","","Single Leg Romanian Deadlift (Dumbbell)",,"Kettlebell. Lots of swinging not very good balance. Got better affer first set. Superset tib raises",3,"normal",53,10,,,
"Mostly stretching","13 Oct 2025, 12:58","13 Oct 2025, 14:11","","Stretching",,"",0,"normal",,,,1805,
"Mostly stretching","13 Oct 2025, 12:58","13 Oct 2025, 14:11","","Lunge (Barbell)",,"More split squat style with yoga pad under",0,"warmup",45,10,,,
"Mostly stretching","13 Oct 2025, 12:58","13 Oct 2025, 14:11","","Lunge (Barbell)",,"More split squat style with yoga pad under",1,"warmup",45,10,,,
"Mostly stretching","13 Oct 2025, 12:58","13 Oct 2025, 14:11","","Lunge (Barbell)",,"More split squat style with yoga pad under",2,"warmup",45,10,,,
"Mostly stretching","13 Oct 2025, 12:58","13 Oct 2025, 14:11","","Lunge (Barbell)",,"More split squat style with yoga pad under",3,"warmup",45,10,,,
"Mostly stretching","13 Oct 2025, 12:58","13 Oct 2025, 14:11","","Lunge (Barbell)",,"More split squat style with yoga pad under",4,"normal",135,10,,,
"Mostly stretching","13 Oct 2025, 12:58","13 Oct 2025, 14:11","","Lunge (Barbell)",,"More split squat style with yoga pad under",5,"normal",135,14,,,
"Mostly stretching","13 Oct 2025, 12:58","13 Oct 2025, 14:11","","Deadlift (Barbell)",,"",0,"warmup",135,5,,,
"Mostly stretching","13 Oct 2025, 12:58","13 Oct 2025, 14:11","","Deadlift (Barbell)",,"",1,"warmup",135,10,,,
"Mostly stretching","13 Oct 2025, 12:58","13 Oct 2025, 14:11","","Deadlift (Barbell)",,"",2,"warmup",135,12,,,
"Mostly stretching","13 Oct 2025, 12:58","13 Oct 2025, 14:11","","Incline Bench Press (Dumbbell)",,"",0,"normal",80,12,,,
"Mostly stretching","13 Oct 2025, 12:58","13 Oct 2025, 14:11","","Incline Bench Press (Dumbbell)",,"",1,"normal",90,12,,,
"Mostly stretching","13 Oct 2025, 12:58","13 Oct 2025, 14:11","","Incline Bench Press (Dumbbell)",,"",2,"normal",90,12,,,
"Evening workout 🏋️","30 Sep 2025, 19:12","30 Sep 2025, 21:02","","Cycling",,"",0,"normal",,,3.1,773,
"Evening workout 🏋️","30 Sep 2025, 19:12","30 Sep 2025, 21:02","","Stretching",,"Did more 50/50’s and also did some bosu ball balancing! Can balance in quad stretch for almost 45s now",0,"normal",,,,2256,
"Evening workout 🏋️","30 Sep 2025, 19:12","30 Sep 2025, 21:02","","Lunge (Barbell)",,"Reverse lunge superset with tib raise \nUse green pad this time to ensure depth\nThough it kinda felt like cheating and i think it made things easier for me",0,"warmup",45,10,,,
"Evening workout 🏋️","30 Sep 2025, 19:12","30 Sep 2025, 21:02","","Lunge (Barbell)",,"Reverse lunge superset with tib raise \nUse green pad this time to ensure depth\nThough it kinda felt like cheating and i think it made things easier for me",1,"warmup",45,10,,,
"Evening workout 🏋️","30 Sep 2025, 19:12","30 Sep 2025, 21:02","","Lunge (Barbell)",,"Reverse lunge superset with tib raise \nUse green pad this time to ensure depth\nThough it kinda felt like cheating and i think it made things easier for me",2,"warmup",45,10,,,
"Evening workout 🏋️","30 Sep 2025, 19:12","30 Sep 2025, 21:02","","Lunge (Barbell)",,"Reverse lunge superset with tib raise \nUse green pad this time to ensure depth\nThough it kinda felt like cheating and i think it made things easier for me",3,"warmup",45,10,,,
"Evening workout 🏋️","30 Sep 2025, 19:12","30 Sep 2025, 21:02","","Lunge (Barbell)",,"Reverse lunge superset with tib raise \nUse green pad this time to ensure depth\nThough it kinda felt like cheating and i think it made things easier for me",4,"normal",115,16,,,
"Evening workout 🏋️","30 Sep 2025, 19:12","30 Sep 2025, 21:02","","Lunge (Barbell)",,"Reverse lunge superset with tib raise \nUse green pad this time to ensure depth\nThough it kinda felt like cheating and i think it made things easier for me",5,"normal",135,16,,,
"Evening workout 🏋️","30 Sep 2025, 19:12","30 Sep 2025, 21:02","","Lunge (Barbell)",,"Reverse lunge superset with tib raise \nUse green pad this time to ensure depth\nThough it kinda felt like cheating and i think it made things easier for me",6,"normal",155,16,,,
"Evening workout 🏋️","30 Sep 2025, 19:12","30 Sep 2025, 21:02","","Lunge (Barbell)",,"Reverse lunge superset with tib raise \nUse green pad this time to ensure depth\nThough it kinda felt like cheating and i think it made things easier for me",7,"normal",165,16,,,
"Evening workout 🏋️","30 Sep 2025, 19:12","30 Sep 2025, 21:02","","Leg Press Horizontal (Machine)",,"",0,"normal",2.2,10,,,
"Evening workout 🏋️","30 Sep 2025, 19:12","30 Sep 2025, 21:02","","Leg Press Horizontal (Machine)",,"",1,"normal",2.2,15,,,
"Evening workout 🏋️","30 Sep 2025, 19:12","30 Sep 2025, 21:02","","Leg Press Horizontal (Machine)",,"",2,"normal",2.4,15,,,
"Evening workout 🏋️","23 Sep 2025, 19:20","23 Sep 2025, 20:15","","Cycling",,"With resistance band should press and high rows as upper body warm up",0,"normal",,,3.7,607,
"Evening workout 🏋️","23 Sep 2025, 19:20","23 Sep 2025, 20:15","","Clean",,"",0,"warmup",95,5,,,
"Evening workout 🏋️","23 Sep 2025, 19:20","23 Sep 2025, 20:15","","Clean",,"",1,"warmup",95,5,,,
"Evening workout 🏋️","23 Sep 2025, 19:20","23 Sep 2025, 20:15","","Clean",,"",2,"normal",145,5,,,
"Evening workout 🏋️","23 Sep 2025, 19:20","23 Sep 2025, 20:15","","Clean",,"",3,"normal",145,5,,,
"Evening workout 🏋️","23 Sep 2025, 19:20","23 Sep 2025, 20:15","","Clean",,"",4,"normal",145,5,,,
"Evening workout 🏋️","23 Sep 2025, 19:20","23 Sep 2025, 20:15","","Deadlift (Barbell)",,"",0,"warmup",145,5,,,
"Evening workout 🏋️","23 Sep 2025, 19:20","23 Sep 2025, 20:15","","Deadlift (Barbell)",,"",1,"normal",215,6,,,
"Evening workout 🏋️","23 Sep 2025, 19:20","23 Sep 2025, 20:15","","Deadlift (Barbell)",,"",2,"normal",215,6,,,
"Evening workout 🏋️","23 Sep 2025, 19:20","23 Sep 2025, 20:15","","Deadlift (Barbell)",,"",3,"normal",255,6,,,
"Late night workout 🌙","22 Sep 2025, 21:07","22 Sep 2025, 22:08","","Stretching",,"Single leg rdl, step down pyrmaid (side back dragon front), depth jump progression. Was really nice to stretch sore arches on the corner of bkx like a lax ball.",0,"normal",,,,2067,
"Late night workout 🌙","22 Sep 2025, 21:07","22 Sep 2025, 22:08","","Lunge (Barbell)",,"Reverse lunge. Superset with tib raises / rotation on band",0,"warmup",45,16,,,
"Late night workout 🌙","22 Sep 2025, 21:07","22 Sep 2025, 22:08","","Lunge (Barbell)",,"Reverse lunge. Superset with tib raises / rotation on band",1,"normal",115,14,,,
"Late night workout 🌙","22 Sep 2025, 21:07","22 Sep 2025, 22:08","","Lunge (Barbell)",,"Reverse lunge. Superset with tib raises / rotation on band",2,"normal",115,14,,,
"Late night workout 🌙","22 Sep 2025, 21:07","22 Sep 2025, 22:08","","Lunge (Barbell)",,"Reverse lunge. Superset with tib raises / rotation on band",3,"normal",135,14,,,
"Late night workout 🌙","22 Sep 2025, 21:07","22 Sep 2025, 22:08","","Lunge (Barbell)",,"Reverse lunge. Superset with tib raises / rotation on band",4,"normal",135,14,,,
"Late night workout 🌙","22 Sep 2025, 21:07","22 Sep 2025, 22:08","","Single Leg Romanian Deadlift (Dumbbell)",,"",0,"normal",40,10,,,
"Late night workout 🌙","22 Sep 2025, 21:07","22 Sep 2025, 22:08","","Single Leg Romanian Deadlift (Dumbbell)",,"",1,"normal",40,10,,,
"Late night workout 🌙","22 Sep 2025, 21:07","22 Sep 2025, 22:08","","Single Leg Romanian Deadlift (Dumbbell)",,"",2,"normal",40,10,,,
"Late night workout 🌙","22 Sep 2025, 21:07","22 Sep 2025, 22:08","","Single Leg Romanian Deadlift (Dumbbell)",,"",3,"normal",40,10,,,
"Quick post run","18 Sep 2025, 22:29","18 Sep 2025, 23:02","","Rowing Machine",,"",0,"normal",,,0.63,308,
"Quick post run","18 Sep 2025, 22:29","18 Sep 2025, 23:02","","Bench Press (Barbell)",,"Warmed up with orange band rotator cuff stuff. Suicide grip.",0,"warmup",45,10,,,
"Quick post run","18 Sep 2025, 22:29","18 Sep 2025, 23:02","","Bench Press (Barbell)",,"Warmed up with orange band rotator cuff stuff. Suicide grip.",1,"warmup",45,10,,,
"Quick post run","18 Sep 2025, 22:29","18 Sep 2025, 23:02","","Bench Press (Barbell)",,"Warmed up with orange band rotator cuff stuff. Suicide grip.",2,"warmup",115,10,,,
"Quick post run","18 Sep 2025, 22:29","18 Sep 2025, 23:02","","Bench Press (Barbell)",,"Warmed up with orange band rotator cuff stuff. Suicide grip.",3,"normal",135,8,,,
"Quick post run","18 Sep 2025, 22:29","18 Sep 2025, 23:02","","Bench Press (Barbell)",,"Warmed up with orange band rotator cuff stuff. Suicide grip.",4,"normal",155,5,,,
"Super long leg sesh","16 Sep 2025, 19:00","16 Sep 2025, 20:27","","Stretching",,"Tib raises step downs single leg calf raise\n\nPhilosphy was to pyrmaid up \n\nSo started just single leg step down,m back, then back and dragon, then back and dragon and cossack, then finally with patrick step \n\nAlso did single leg calf raise no balance\n\nHeld single leg quad stretch for time\n\nBox jump no hands into depth jumps",0,"normal",,,,1800,
"Super long leg sesh","16 Sep 2025, 19:00","16 Sep 2025, 20:27","","Single Leg Romanian Deadlift (Dumbbell)",,"",0,"normal",44,10,,,
"Super long leg sesh","16 Sep 2025, 19:00","16 Sep 2025, 20:27","","Single Leg Romanian Deadlift (Dumbbell)",,"",1,"normal",44,10,,,
"Super long leg sesh","16 Sep 2025, 19:00","16 Sep 2025, 20:27","","Single Leg Romanian Deadlift (Dumbbell)",,"",2,"normal",44,10,,,
"Super long leg sesh","16 Sep 2025, 19:00","16 Sep 2025, 20:27","","Single Leg Romanian Deadlift (Dumbbell)",,"",3,"normal",44,10,,,
"Super long leg sesh","16 Sep 2025, 19:00","16 Sep 2025, 20:27","","Kettlebell Swing",,"/10 for volume reduction as active rest and closed eyes balance",0,"normal",4.4,10,,,
"Super long leg sesh","16 Sep 2025, 19:00","16 Sep 2025, 20:27","","Kettlebell Swing",,"/10 for volume reduction as active rest and closed eyes balance",1,"normal",4.4,10,,,
"Super long leg sesh","16 Sep 2025, 19:00","16 Sep 2025, 20:27","","Kettlebell Swing",,"/10 for volume reduction as active rest and closed eyes balance",2,"normal",4.4,10,,,
"Super long leg sesh","16 Sep 2025, 19:00","16 Sep 2025, 20:27","","Kettlebell Swing",,"/10 for volume reduction as active rest and closed eyes balance",3,"normal",4.4,10,,,
"Super long leg sesh","16 Sep 2025, 19:00","16 Sep 2025, 20:27","","Lunge (Barbell)",,"Reverse lunge. Got hella depth thanks to the super long warmup",0,"warmup",45,16,,,
"Super long leg sesh","16 Sep 2025, 19:00","16 Sep 2025, 20:27","","Lunge (Barbell)",,"Reverse lunge. Got hella depth thanks to the super long warmup",1,"normal",95,10,,,
"Super long leg sesh","16 Sep 2025, 19:00","16 Sep 2025, 20:27","","Lunge (Barbell)",,"Reverse lunge. Got hella depth thanks to the super long warmup",2,"normal",95,14,,,
"Super long leg sesh","16 Sep 2025, 19:00","16 Sep 2025, 20:27","","Lunge (Barbell)",,"Reverse lunge. Got hella depth thanks to the super long warmup",3,"normal",135,14,,,
"Super long leg sesh","16 Sep 2025, 19:00","16 Sep 2025, 20:27","","Lunge (Barbell)",,"Reverse lunge. Got hella depth thanks to the super long warmup",4,"normal",135,14,,,
"Super long leg sesh","16 Sep 2025, 19:00","16 Sep 2025, 20:27","","Pull Up",,"",0,"normal",,2,,,
"Super long leg sesh","16 Sep 2025, 19:00","16 Sep 2025, 20:27","","Pull Up",,"",1,"normal",,2,,,
"Super long leg sesh","16 Sep 2025, 19:00","16 Sep 2025, 20:27","","Pull Up",,"",2,"normal",,2,,,
"Super long leg sesh","16 Sep 2025, 19:00","16 Sep 2025, 20:27","","Leg Press Horizontal (Machine)",,"Deflating volume 20 = 200. Just a finisher, bad form and depth",0,"normal",20,10,,,
"Super long leg sesh","16 Sep 2025, 19:00","16 Sep 2025, 20:27","","Leg Press Horizontal (Machine)",,"Deflating volume 20 = 200. Just a finisher, bad form and depth",1,"normal",2.1,12,,,
"Super long leg sesh","16 Sep 2025, 19:00","16 Sep 2025, 20:27","","Leg Press Horizontal (Machine)",,"Deflating volume 20 = 200. Just a finisher, bad form and depth",2,"normal",2.2,10,,,
"Quick stretch","14 Sep 2025, 19:51","14 Sep 2025, 20:28","","Stretching",,"Tib raises eye closed balancing and more",0,"normal",,,,1500,
"Quick stretch","14 Sep 2025, 19:51","14 Sep 2025, 20:28","","Incline Bench Press (Dumbbell)",,"",0,"warmup",80,10,,,
"Quick stretch","14 Sep 2025, 19:51","14 Sep 2025, 20:28","","Incline Bench Press (Dumbbell)",,"",1,"normal",80,10,,,
"Quick stretch","14 Sep 2025, 19:51","14 Sep 2025, 20:28","","Incline Bench Press (Dumbbell)",,"",2,"normal",80,10,,,
"Quick stretch","14 Sep 2025, 19:51","14 Sep 2025, 20:28","","Incline Bench Press (Dumbbell)",,"",3,"normal",80,12,,,
"Evening workout 🏋️","9 Sep 2025, 20:38","9 Sep 2025, 20:58","","Stretching",,"",0,"normal",,,,1200,
"Late night workout 🌙","8 Sep 2025, 21:13","8 Sep 2025, 22:08","","Stretching",,"Step downs, tib raises, calf raises, lateral leg swing",0,"normal",,,,600,
"Late night workout 🌙","8 Sep 2025, 21:13","8 Sep 2025, 22:08","","Single Leg Romanian Deadlift (Dumbbell)",,"",0,"normal",35.25,10,,,
"Late night workout 🌙","8 Sep 2025, 21:13","8 Sep 2025, 22:08","","Single Leg Romanian Deadlift (Dumbbell)",,"",1,"normal",35.25,10,,,
"Late night workout 🌙","8 Sep 2025, 21:13","8 Sep 2025, 22:08","","Single Leg Romanian Deadlift (Dumbbell)",,"",2,"normal",35.25,10,,,
"Late night workout 🌙","8 Sep 2025, 21:13","8 Sep 2025, 22:08","","Single Leg Romanian Deadlift (Dumbbell)",,"",3,"normal",35.25,10,,,
"Late night workout 🌙","8 Sep 2025, 21:13","8 Sep 2025, 22:08","","Single Leg Romanian Deadlift (Dumbbell)",,"",4,"normal",35.25,10,,,
"Late night workout 🌙","8 Sep 2025, 21:13","8 Sep 2025, 22:08","","Squat (Barbell)",,"",0,"warmup",135,5,,,
"Late night workout 🌙","8 Sep 2025, 21:13","8 Sep 2025, 22:08","","Squat (Barbell)",,"",1,"normal",185,5,,,
"Late night workout 🌙","8 Sep 2025, 21:13","8 Sep 2025, 22:08","","Squat (Barbell)",,"",2,"normal",185,5,,,
"Late night workout 🌙","8 Sep 2025, 21:13","8 Sep 2025, 22:08","","Squat (Barbell)",,"",3,"normal",185,5,,,
"PT Exercises","7 Sep 2025, 22:45","7 Sep 2025, 23:20","","Stretching",,"Did some combo of\n\n- Black rouge band leg side extension\n- Bosu ball balance one leg\n- Tib raises\n- Calf raises\n- Single leg RDL\n- 12in box back, side, front stepdowns",0,"normal",,,,1200,
"Evening workout 🏋️","4 Sep 2025, 20:28","4 Sep 2025, 21:41","","Clean",,"",0,"warmup",95,5,,,
"Evening workout 🏋️","4 Sep 2025, 20:28","4 Sep 2025, 21:41","","Clean",,"",1,"warmup",95,5,,,
"Evening workout 🏋️","4 Sep 2025, 20:28","4 Sep 2025, 21:41","","Clean",,"",2,"normal",115,5,,,
"Evening workout 🏋️","4 Sep 2025, 20:28","4 Sep 2025, 21:41","","Clean",,"",3,"normal",115,5,,,
"Evening workout 🏋️","4 Sep 2025, 20:28","4 Sep 2025, 21:41","","Clean",,"",4,"normal",115,5,,,
"Evening workout 🏋️","4 Sep 2025, 20:28","4 Sep 2025, 21:41","","Clean",,"",5,"normal",135,5,,,
"Evening workout 🏋️","4 Sep 2025, 20:28","4 Sep 2025, 21:41","","Rowing Machine",,"",0,"normal",,,1.08,602,
"Evening workout 🏋️","4 Sep 2025, 20:28","4 Sep 2025, 21:41","","Single Leg Romanian Deadlift (Dumbbell)",,"",0,"normal",35.25,10,,,
"Evening workout 🏋️","4 Sep 2025, 20:28","4 Sep 2025, 21:41","","Single Leg Romanian Deadlift (Dumbbell)",,"",1,"normal",35.25,10,,,
"Evening workout 🏋️","4 Sep 2025, 20:28","4 Sep 2025, 21:41","","Single Leg Romanian Deadlift (Dumbbell)",,"",2,"normal",35.25,10,,,
"Evening workout 🏋️","4 Sep 2025, 20:28","4 Sep 2025, 21:41","","Single Leg Romanian Deadlift (Dumbbell)",,"",3,"normal",35.25,10,,,
"Evening workout 🏋️","4 Sep 2025, 20:28","4 Sep 2025, 21:41","","Single Leg Standing Calf Raise",,"",0,"normal",,20,,,
"Evening workout 🏋️","4 Sep 2025, 20:28","4 Sep 2025, 21:41","","Single Leg Standing Calf Raise",,"",1,"normal",,20,,,
"Evening workout 🏋️","4 Sep 2025, 20:28","4 Sep 2025, 21:41","","Single Leg Standing Calf Raise",,"",2,"normal",,20,,,
"Evening workout 🏋️","4 Sep 2025, 20:28","4 Sep 2025, 21:41","","Single Leg Standing Calf Raise",,"",3,"normal",,20,,,
"Evening workout 🏋️","4 Sep 2025, 20:28","4 Sep 2025, 21:41","","Face Pull",,"",0,"normal",35,12,,,
"Evening workout 🏋️","4 Sep 2025, 20:28","4 Sep 2025, 21:41","","Face Pull",,"",1,"normal",35,12,,,
"Evening workout 🏋️","4 Sep 2025, 20:28","4 Sep 2025, 21:41","","Face Pull",,"",2,"normal",35,12,,,
"Evening workout 🏋️","4 Sep 2025, 20:28","4 Sep 2025, 21:41","","Straight Arm Lat Pulldown (Cable)",,"",0,"normal",35,12,,,
"Evening workout 🏋️","4 Sep 2025, 20:28","4 Sep 2025, 21:41","","Straight Arm Lat Pulldown (Cable)",,"",1,"normal",35,12,,,
"Evening workout 🏋️","4 Sep 2025, 20:28","4 Sep 2025, 21:41","","Straight Arm Lat Pulldown (Cable)",,"",2,"normal",35,12,,,
"Evening workout 🏋️","4 Sep 2025, 20:28","4 Sep 2025, 21:41","","Triceps Rope Pushdown",,"",0,"normal",35,12,,,
"Evening workout 🏋️","4 Sep 2025, 20:28","4 Sep 2025, 21:41","","Triceps Rope Pushdown",,"",1,"normal",35,12,,,
"Evening workout 🏋️","4 Sep 2025, 20:28","4 Sep 2025, 21:41","","Triceps Rope Pushdown",,"",2,"normal",35,12,,,
"Late night workout 🌙","1 Sep 2025, 21:50","1 Sep 2025, 22:31","","Rowing Machine",,"",0,"normal",,,1.19,605,
"Late night workout 🌙","1 Sep 2025, 21:50","1 Sep 2025, 22:31","","Romanian Deadlift (Barbell)",,"With band around knees",0,"warmup",45,10,,,
"Late night workout 🌙","1 Sep 2025, 21:50","1 Sep 2025, 22:31","","Romanian Deadlift (Barbell)",,"With band around knees",1,"normal",115,6,,,
"Late night workout 🌙","1 Sep 2025, 21:50","1 Sep 2025, 22:31","","Romanian Deadlift (Barbell)",,"With band around knees",2,"normal",115,8,,,
"Late night workout 🌙","1 Sep 2025, 21:50","1 Sep 2025, 22:31","","Romanian Deadlift (Barbell)",,"With band around knees",3,"normal",115,10,,,
"Late night workout 🌙","1 Sep 2025, 21:50","1 Sep 2025, 22:31","","Pull Up",,"",0,"normal",,2,,,
"Late night workout 🌙","1 Sep 2025, 21:50","1 Sep 2025, 22:31","","Pull Up",,"",1,"normal",,2,,,
"Late night workout 🌙","1 Sep 2025, 21:50","1 Sep 2025, 22:31","","Pull Up",,"",2,"normal",,2,,,
"Late night workout 🌙","1 Sep 2025, 21:50","1 Sep 2025, 22:31","","Face Pull",,"It’s 35lbs but labeled as 70lbs",0,"normal",35,12,,,
"Late night workout 🌙","1 Sep 2025, 21:50","1 Sep 2025, 22:31","","Face Pull",,"It’s 35lbs but labeled as 70lbs",1,"normal",35,12,,,
"Late night workout 🌙","1 Sep 2025, 21:50","1 Sep 2025, 22:31","","Face Pull",,"It’s 35lbs but labeled as 70lbs",2,"normal",35,12,,,
"Late night workout 🌙","1 Sep 2025, 21:50","1 Sep 2025, 22:31","","Straight Arm Lat Pulldown (Cable)",,"",0,"normal",35,12,,,
"Late night workout 🌙","1 Sep 2025, 21:50","1 Sep 2025, 22:31","","Straight Arm Lat Pulldown (Cable)",,"",1,"normal",35,12,,,
"Late night workout 🌙","1 Sep 2025, 21:50","1 Sep 2025, 22:31","","Straight Arm Lat Pulldown (Cable)",,"",2,"normal",35,12,,,
"Late night workout 🌙","1 Sep 2025, 21:50","1 Sep 2025, 22:31","","Triceps Rope Pushdown",,"",0,"normal",35,12,,,
"Late night workout 🌙","1 Sep 2025, 21:50","1 Sep 2025, 22:31","","Triceps Rope Pushdown",,"",1,"normal",35,12,,,
"Late night workout 🌙","1 Sep 2025, 21:50","1 Sep 2025, 22:31","","Triceps Rope Pushdown",,"",2,"normal",35,12,,,
"Quick","27 Aug 2025, 22:07","27 Aug 2025, 22:50","","Rowing Machine",,"",0,"normal",,,1.11,602,
"Quick","27 Aug 2025, 22:07","27 Aug 2025, 22:50","","Boxing",,"",0,"normal",,,,225,
"Quick","27 Aug 2025, 22:07","27 Aug 2025, 22:50","","Incline Bench Press (Barbell)",,"",0,"warmup",45,20,,,
"Quick","27 Aug 2025, 22:07","27 Aug 2025, 22:50","","Incline Bench Press (Barbell)",,"",1,"warmup",95,10,,,
"Quick","27 Aug 2025, 22:07","27 Aug 2025, 22:50","","Incline Bench Press (Barbell)",,"",2,"warmup",95,10,,,
"Quick","27 Aug 2025, 22:07","27 Aug 2025, 22:50","","Incline Bench Press (Barbell)",,"",3,"normal",115,6,,,
"Quick","27 Aug 2025, 22:07","27 Aug 2025, 22:50","","Incline Bench Press (Barbell)",,"",4,"normal",115,8,,,
"Recovering","25 Aug 2025, 20:58","25 Aug 2025, 21:45","Some posterior tendon pain I think doing a lot of KOT and taking it easy","Cycling",,"",0,"normal",,,6.27,1420,
"Recovering","25 Aug 2025, 20:58","25 Aug 2025, 21:45","Some posterior tendon pain I think doing a lot of KOT and taking it easy","Single Leg Standing Calf Raise",,"",0,"normal",,20,,,
"Recovering","25 Aug 2025, 20:58","25 Aug 2025, 21:45","Some posterior tendon pain I think doing a lot of KOT and taking it easy","Single Leg Standing Calf Raise",,"",1,"normal",,20,,,
"Recovering","25 Aug 2025, 20:58","25 Aug 2025, 21:45","Some posterior tendon pain I think doing a lot of KOT and taking it easy","Standing Calf Raise",,"",0,"normal",,25,,,
"Recovering","25 Aug 2025, 20:58","25 Aug 2025, 21:45","Some posterior tendon pain I think doing a lot of KOT and taking it easy","Standing Calf Raise",,"",1,"normal",,25,,,
"Recovering","25 Aug 2025, 20:58","25 Aug 2025, 21:45","Some posterior tendon pain I think doing a lot of KOT and taking it easy","Standing Calf Raise",,"",2,"normal",,25,,,
"Recovering","25 Aug 2025, 20:58","25 Aug 2025, 21:45","Some posterior tendon pain I think doing a lot of KOT and taking it easy","Stretching",,"Lots of single leg step downs, tried DIY tib raises at 12.5, 20, 30 lbs",0,"normal",,,,300,
"Light","18 Aug 2025, 21:56","18 Aug 2025, 22:33","","Split Squat (Dumbbell)",,"",0,"normal",80,16,,,
"Light","18 Aug 2025, 21:56","18 Aug 2025, 22:33","","Split Squat (Dumbbell)",,"",1,"normal",80,20,,,
"Light","18 Aug 2025, 21:56","18 Aug 2025, 22:33","","Split Squat (Dumbbell)",,"",2,"normal",80,20,,,
"Light","18 Aug 2025, 21:56","18 Aug 2025, 22:33","","Bent Over Row (Dumbbell)",,"",0,"normal",80,12,,,
"Light","18 Aug 2025, 21:56","18 Aug 2025, 22:33","","Bent Over Row (Dumbbell)",,"",1,"normal",80,12,,,
"Light","18 Aug 2025, 21:56","18 Aug 2025, 22:33","","Bent Over Row (Dumbbell)",,"",2,"normal",80,12,,,
"Light","18 Aug 2025, 21:56","18 Aug 2025, 22:33","","Hip Abduction (Machine)",,"",0,"normal",12,12,,,
"Light","18 Aug 2025, 21:56","18 Aug 2025, 22:33","","Hip Abduction (Machine)",,"",1,"normal",12,12,,,
"Light","18 Aug 2025, 21:56","18 Aug 2025, 22:33","","Hip Abduction (Machine)",,"",2,"normal",13,12,,,
"Light","18 Aug 2025, 21:56","18 Aug 2025, 22:33","","Hip Abduction (Machine)",,"",3,"normal",14,12,,,
"Light","18 Aug 2025, 21:56","18 Aug 2025, 22:33","","Squat (Barbell)",,"Taking it chill",0,"warmup",135,5,,,
"Light","18 Aug 2025, 21:56","18 Aug 2025, 22:33","","Squat (Barbell)",,"Taking it chill",1,"warmup",135,5,,,
"Light","18 Aug 2025, 21:56","18 Aug 2025, 22:33","","Squat (Barbell)",,"Taking it chill",2,"warmup",135,5,,,
"Light","18 Aug 2025, 21:56","18 Aug 2025, 22:33","","Chin Up",,"",0,"normal",,5,,,
"Light","18 Aug 2025, 21:56","18 Aug 2025, 22:33","","Chin Up",,"",1,"normal",,5,,,
"Afternoon workout 💪","10 Aug 2025, 18:21","10 Aug 2025, 18:53","","Incline Bench Press (Barbell)",,"",0,"warmup",45,10,,,
"Afternoon workout 💪","10 Aug 2025, 18:21","10 Aug 2025, 18:53","","Incline Bench Press (Barbell)",,"",1,"warmup",45,10,,,
"Afternoon workout 💪","10 Aug 2025, 18:21","10 Aug 2025, 18:53","","Incline Bench Press (Barbell)",,"",2,"warmup",95,8,,,
"Afternoon workout 💪","10 Aug 2025, 18:21","10 Aug 2025, 18:53","","Incline Bench Press (Barbell)",,"",3,"warmup",95,8,,,
"Afternoon workout 💪","10 Aug 2025, 18:21","10 Aug 2025, 18:53","","Incline Bench Press (Barbell)",,"",4,"normal",115,6,,,
"Afternoon workout 💪","10 Aug 2025, 18:21","10 Aug 2025, 18:53","","Incline Bench Press (Barbell)",,"",5,"normal",115,6,,,
"Afternoon workout 💪","10 Aug 2025, 18:21","10 Aug 2025, 18:53","","Incline Bench Press (Barbell)",,"",6,"normal",115,6,,,
"Afternoon workout 💪","10 Aug 2025, 18:21","10 Aug 2025, 18:53","","Lateral Raise (Cable)",,"",0,"normal",11,16,,,
"Afternoon workout 💪","10 Aug 2025, 18:21","10 Aug 2025, 18:53","","Lateral Raise (Cable)",,"",1,"normal",11,20,,,
"Afternoon workout 💪","10 Aug 2025, 18:21","10 Aug 2025, 18:53","","Lateral Raise (Cable)",,"",2,"normal",11,20,,,
"Afternoon workout 💪","10 Aug 2025, 18:21","10 Aug 2025, 18:53","","Seated Cable Row - V Grip (Cable)",,"",0,"warmup",110,8,,,
"Afternoon workout 💪","10 Aug 2025, 18:21","10 Aug 2025, 18:53","","Seated Cable Row - V Grip (Cable)",,"",1,"normal",121,12,,,
"Afternoon workout 💪","10 Aug 2025, 18:21","10 Aug 2025, 18:53","","Seated Cable Row - V Grip (Cable)",,"",2,"normal",121,12,,,
"Afternoon workout 💪","10 Aug 2025, 18:21","10 Aug 2025, 18:53","","Seated Cable Row - V Grip (Cable)",,"",3,"normal",121,12,,,
"Afternoon workout 💪","4 Aug 2025, 16:24","4 Aug 2025, 17:28","","Clean",,"",0,"warmup",115,5,,,
"Afternoon workout 💪","4 Aug 2025, 16:24","4 Aug 2025, 17:28","","Clean",,"",1,"warmup",115,5,,,
"Afternoon workout 💪","4 Aug 2025, 16:24","4 Aug 2025, 17:28","","Clean",,"",2,"normal",135,5,,,
"Afternoon workout 💪","4 Aug 2025, 16:24","4 Aug 2025, 17:28","","Clean",,"",3,"normal",135,5,,,
"Afternoon workout 💪","4 Aug 2025, 16:24","4 Aug 2025, 17:28","","Clean",,"",4,"normal",135,5,,,
"Afternoon workout 💪","4 Aug 2025, 16:24","4 Aug 2025, 17:28","","Squat (Barbell)",,"",0,"warmup",135,5,,,
"Afternoon workout 💪","4 Aug 2025, 16:24","4 Aug 2025, 17:28","","Squat (Barbell)",,"",1,"warmup",135,5,,,
"Afternoon workout 💪","4 Aug 2025, 16:24","4 Aug 2025, 17:28","","Squat (Barbell)",,"",2,"warmup",135,5,,,
"Afternoon workout 💪","4 Aug 2025, 16:24","4 Aug 2025, 17:28","","Reverse Lunge (Dumbbell)",,"",0,"normal",80,20,,,
"Afternoon workout 💪","4 Aug 2025, 16:24","4 Aug 2025, 17:28","","Reverse Lunge (Dumbbell)",,"",1,"normal",80,20,,,
"Afternoon workout 💪","4 Aug 2025, 16:24","4 Aug 2025, 17:28","","Reverse Lunge (Dumbbell)",,"",2,"normal",80,20,,,
"Afternoon workout 💪","4 Aug 2025, 16:24","4 Aug 2025, 17:28","","Landmine Row",,"135 = two 45’s and then bar",0,"warmup",45,10,,,
"Afternoon workout 💪","4 Aug 2025, 16:24","4 Aug 2025, 17:28","","Landmine Row",,"135 = two 45’s and then bar",1,"normal",90,10,,,
"Afternoon workout 💪","4 Aug 2025, 16:24","4 Aug 2025, 17:28","","Landmine Row",,"135 = two 45’s and then bar",2,"normal",135,10,,,
"Afternoon workout 💪","4 Aug 2025, 16:24","4 Aug 2025, 17:28","","Landmine Row",,"135 = two 45’s and then bar",3,"normal",135,11,,,
"Afternoon workout 💪","4 Aug 2025, 16:24","4 Aug 2025, 17:28","","Hip Abduction (Machine)",,"",0,"normal",12,12,,,
"Afternoon workout 💪","4 Aug 2025, 16:24","4 Aug 2025, 17:28","","Hip Abduction (Machine)",,"",1,"normal",14,12,,,
"Afternoon workout 💪","4 Aug 2025, 16:24","4 Aug 2025, 17:28","","Hip Abduction (Machine)",,"",2,"normal",15,12,,,
"Afternoon workout 💪","4 Aug 2025, 16:24","4 Aug 2025, 17:28","","Lateral Raise (Cable)",,"8 each side for first set",0,"normal",10,16,,,
"Afternoon workout 💪","4 Aug 2025, 16:24","4 Aug 2025, 17:28","","Lateral Raise (Cable)",,"8 each side for first set",1,"normal",10,16,,,
"Afternoon workout 💪","4 Aug 2025, 16:24","4 Aug 2025, 17:28","","Lateral Raise (Cable)",,"8 each side for first set",2,"normal",10,20,,,
"Afternoon workout 💪","4 Aug 2025, 16:24","4 Aug 2025, 17:28","","Rear Delt Reverse Fly (Cable)",,"One side at a time",0,"normal",10,20,,,
"Afternoon workout 💪","4 Aug 2025, 16:24","4 Aug 2025, 17:28","","Rear Delt Reverse Fly (Cable)",,"One side at a time",1,"normal",10,20,,,
"Afternoon workout 💪","4 Aug 2025, 16:24","4 Aug 2025, 17:28","","Rear Delt Reverse Fly (Cable)",,"One side at a time",2,"normal",15,20,,,
"Quick","3 Aug 2025, 11:28","3 Aug 2025, 12:09","","Deadlift (Barbell)",,"",0,"warmup",135,5,,,
"Quick","3 Aug 2025, 11:28","3 Aug 2025, 12:09","","Deadlift (Barbell)",,"",1,"warmup",135,5,,,
"Quick","3 Aug 2025, 11:28","3 Aug 2025, 12:09","","Deadlift (Barbell)",,"",2,"warmup",135,5,,,
"Quick","3 Aug 2025, 11:28","3 Aug 2025, 12:09","","Deadlift (Barbell)",,"",3,"normal",185,5,,,
"Quick","3 Aug 2025, 11:28","3 Aug 2025, 12:09","","Deadlift (Barbell)",,"",4,"normal",185,5,,,
"Quick","3 Aug 2025, 11:28","3 Aug 2025, 12:09","","Deadlift (Barbell)",,"",5,"normal",185,5,,,
"Quick","3 Aug 2025, 11:28","3 Aug 2025, 12:09","","Chin Up",,"",0,"normal",,2,,,
"Quick","3 Aug 2025, 11:28","3 Aug 2025, 12:09","","Chin Up",,"",1,"normal",,2,,,
"Quick","3 Aug 2025, 11:28","3 Aug 2025, 12:09","","Chin Up",,"",2,"normal",,2,,,
"Quick","3 Aug 2025, 11:28","3 Aug 2025, 12:09","","Chin Up",,"",3,"normal",,2,,,
"Quick","3 Aug 2025, 11:28","3 Aug 2025, 12:09","","Chin Up",,"",4,"normal",,2,,,
"Quick","3 Aug 2025, 11:28","3 Aug 2025, 12:09","","Incline Bench Press (Barbell)",,"",0,"warmup",45,10,,,
"Quick","3 Aug 2025, 11:28","3 Aug 2025, 12:09","","Incline Bench Press (Barbell)",,"",1,"normal",115,5,,,
"Quick","3 Aug 2025, 11:28","3 Aug 2025, 12:09","","Incline Bench Press (Barbell)",,"",2,"normal",115,5,,,
"Quick","3 Aug 2025, 11:28","3 Aug 2025, 12:09","","Incline Bench Press (Barbell)",,"",3,"normal",115,8,,,
"Quick","30 Jul 2025, 18:50","30 Jul 2025, 19:11","","Overhead Press (Dumbbell)",,"",0,"normal",50,10,,,
"Quick","30 Jul 2025, 18:50","30 Jul 2025, 19:11","","Overhead Press (Dumbbell)",,"",1,"normal",50,10,,,
"Quick","30 Jul 2025, 18:50","30 Jul 2025, 19:11","","Overhead Press (Dumbbell)",,"",2,"normal",50,10,,,
"Quick","30 Jul 2025, 18:50","30 Jul 2025, 19:11","","Overhead Press (Dumbbell)",,"",3,"normal",50,10,,,
"Quick","30 Jul 2025, 18:50","30 Jul 2025, 19:11","","Deadlift (Dumbbell)",,"",0,"normal",50,10,,,
"Quick","30 Jul 2025, 18:50","30 Jul 2025, 19:11","","Deadlift (Dumbbell)",,"",1,"normal",50,10,,,
"Quick","30 Jul 2025, 18:50","30 Jul 2025, 19:11","","Deadlift (Dumbbell)",,"",2,"normal",50,10,,,
"Quick","30 Jul 2025, 18:50","30 Jul 2025, 19:11","","Deadlift (Dumbbell)",,"",3,"normal",50,10,,,
"Quick","30 Jul 2025, 18:50","30 Jul 2025, 19:11","","Deadlift (Dumbbell)",,"",4,"normal",50,10,,,
"Quick","30 Jul 2025, 18:50","30 Jul 2025, 19:11","","Deadlift (Dumbbell)",,"",5,"normal",50,10,,,
"Quick","30 Jul 2025, 18:50","30 Jul 2025, 19:11","","Bent Over Row (Dumbbell)",,"",0,"normal",70,10,,,
"Quick","30 Jul 2025, 18:50","30 Jul 2025, 19:11","","Bent Over Row (Dumbbell)",,"",1,"normal",70,10,,,
"Quick","30 Jul 2025, 18:50","30 Jul 2025, 19:11","","Bent Over Row (Dumbbell)",,"",2,"normal",70,10,,,
"Quick","30 Jul 2025, 18:50","30 Jul 2025, 19:11","","Ball Slams",,"",0,"normal",4,10,,,
"Quick","30 Jul 2025, 18:50","30 Jul 2025, 19:11","","Ball Slams",,"",1,"normal",4,10,,,
"Mom vs Bevi","26 Jul 2025, 09:03","26 Jul 2025, 09:31","","Overhead Press (Dumbbell)",,"",0,"normal",50,10,,,
"Mom vs Bevi","26 Jul 2025, 09:03","26 Jul 2025, 09:31","","Overhead Press (Dumbbell)",,"",1,"normal",60,10,,,
"Mom vs Bevi","26 Jul 2025, 09:03","26 Jul 2025, 09:31","","Overhead Press (Dumbbell)",,"",2,"normal",30,10,,,
"Mom vs Bevi","26 Jul 2025, 09:03","26 Jul 2025, 09:31","","Lunge (Dumbbell)",,"",0,"normal",50,10,,,
"Mom vs Bevi","26 Jul 2025, 09:03","26 Jul 2025, 09:31","","Lunge (Dumbbell)",,"",1,"normal",60,20,,,
"Mom vs Bevi","26 Jul 2025, 09:03","26 Jul 2025, 09:31","","Lunge (Dumbbell)",,"",2,"normal",70,20,,,
"Mom vs Bevi","26 Jul 2025, 09:03","26 Jul 2025, 09:31","","Ball Slams",,"",0,"normal",4,10,,,
"Mom vs Bevi","26 Jul 2025, 09:03","26 Jul 2025, 09:31","","Ball Slams",,"",1,"normal",4,10,,,
"Mom vs Bevi","26 Jul 2025, 09:03","26 Jul 2025, 09:31","","Ball Slams",,"",2,"normal",6,10,,,
"Mom vs Bevi","26 Jul 2025, 09:03","26 Jul 2025, 09:31","","Deadlift (Dumbbell)",,"",0,"normal",30,10,,,
"Mom vs Bevi","26 Jul 2025, 09:03","26 Jul 2025, 09:31","","Deadlift (Dumbbell)",,"",1,"normal",100,8,,,
"Mom vs Bevi","26 Jul 2025, 09:03","26 Jul 2025, 09:31","","Pull Up",,"",0,"normal",,2,,,
"Quick legs","11 Jul 2025, 16:17","11 Jul 2025, 16:47","","Squat (Barbell)",,"",0,"warmup",45,10,,,
"Quick legs","11 Jul 2025, 16:17","11 Jul 2025, 16:47","","Squat (Barbell)",,"",1,"warmup",135,5,,,
"Quick legs","11 Jul 2025, 16:17","11 Jul 2025, 16:47","","Squat (Barbell)",,"",2,"warmup",135,5,,,
"Quick legs","11 Jul 2025, 16:17","11 Jul 2025, 16:47","","Squat (Barbell)",,"",3,"warmup",135,5,,,
"Quick legs","11 Jul 2025, 16:17","11 Jul 2025, 16:47","","Squat (Barbell)",,"",4,"normal",185,5,,,
"Quick legs","11 Jul 2025, 16:17","11 Jul 2025, 16:47","","Squat (Barbell)",,"",5,"normal",185,5,,,
"Quick legs","11 Jul 2025, 16:17","11 Jul 2025, 16:47","","Squat (Barbell)",,"",6,"normal",185,5,,,
"Quick legs","11 Jul 2025, 16:17","11 Jul 2025, 16:47","","Chin Up",,"",0,"normal",,2,,,
"Quick legs","11 Jul 2025, 16:17","11 Jul 2025, 16:47","","Chin Up",,"",1,"normal",,2,,,
"Quick legs","11 Jul 2025, 16:17","11 Jul 2025, 16:47","","Chin Up",,"",2,"normal",,2,,,
"Quick legs","11 Jul 2025, 16:17","11 Jul 2025, 16:47","","Lunge (Barbell)",,"Smithpp",0,"normal",50,12,,,
"Quick legs","11 Jul 2025, 16:17","11 Jul 2025, 16:47","","Lunge (Barbell)",,"Smithpp",1,"normal",50,16,,,
"Quick legs","11 Jul 2025, 16:17","11 Jul 2025, 16:47","","Lunge (Barbell)",,"Smithpp",2,"normal",50,16,,,
"Upper","10 Jul 2025, 20:39","10 Jul 2025, 21:20","","Seated Shoulder Press (Machine)",,"",0,"warmup",30,20,,,
"Upper","10 Jul 2025, 20:39","10 Jul 2025, 21:20","","Seated Shoulder Press (Machine)",,"",1,"warmup",30,20,,,
"Upper","10 Jul 2025, 20:39","10 Jul 2025, 21:20","","Incline Bench Press (Dumbbell)",,"",0,"warmup",80,10,,,
"Upper","10 Jul 2025, 20:39","10 Jul 2025, 21:20","","Incline Bench Press (Dumbbell)",,"",1,"normal",100,10,,,
"Upper","10 Jul 2025, 20:39","10 Jul 2025, 21:20","","Incline Bench Press (Dumbbell)",,"",2,"normal",100,10,,,
"Upper","10 Jul 2025, 20:39","10 Jul 2025, 21:20","","Incline Bench Press (Dumbbell)",,"",3,"normal",100,10,,,
"Upper","10 Jul 2025, 20:39","10 Jul 2025, 21:20","","Seated Cable Row - V Grip (Cable)",,"",0,"warmup",110,12,,,
"Upper","10 Jul 2025, 20:39","10 Jul 2025, 21:20","","Seated Cable Row - V Grip (Cable)",,"",1,"normal",121,12,,,
"Upper","10 Jul 2025, 20:39","10 Jul 2025, 21:20","","Seated Cable Row - V Grip (Cable)",,"",2,"normal",121,12,,,
"Upper","10 Jul 2025, 20:39","10 Jul 2025, 21:20","","Seated Cable Row - V Grip (Cable)",,"",3,"normal",121,12,,,
"Upper","10 Jul 2025, 20:39","10 Jul 2025, 21:20","","Seated Cable Row - V Grip (Cable)",,"",4,"normal",121,12,,,
"Upper","10 Jul 2025, 20:39","10 Jul 2025, 21:20","","Lateral Raise (Dumbbell)",,"",0,"normal",45,12,,,
"Upper","10 Jul 2025, 20:39","10 Jul 2025, 21:20","","Lateral Raise (Dumbbell)",,"",1,"normal",45,12,,,
"Upper","10 Jul 2025, 20:39","10 Jul 2025, 21:20","","Lateral Raise (Dumbbell)",,"",2,"normal",45,12,,,
"Upper","10 Jul 2025, 20:39","10 Jul 2025, 21:20","","Boxing",,"",0,"normal",,,,308,
"Quick","24 Jun 2025, 20:14","24 Jun 2025, 20:55","Gym too packed to get a real workout in","Seated Cable Row - V Grip (Cable)",,"",0,"warmup",85,12,,,
"Quick","24 Jun 2025, 20:14","24 Jun 2025, 20:55","Gym too packed to get a real workout in","Seated Cable Row - V Grip (Cable)",,"",1,"warmup",100,12,,,
"Quick","24 Jun 2025, 20:14","24 Jun 2025, 20:55","Gym too packed to get a real workout in","Seated Cable Row - V Grip (Cable)",,"",2,"normal",121,12,,,
"Quick","24 Jun 2025, 20:14","24 Jun 2025, 20:55","Gym too packed to get a real workout in","Seated Cable Row - V Grip (Cable)",,"",3,"normal",121,12,,,
"Quick","24 Jun 2025, 20:14","24 Jun 2025, 20:55","Gym too packed to get a real workout in","Seated Cable Row - V Grip (Cable)",,"",4,"failure",121,12,,,
"Quick","24 Jun 2025, 20:14","24 Jun 2025, 20:55","Gym too packed to get a real workout in","Single Leg Romanian Deadlift (Dumbbell)",,"Kettlebell",0,"normal",35.25,10,,,
"Quick","24 Jun 2025, 20:14","24 Jun 2025, 20:55","Gym too packed to get a real workout in","Single Leg Romanian Deadlift (Dumbbell)",,"Kettlebell",1,"normal",35.25,10,,,
"Quick","24 Jun 2025, 20:14","24 Jun 2025, 20:55","Gym too packed to get a real workout in","Single Leg Romanian Deadlift (Dumbbell)",,"Kettlebell",2,"normal",35.25,10,,,
"Quick","24 Jun 2025, 20:14","24 Jun 2025, 20:55","Gym too packed to get a real workout in","Single Leg Romanian Deadlift (Dumbbell)",,"Kettlebell",3,"normal",35.25,10,,,
"Quick","24 Jun 2025, 20:14","24 Jun 2025, 20:55","Gym too packed to get a real workout in","Seated Leg Curl (Machine)",,"Deflate volume by 10x",0,"normal",11.5,10,,,
"Quick","24 Jun 2025, 20:14","24 Jun 2025, 20:55","Gym too packed to get a real workout in","Seated Leg Curl (Machine)",,"Deflate volume by 10x",1,"normal",11.5,10,,,
"Quick","24 Jun 2025, 20:14","24 Jun 2025, 20:55","Gym too packed to get a real workout in","Seated Leg Curl (Machine)",,"Deflate volume by 10x",2,"normal",14.5,10,,,
"Quick","24 Jun 2025, 20:14","24 Jun 2025, 20:55","Gym too packed to get a real workout in","Seated Leg Curl (Machine)",,"Deflate volume by 10x",3,"normal",14.5,12,,,
"Quick","24 Jun 2025, 20:14","24 Jun 2025, 20:55","Gym too packed to get a real workout in","Triceps Extension (Barbell)",,"",0,"normal",40,10,,,
"Quick","24 Jun 2025, 20:14","24 Jun 2025, 20:55","Gym too packed to get a real workout in","Triceps Extension (Barbell)",,"",1,"normal",40,10,,,
"Quick","24 Jun 2025, 20:14","24 Jun 2025, 20:55","Gym too packed to get a real workout in","Triceps Extension (Barbell)",,"",2,"normal",40,10,,,
"Quick","24 Jun 2025, 20:14","24 Jun 2025, 20:55","Gym too packed to get a real workout in","EZ Bar Biceps Curl",,"Lots of swinging",0,"normal",40,10,,,
"Quick","24 Jun 2025, 20:14","24 Jun 2025, 20:55","Gym too packed to get a real workout in","EZ Bar Biceps Curl",,"Lots of swinging",1,"normal",40,10,,,
"Quick","24 Jun 2025, 20:14","24 Jun 2025, 20:55","Gym too packed to get a real workout in","EZ Bar Biceps Curl",,"Lots of swinging",2,"normal",40,10,,,
"Quick evening lift","23 Jun 2025, 22:07","23 Jun 2025, 22:36","","Push Press",,"",0,"warmup",45,10,,,
"Quick evening lift","23 Jun 2025, 22:07","23 Jun 2025, 22:36","","Push Press",,"",1,"warmup",45,10,,,
"Quick evening lift","23 Jun 2025, 22:07","23 Jun 2025, 22:36","","Push Press",,"",2,"warmup",65,6,,,
"Quick evening lift","23 Jun 2025, 22:07","23 Jun 2025, 22:36","","Push Press",,"",3,"normal",115,5,,,
"Quick evening lift","23 Jun 2025, 22:07","23 Jun 2025, 22:36","","Push Press",,"",4,"normal",115,8,,,
"Quick evening lift","23 Jun 2025, 22:07","23 Jun 2025, 22:36","","Push Press",,"",5,"normal",115,8,,,
"Quick evening lift","23 Jun 2025, 22:07","23 Jun 2025, 22:36","","Bent Over Row (Barbell)",,"",0,"warmup",45,10,,,
"Quick evening lift","23 Jun 2025, 22:07","23 Jun 2025, 22:36","","Bent Over Row (Barbell)",,"",1,"warmup",45,10,,,
"Quick evening lift","23 Jun 2025, 22:07","23 Jun 2025, 22:36","","Bent Over Row (Barbell)",,"",2,"warmup",65,10,,,
"Quick evening lift","23 Jun 2025, 22:07","23 Jun 2025, 22:36","","Bent Over Row (Barbell)",,"",3,"normal",115,10,,,
"Quick evening lift","23 Jun 2025, 22:07","23 Jun 2025, 22:36","","Bent Over Row (Barbell)",,"",4,"normal",115,12,,,
"Quick evening lift","23 Jun 2025, 22:07","23 Jun 2025, 22:36","","Bent Over Row (Barbell)",,"",5,"normal",115,15,,,
"Quick evening lift","23 Jun 2025, 22:07","23 Jun 2025, 22:36","","Hang Clean",,"In between sets",0,"warmup",45,1,,,
"Quick evening lift","23 Jun 2025, 22:07","23 Jun 2025, 22:36","","Hang Clean",,"In between sets",1,"warmup",45,1,,,
"Quick evening lift","23 Jun 2025, 22:07","23 Jun 2025, 22:36","","Hang Clean",,"In between sets",2,"warmup",65,1,,,
"Quick evening lift","23 Jun 2025, 22:07","23 Jun 2025, 22:36","","Hang Clean",,"In between sets",3,"warmup",115,1,,,
"Quick evening lift","23 Jun 2025, 22:07","23 Jun 2025, 22:36","","Hang Clean",,"In between sets",4,"warmup",115,1,,,
"Quick evening lift","23 Jun 2025, 22:07","23 Jun 2025, 22:36","","Hang Clean",,"In between sets",5,"warmup",115,1,,,
"Quick evening lift","23 Jun 2025, 22:07","23 Jun 2025, 22:36","","Crunch",,"While hanging",0,"normal",,5,,,
"Quick evening lift","23 Jun 2025, 22:07","23 Jun 2025, 22:36","","Crunch",,"While hanging",1,"normal",,5,,,
"Quick evening lift","23 Jun 2025, 22:07","23 Jun 2025, 22:36","","Crunch",,"While hanging",2,"normal",,5,,,
"Quick evening lift","23 Jun 2025, 22:07","23 Jun 2025, 22:36","","Crunch",,"While hanging",3,"normal",,5,,,
"Quick evening lift","23 Jun 2025, 22:07","23 Jun 2025, 22:36","","Crunch",,"While hanging",4,"normal",,5,,,
"Quick evening lift","23 Jun 2025, 22:07","23 Jun 2025, 22:36","","Crunch",,"While hanging",5,"normal",,5,,,
"Quick evening lift","23 Jun 2025, 22:07","23 Jun 2025, 22:36","","Hip Abduction (Machine)",,"divide by 10 to deflate volume",0,"normal",12,12,,,
"Quick evening lift","23 Jun 2025, 22:07","23 Jun 2025, 22:36","","Hip Abduction (Machine)",,"divide by 10 to deflate volume",1,"normal",14,12,,,
"Quick evening lift","23 Jun 2025, 22:07","23 Jun 2025, 22:36","","Hip Abduction (Machine)",,"divide by 10 to deflate volume",2,"normal",14,12,,,
"Quick evening lift","23 Jun 2025, 22:07","23 Jun 2025, 22:36","","Hip Adduction (Machine)",,"Divide by 10 to deflate volume",0,"normal",10,12,,,
"Quick evening lift","23 Jun 2025, 22:07","23 Jun 2025, 22:36","","Hip Adduction (Machine)",,"Divide by 10 to deflate volume",1,"normal",10,12,,,
"Quick evening lift","23 Jun 2025, 22:07","23 Jun 2025, 22:36","","Hip Adduction (Machine)",,"Divide by 10 to deflate volume",2,"normal",11,12,,,
"Lower","20 Jun 2025, 21:05","20 Jun 2025, 21:45","","Squat (Barbell)",,"",0,"warmup",45,10,,,
"Lower","20 Jun 2025, 21:05","20 Jun 2025, 21:45","","Squat (Barbell)",,"",1,"warmup",135,6,,,
"Lower","20 Jun 2025, 21:05","20 Jun 2025, 21:45","","Squat (Barbell)",,"",2,"warmup",135,8,,,
"Lower","20 Jun 2025, 21:05","20 Jun 2025, 21:45","","Squat (Barbell)",,"",3,"normal",185,8,,,
"Lower","20 Jun 2025, 21:05","20 Jun 2025, 21:45","","Squat (Barbell)",,"",4,"normal",205,6,,,
"Lower","20 Jun 2025, 21:05","20 Jun 2025, 21:45","","Squat (Barbell)",,"",5,"normal",225,5,,,
"Lower","20 Jun 2025, 21:05","20 Jun 2025, 21:45","","Chin Up",,"",0,"normal",,1,,,
"Lower","20 Jun 2025, 21:05","20 Jun 2025, 21:45","","Chin Up",,"",1,"normal",,1,,,
"Lower","20 Jun 2025, 21:05","20 Jun 2025, 21:45","","Chin Up",,"",2,"normal",,1,,,
"Lower","20 Jun 2025, 21:05","20 Jun 2025, 21:45","","Chin Up",,"",3,"normal",,1,,,
"Lower","20 Jun 2025, 21:05","20 Jun 2025, 21:45","","Chin Up",,"",4,"normal",,1,,,
"Lower","20 Jun 2025, 21:05","20 Jun 2025, 21:45","","Chin Up",,"",5,"normal",,1,,,
"Lower","20 Jun 2025, 21:05","20 Jun 2025, 21:45","","Chin Up",,"",6,"normal",,1,,,
"Lower","20 Jun 2025, 21:05","20 Jun 2025, 21:45","","Deadlift (Barbell)",,"",0,"normal",225,5,,,
"Lower","20 Jun 2025, 21:05","20 Jun 2025, 21:45","","Deadlift (Barbell)",,"",1,"normal",225,5,,,
"Lower","20 Jun 2025, 21:05","20 Jun 2025, 21:45","","Deadlift (Barbell)",,"",2,"normal",225,6,,,
"Quick lift","19 Jun 2025, 15:14","19 Jun 2025, 16:13","","Lat Pulldown (Cable)",,"",0,"warmup",66,12,,,
"Quick lift","19 Jun 2025, 15:14","19 Jun 2025, 16:13","","Lat Pulldown (Cable)",,"",1,"warmup",88,12,,,
"Quick lift","19 Jun 2025, 15:14","19 Jun 2025, 16:13","","Lat Pulldown (Cable)",,"",2,"normal",143,8,,,
"Quick lift","19 Jun 2025, 15:14","19 Jun 2025, 16:13","","Lat Pulldown (Cable)",,"",3,"normal",143,8,,,
"Quick lift","19 Jun 2025, 15:14","19 Jun 2025, 16:13","","Incline Bench Press (Barbell)",,"",0,"warmup",45,8,,,
"Quick lift","19 Jun 2025, 15:14","19 Jun 2025, 16:13","","Incline Bench Press (Barbell)",,"",1,"warmup",95,8,,,
"Quick lift","19 Jun 2025, 15:14","19 Jun 2025, 16:13","","Incline Bench Press (Barbell)",,"",2,"normal",135,5,,,
"Quick lift","19 Jun 2025, 15:14","19 Jun 2025, 16:13","","Incline Bench Press (Barbell)",,"",3,"normal",135,5,,,
"Quick lift","19 Jun 2025, 15:14","19 Jun 2025, 16:13","","Incline Bench Press (Barbell)",,"",4,"normal",135,6,,,
"Quick lift","19 Jun 2025, 15:14","19 Jun 2025, 16:13","","Preacher Curl (Machine)",,"",0,"warmup",25,10,,,
"Quick lift","19 Jun 2025, 15:14","19 Jun 2025, 16:13","","Preacher Curl (Machine)",,"",1,"normal",50,10,,,
"Quick lift","19 Jun 2025, 15:14","19 Jun 2025, 16:13","","Preacher Curl (Machine)",,"",2,"normal",75,5,,,
"Quick lift","19 Jun 2025, 15:14","19 Jun 2025, 16:13","","Preacher Curl (Machine)",,"",3,"dropset",50,7,,,
"Quick lift","19 Jun 2025, 15:14","19 Jun 2025, 16:13","","Arnold Press (Dumbbell)",,"",0,"normal",20,15,,,
"Quick lift","19 Jun 2025, 15:14","19 Jun 2025, 16:13","","Arnold Press (Dumbbell)",,"",1,"normal",25,6,,,
"Quick lift","19 Jun 2025, 15:14","19 Jun 2025, 16:13","","Arnold Press (Dumbbell)",,"",2,"normal",25,6,,,
"Quick lift","19 Jun 2025, 15:14","19 Jun 2025, 16:13","","Arnold Press (Dumbbell)",,"",3,"normal",30,5,,,
"Quick lift","19 Jun 2025, 15:14","19 Jun 2025, 16:13","","Arnold Press (Dumbbell)",,"",4,"normal",30,5,,,
"Quick full body","17 Jun 2025, 21:34","17 Jun 2025, 22:36","Used the hydromassage at the end that was nice","Lunge (Barbell)",,"",0,"normal",115,10,,,
"Quick full body","17 Jun 2025, 21:34","17 Jun 2025, 22:36","Used the hydromassage at the end that was nice","Lunge (Barbell)",,"",1,"normal",115,12,,,
"Quick full body","17 Jun 2025, 21:34","17 Jun 2025, 22:36","Used the hydromassage at the end that was nice","Lunge (Barbell)",,"",2,"normal",115,16,,,
"Quick full body","17 Jun 2025, 21:34","17 Jun 2025, 22:36","Used the hydromassage at the end that was nice","Bent Over Row (Barbell)",,"",0,"normal",115,8,,,
"Quick full body","17 Jun 2025, 21:34","17 Jun 2025, 22:36","Used the hydromassage at the end that was nice","Bent Over Row (Barbell)",,"",1,"normal",115,12,,,
"Quick full body","17 Jun 2025, 21:34","17 Jun 2025, 22:36","Used the hydromassage at the end that was nice","Bent Over Row (Barbell)",,"",2,"normal",115,15,,,
"Quick full body","17 Jun 2025, 21:34","17 Jun 2025, 22:36","Used the hydromassage at the end that was nice","Clean",,"",0,"dropset",115,1,,,
"Quick full body","17 Jun 2025, 21:34","17 Jun 2025, 22:36","Used the hydromassage at the end that was nice","Clean",,"",1,"dropset",115,1,,,
"Quick full body","17 Jun 2025, 21:34","17 Jun 2025, 22:36","Used the hydromassage at the end that was nice","Clean",,"",2,"dropset",115,1,,,
"Quick full body","17 Jun 2025, 21:34","17 Jun 2025, 22:36","Used the hydromassage at the end that was nice","Bench Press (Barbell)",,"",0,"normal",135,8,,,
"Quick full body","17 Jun 2025, 21:34","17 Jun 2025, 22:36","Used the hydromassage at the end that was nice","Bench Press (Barbell)",,"",1,"normal",135,8,,,
"Quick full body","17 Jun 2025, 21:34","17 Jun 2025, 22:36","Used the hydromassage at the end that was nice","Bench Press (Barbell)",,"",2,"normal",155,4,,,
"Just getting some movement in","13 Jun 2025, 11:42","13 Jun 2025, 11:58","","Lateral Raise (Dumbbell)",,"",0,"normal",50,12,,,
"Just getting some movement in","13 Jun 2025, 11:42","13 Jun 2025, 11:58","","Lateral Raise (Dumbbell)",,"",1,"normal",50,12,,,
"Just getting some movement in","13 Jun 2025, 11:42","13 Jun 2025, 11:58","","Lateral Raise (Dumbbell)",,"",2,"normal",50,12,,,
"Just getting some movement in","13 Jun 2025, 11:42","13 Jun 2025, 11:58","","Lateral Raise (Dumbbell)",,"",3,"normal",50,12,,,
"Just getting some movement in","13 Jun 2025, 11:42","13 Jun 2025, 11:58","","Lateral Raise (Dumbbell)",,"",4,"normal",50,12,,,
"Just getting some movement in","13 Jun 2025, 11:42","13 Jun 2025, 11:58","","Kettlebell Swing",,"",0,"normal",30,10,,,
"Just getting some movement in","13 Jun 2025, 11:42","13 Jun 2025, 11:58","","Kettlebell Swing",,"",1,"normal",30,10,,,
"Just getting some movement in","13 Jun 2025, 11:42","13 Jun 2025, 11:58","","Kettlebell Swing",,"",2,"normal",30,10,,,
"Just getting some movement in","13 Jun 2025, 11:42","13 Jun 2025, 11:58","","Kettlebell Swing",,"",3,"normal",30,10,,,
"Post run","12 Jun 2025, 21:46","12 Jun 2025, 22:22","","Squat (Barbell)",,"",0,"warmup",45,10,,,
"Post run","12 Jun 2025, 21:46","12 Jun 2025, 22:22","","Squat (Barbell)",,"",1,"warmup",135,8,,,
"Post run","12 Jun 2025, 21:46","12 Jun 2025, 22:22","","Squat (Barbell)",,"",2,"warmup",135,8,,,
"Post run","12 Jun 2025, 21:46","12 Jun 2025, 22:22","","Squat (Barbell)",,"",3,"normal",185,8,,,
"Post run","12 Jun 2025, 21:46","12 Jun 2025, 22:22","","Squat (Barbell)",,"",4,"normal",185,8,,,
"Post run","12 Jun 2025, 21:46","12 Jun 2025, 22:22","","Squat (Barbell)",,"",5,"normal",205,7,,,
"Post run","12 Jun 2025, 21:46","12 Jun 2025, 22:22","","Chin Up",,"",0,"normal",,2,,,
"Post run","12 Jun 2025, 21:46","12 Jun 2025, 22:22","","Chin Up",,"",1,"normal",,2,,,
"Post run","12 Jun 2025, 21:46","12 Jun 2025, 22:22","","Chin Up",,"",2,"normal",,2,,,
"Post run","12 Jun 2025, 21:46","12 Jun 2025, 22:22","","Chin Up",,"",3,"normal",,3,,,
"Post run","12 Jun 2025, 21:46","12 Jun 2025, 22:22","","Seated Cable Row - V Grip (Cable)",,"",0,"warmup",99,10,,,
"Post run","12 Jun 2025, 21:46","12 Jun 2025, 22:22","","Seated Cable Row - V Grip (Cable)",,"",1,"normal",121,12,,,
"Post run","12 Jun 2025, 21:46","12 Jun 2025, 22:22","","Seated Cable Row - V Grip (Cable)",,"",2,"normal",121,12,,,
"Post run","12 Jun 2025, 21:46","12 Jun 2025, 22:22","","Seated Cable Row - V Grip (Cable)",,"",3,"normal",121,12,,,
"Trying a new location of crunch today","9 Jun 2025, 21:00","9 Jun 2025, 21:50","","Reverse Lunge (Dumbbell)",,"",0,"normal",80,20,,,
"Trying a new location of crunch today","9 Jun 2025, 21:00","9 Jun 2025, 21:50","","Reverse Lunge (Dumbbell)",,"",1,"normal",80,20,,,
"Trying a new location of crunch today","9 Jun 2025, 21:00","9 Jun 2025, 21:50","","Reverse Lunge (Dumbbell)",,"",2,"normal",80,20,,,
"Trying a new location of crunch today","9 Jun 2025, 21:00","9 Jun 2025, 21:50","","Pull Up",,"",0,"normal",,2,,,
"Trying a new location of crunch today","9 Jun 2025, 21:00","9 Jun 2025, 21:50","","Pull Up",,"",1,"normal",,2,,,
"Trying a new location of crunch today","9 Jun 2025, 21:00","9 Jun 2025, 21:50","","Pull Up",,"",2,"normal",,2,,,
"Trying a new location of crunch today","9 Jun 2025, 21:00","9 Jun 2025, 21:50","","Lateral Raise (Dumbbell)",,"",0,"normal",50,12,,,
"Trying a new location of crunch today","9 Jun 2025, 21:00","9 Jun 2025, 21:50","","Lateral Raise (Dumbbell)",,"",1,"normal",50,12,,,
"Trying a new location of crunch today","9 Jun 2025, 21:00","9 Jun 2025, 21:50","","Lateral Raise (Dumbbell)",,"",2,"normal",50,12,,,
"Trying a new location of crunch today","9 Jun 2025, 21:00","9 Jun 2025, 21:50","","Single Leg Romanian Deadlift (Dumbbell)",,"",0,"normal",25,10,,,
"Trying a new location of crunch today","9 Jun 2025, 21:00","9 Jun 2025, 21:50","","Single Leg Romanian Deadlift (Dumbbell)",,"",1,"normal",25,10,,,
"Trying a new location of crunch today","9 Jun 2025, 21:00","9 Jun 2025, 21:50","","Seated Overhead Press (Barbell)",,"",0,"warmup",45,15,,,
"Trying a new location of crunch today","9 Jun 2025, 21:00","9 Jun 2025, 21:50","","Seated Overhead Press (Barbell)",,"",1,"warmup",65,10,,,
"Trying a new location of crunch today","9 Jun 2025, 21:00","9 Jun 2025, 21:50","","Seated Overhead Press (Barbell)",,"",2,"normal",95,10,,,
"Trying a new location of crunch today","9 Jun 2025, 21:00","9 Jun 2025, 21:50","","Seated Overhead Press (Barbell)",,"",3,"normal",95,8,,,
"Trying a new location of crunch today","9 Jun 2025, 21:00","9 Jun 2025, 21:50","","Seated Overhead Press (Barbell)",,"",4,"normal",95,8,,,
"Trying a new location of crunch today","9 Jun 2025, 21:00","9 Jun 2025, 21:50","","Clean",,"",0,"warmup",115,5,,,
"Trying a new location of crunch today","9 Jun 2025, 21:00","9 Jun 2025, 21:50","","Clean",,"",1,"warmup",115,5,,,
"Trying a new location of crunch today","9 Jun 2025, 21:00","9 Jun 2025, 21:50","","Clean",,"",2,"normal",135,5,,,
"Trying a new location of crunch today","9 Jun 2025, 21:00","9 Jun 2025, 21:50","","Clean",,"",3,"normal",135,5,,,
"Waiting for laundry","7 Jun 2025, 12:53","7 Jun 2025, 14:17","","Jump Rope",,"",0,"normal",,,,60,
"Waiting for laundry","7 Jun 2025, 12:53","7 Jun 2025, 14:17","","Jump Rope",,"",1,"normal",,,,60,
"Waiting for laundry","7 Jun 2025, 12:53","7 Jun 2025, 14:17","","Jump Rope",,"",2,"normal",,,,60,
"Waiting for laundry","7 Jun 2025, 12:53","7 Jun 2025, 14:17","","Jump Rope",,"",3,"normal",,,,60,
"Waiting for laundry","7 Jun 2025, 12:53","7 Jun 2025, 14:17","","Jump Rope",,"",4,"normal",,,,60,
"Waiting for laundry","7 Jun 2025, 12:53","7 Jun 2025, 14:17","","Jump Rope",,"",5,"normal",,,,60,
"Waiting for laundry","7 Jun 2025, 12:53","7 Jun 2025, 14:17","","Single Leg Romanian Deadlift (Dumbbell)",,"",0,"normal",20,10,,,
"Waiting for laundry","7 Jun 2025, 12:53","7 Jun 2025, 14:17","","Single Leg Romanian Deadlift (Dumbbell)",,"",1,"normal",20,10,,,
"Waiting for laundry","7 Jun 2025, 12:53","7 Jun 2025, 14:17","","Single Leg Romanian Deadlift (Dumbbell)",,"",2,"normal",20,10,,,
"Waiting for laundry","7 Jun 2025, 12:53","7 Jun 2025, 14:17","","Single Leg Romanian Deadlift (Dumbbell)",,"",3,"normal",20,10,,,
"Waiting for laundry","7 Jun 2025, 12:53","7 Jun 2025, 14:17","","Single Leg Romanian Deadlift (Dumbbell)",,"",4,"normal",20,10,,,
"Waiting for laundry","7 Jun 2025, 12:53","7 Jun 2025, 14:17","","Single Leg Romanian Deadlift (Dumbbell)",,"",5,"normal",20,10,,,
"Waiting for laundry","7 Jun 2025, 12:53","7 Jun 2025, 14:17","","Lat Pulldown (Cable)",,"",0,"normal",100,10,,,
"Waiting for laundry","7 Jun 2025, 12:53","7 Jun 2025, 14:17","","Lat Pulldown (Cable)",,"",1,"normal",100,12,,,
"Waiting for laundry","7 Jun 2025, 12:53","7 Jun 2025, 14:17","","Lat Pulldown (Cable)",,"",2,"normal",120,10,,,
"Waiting for laundry","7 Jun 2025, 12:53","7 Jun 2025, 14:17","","Pull Up",,"",0,"normal",,2,,,
"Waiting for laundry","7 Jun 2025, 12:53","7 Jun 2025, 14:17","","Pull Up",,"",1,"normal",,2,,,
"Waiting for laundry","7 Jun 2025, 12:53","7 Jun 2025, 14:17","","Pull Up",,"",2,"normal",,2,,,
"Waiting for laundry","7 Jun 2025, 12:53","7 Jun 2025, 14:17","","Face Pull",,"",0,"normal",35,10,,,
"Waiting for laundry","7 Jun 2025, 12:53","7 Jun 2025, 14:17","","Face Pull",,"",1,"normal",35,15,,,
"Waiting for laundry","7 Jun 2025, 12:53","7 Jun 2025, 14:17","","Face Pull",,"",2,"normal",35,15,,,
"Waiting for laundry","7 Jun 2025, 12:53","7 Jun 2025, 14:17","","Face Pull",,"",3,"normal",35,15,,,
"Waiting for laundry","7 Jun 2025, 12:53","7 Jun 2025, 14:17","","Straight Arm Lat Pulldown (Cable)",,"",0,"normal",35,10,,,
"Waiting for laundry","7 Jun 2025, 12:53","7 Jun 2025, 14:17","","Straight Arm Lat Pulldown (Cable)",,"",1,"normal",35,15,,,
"Waiting for laundry","7 Jun 2025, 12:53","7 Jun 2025, 14:17","","Straight Arm Lat Pulldown (Cable)",,"",2,"normal",35,15,,,
"Waiting for laundry","7 Jun 2025, 12:53","7 Jun 2025, 14:17","","Straight Arm Lat Pulldown (Cable)",,"",3,"normal",35,15,,,
"Waiting for laundry","7 Jun 2025, 12:53","7 Jun 2025, 14:17","","Triceps Rope Pushdown",,"",0,"normal",35,10,,,
"Waiting for laundry","7 Jun 2025, 12:53","7 Jun 2025, 14:17","","Triceps Rope Pushdown",,"",1,"normal",35,15,,,
"Waiting for laundry","7 Jun 2025, 12:53","7 Jun 2025, 14:17","","Triceps Rope Pushdown",,"",2,"normal",35,15,,,
"Waiting for laundry","7 Jun 2025, 12:53","7 Jun 2025, 14:17","","Triceps Rope Pushdown",,"",3,"normal",35,15,,,
"Waiting for laundry","7 Jun 2025, 12:53","7 Jun 2025, 14:17","","Lunge (Barbell)",,"",0,"normal",75,20,,,
"Waiting for laundry","7 Jun 2025, 12:53","7 Jun 2025, 14:17","","Lunge (Barbell)",,"",1,"normal",75,20,,,
"Waiting for laundry","7 Jun 2025, 12:53","7 Jun 2025, 14:17","","Lunge (Barbell)",,"",2,"normal",75,20,,,
"Waiting for laundry","7 Jun 2025, 12:53","7 Jun 2025, 14:17","","Lunge (Barbell)",,"",3,"normal",75,20,,,
"Waiting for laundry","7 Jun 2025, 12:53","7 Jun 2025, 14:17","","Overhead Press (Barbell)",,"",0,"normal",75,5,,,
"Waiting for laundry","7 Jun 2025, 12:53","7 Jun 2025, 14:17","","Overhead Press (Barbell)",,"",1,"normal",75,8,,,
"Waiting for laundry","7 Jun 2025, 12:53","7 Jun 2025, 14:17","","Overhead Press (Barbell)",,"",2,"normal",75,8,,,
"Lower","28 May 2025, 20:29","28 May 2025, 21:34","So low energy really struggled to get through this","Squat (Barbell)",,"Comfortably squat below parallel with bar before starting/135",0,"warmup",45,15,,,
"Lower","28 May 2025, 20:29","28 May 2025, 21:34","So low energy really struggled to get through this","Squat (Barbell)",,"Comfortably squat below parallel with bar before starting/135",1,"warmup",135,10,,,
"Lower","28 May 2025, 20:29","28 May 2025, 21:34","So low energy really struggled to get through this","Squat (Barbell)",,"Comfortably squat below parallel with bar before starting/135",2,"normal",185,8,,,
"Lower","28 May 2025, 20:29","28 May 2025, 21:34","So low energy really struggled to get through this","Squat (Barbell)",,"Comfortably squat below parallel with bar before starting/135",3,"normal",205,6,,,
"Lower","28 May 2025, 20:29","28 May 2025, 21:34","So low energy really struggled to get through this","Squat (Barbell)",,"Comfortably squat below parallel with bar before starting/135",4,"normal",225,5,,,
"Lower","28 May 2025, 20:29","28 May 2025, 21:34","So low energy really struggled to get through this","Deadlift (Barbell)",,"",0,"normal",185,5,,,
"Lower","28 May 2025, 20:29","28 May 2025, 21:34","So low energy really struggled to get through this","Deadlift (Barbell)",,"",1,"normal",205,6,,,
"Lower","28 May 2025, 20:29","28 May 2025, 21:34","So low energy really struggled to get through this","Deadlift (Barbell)",,"",2,"normal",205,6,,,
"Lower","28 May 2025, 20:29","28 May 2025, 21:34","So low energy really struggled to get through this","Deadlift (Barbell)",,"",3,"dropset",205,1,,,
"Lower","28 May 2025, 20:29","28 May 2025, 21:34","So low energy really struggled to get through this","Reverse Lunge (Dumbbell)",,"",0,"normal",80,20,,,
"Lower","28 May 2025, 20:29","28 May 2025, 21:34","So low energy really struggled to get through this","Reverse Lunge (Dumbbell)",,"",1,"normal",80,20,,,
"Lower","28 May 2025, 20:29","28 May 2025, 21:34","So low energy really struggled to get through this","Reverse Lunge (Dumbbell)",,"",2,"normal",80,20,,,
"Quick post run","25 May 2025, 13:00","25 May 2025, 13:40","","Overhead Press (Barbell)",,"",0,"warmup",45,10,,,
"Quick post run","25 May 2025, 13:00","25 May 2025, 13:40","","Overhead Press (Barbell)",,"",1,"normal",65,10,,,
"Quick post run","25 May 2025, 13:00","25 May 2025, 13:40","","Overhead Press (Barbell)",,"",2,"normal",65,10,,,
"Quick post run","25 May 2025, 13:00","25 May 2025, 13:40","","Overhead Press (Barbell)",,"",3,"normal",75,8,,,
"Quick post run","25 May 2025, 13:00","25 May 2025, 13:40","","Overhead Press (Barbell)",,"",4,"normal",75,10,,,
"Quick post run","25 May 2025, 13:00","25 May 2025, 13:40","","Pull Up",,"",0,"normal",,2,,,
"Quick post run","25 May 2025, 13:00","25 May 2025, 13:40","","Pull Up",,"",1,"normal",,2,,,
"Quick post run","25 May 2025, 13:00","25 May 2025, 13:40","","Pull Up",,"",2,"normal",,2,,,
"Quick post run","25 May 2025, 13:00","25 May 2025, 13:40","","Pull Up",,"",3,"normal",,2,,,
"Quick post run","25 May 2025, 13:00","25 May 2025, 13:40","","Pull Up",,"",4,"normal",,2,,,
"Quick post run","25 May 2025, 13:00","25 May 2025, 13:40","","Lunge (Barbell)",,"",0,"warmup",45,10,,,
"Quick post run","25 May 2025, 13:00","25 May 2025, 13:40","","Lunge (Barbell)",,"",1,"warmup",75,10,,,
"Quick post run","25 May 2025, 13:00","25 May 2025, 13:40","","Lateral Raise (Dumbbell)",,"",0,"normal",40,10,,,
"Quick post run","25 May 2025, 13:00","25 May 2025, 13:40","","Lateral Raise (Dumbbell)",,"",1,"normal",40,10,,,
"Quick post run","25 May 2025, 13:00","25 May 2025, 13:40","","Lateral Raise (Dumbbell)",,"",2,"normal",40,10,,,
"Quick post run","25 May 2025, 13:00","25 May 2025, 13:40","","Single Leg Romanian Deadlift (Dumbbell)",,"",0,"normal",25,10,,,
"Quick post run","25 May 2025, 13:00","25 May 2025, 13:40","","Single Leg Romanian Deadlift (Dumbbell)",,"",1,"normal",25,10,,,
"Quick post run","25 May 2025, 13:00","25 May 2025, 13:40","","Single Leg Romanian Deadlift (Dumbbell)",,"",2,"normal",25,14,,,
"Quick post run","25 May 2025, 13:00","25 May 2025, 13:40","","Face Pull",,"",0,"normal",35,10,,,
"Quick post run","25 May 2025, 13:00","25 May 2025, 13:40","","Face Pull",,"",1,"normal",35,10,,,
"Quick post run","25 May 2025, 13:00","25 May 2025, 13:40","","Face Pull",,"",2,"normal",35,10,,,
"Quick post run","25 May 2025, 13:00","25 May 2025, 13:40","","Straight Arm Lat Pulldown (Cable)",,"",0,"normal",35,10,,,
"Quick post run","25 May 2025, 13:00","25 May 2025, 13:40","","Straight Arm Lat Pulldown (Cable)",,"",1,"normal",35,10,,,
"Quick post run","25 May 2025, 13:00","25 May 2025, 13:40","","Straight Arm Lat Pulldown (Cable)",,"",2,"normal",35,10,,,
"Quick post run","25 May 2025, 13:00","25 May 2025, 13:40","","Triceps Rope Pushdown",,"",0,"normal",35,10,,,
"Quick post run","25 May 2025, 13:00","25 May 2025, 13:40","","Triceps Rope Pushdown",,"",1,"normal",35,10,,,
"Quick post run","25 May 2025, 13:00","25 May 2025, 13:40","","Triceps Rope Pushdown",,"",2,"normal",35,10,,,
"Full body","22 May 2025, 20:44","22 May 2025, 21:37","","Incline Bench Press (Barbell)",,"",0,"warmup",45,20,,,
"Full body","22 May 2025, 20:44","22 May 2025, 21:37","","Incline Bench Press (Barbell)",,"",1,"normal",115,5,,,
"Full body","22 May 2025, 20:44","22 May 2025, 21:37","","Incline Bench Press (Barbell)",,"",2,"normal",115,8,,,
"Full body","22 May 2025, 20:44","22 May 2025, 21:37","","Incline Bench Press (Barbell)",,"",3,"normal",135,8,,,
"Full body","22 May 2025, 20:44","22 May 2025, 21:37","","Incline Bench Press (Barbell)",,"",4,"normal",135,7,,,
"Full body","22 May 2025, 20:44","22 May 2025, 21:37","","Assisted Pistol Squats",,"10 each side, not pistol, just single leg for warmup. Regular is pistol",0,"warmup",,20,,,
"Full body","22 May 2025, 20:44","22 May 2025, 21:37","","Assisted Pistol Squats",,"10 each side, not pistol, just single leg for warmup. Regular is pistol",1,"warmup",,20,,,
"Full body","22 May 2025, 20:44","22 May 2025, 21:37","","Assisted Pistol Squats",,"10 each side, not pistol, just single leg for warmup. Regular is pistol",2,"normal",,20,,,
"Full body","22 May 2025, 20:44","22 May 2025, 21:37","","Squat (Barbell)",,"Black band around ankles",0,"warmup",135,8,,,
"Full body","22 May 2025, 20:44","22 May 2025, 21:37","","Squat (Barbell)",,"Black band around ankles",1,"warmup",135,10,,,
"Full body","22 May 2025, 20:44","22 May 2025, 21:37","","Squat (Barbell)",,"Black band around ankles",2,"normal",185,8,,,
"Full body","22 May 2025, 20:44","22 May 2025, 21:37","","Squat (Barbell)",,"Black band around ankles",3,"normal",205,5,,,
"Full body","22 May 2025, 20:44","22 May 2025, 21:37","","Squat (Barbell)",,"Black band around ankles",4,"normal",205,6,,,
"Full body","22 May 2025, 20:44","22 May 2025, 21:37","","Chin Up",,"",0,"normal",,1,,,
"Full body","22 May 2025, 20:44","22 May 2025, 21:37","","Chin Up",,"",1,"normal",,1,,,
"Full body","22 May 2025, 20:44","22 May 2025, 21:37","","Chin Up",,"",2,"normal",,1,,,
"Full body","22 May 2025, 20:44","22 May 2025, 21:37","","Chin Up",,"",3,"normal",,1,,,
"Full body","22 May 2025, 20:44","22 May 2025, 21:37","","Chin Up",,"",4,"normal",,2,,,
"Quick upper post yoga","19 May 2025, 20:24","19 May 2025, 20:48","","Incline Bench Press (Barbell)",,"",0,"warmup",45,20,,,
"Quick upper post yoga","19 May 2025, 20:24","19 May 2025, 20:48","","Incline Bench Press (Barbell)",,"",1,"normal",115,5,,,
"Quick upper post yoga","19 May 2025, 20:24","19 May 2025, 20:48","","Incline Bench Press (Barbell)",,"",2,"normal",115,6,,,
"Quick upper post yoga","19 May 2025, 20:24","19 May 2025, 20:48","","Incline Bench Press (Barbell)",,"",3,"normal",115,8,,,
"Quick upper post yoga","19 May 2025, 20:24","19 May 2025, 20:48","","Incline Bench Press (Barbell)",,"",4,"normal",135,8,,,
"Quick upper post yoga","19 May 2025, 20:24","19 May 2025, 20:48","","Iso-Lateral High Row (Machine)",,"",0,"normal",160,12,,,
"Quick upper post yoga","19 May 2025, 20:24","19 May 2025, 20:48","","Iso-Lateral High Row (Machine)",,"",1,"normal",160,12,,,
"Quick upper post yoga","19 May 2025, 20:24","19 May 2025, 20:48","","Iso-Lateral High Row (Machine)",,"",2,"normal",160,12,,,
"Lots of leg mobility","14 May 2025, 19:22","14 May 2025, 20:41","","Stretching",,"Single leg RDL, Jump Rope, Box Jump, Lateral Leg Raise, Crab Walk, Theragun helps a lot, Assisted Pistol Squat, Med Ball slam",0,"normal",,,,3230,
"Lots of leg mobility","14 May 2025, 19:22","14 May 2025, 20:41","","Squat (Barbell)",,"With black band around knees",0,"warmup",95,5,,,
"Lots of leg mobility","14 May 2025, 19:22","14 May 2025, 20:41","","Squat (Barbell)",,"With black band around knees",1,"warmup",95,10,,,
"Lots of leg mobility","14 May 2025, 19:22","14 May 2025, 20:41","","Clean and Jerk",,"",0,"normal",95,5,,,
"Lots of leg mobility","14 May 2025, 19:22","14 May 2025, 20:41","","Clean and Jerk",,"",1,"normal",95,5,,,
"Lots of leg mobility","14 May 2025, 19:22","14 May 2025, 20:41","","Romanian Deadlift (Barbell)",,"",0,"warmup",95,10,,,
"Lots of leg mobility","14 May 2025, 19:22","14 May 2025, 20:41","","Romanian Deadlift (Barbell)",,"",1,"warmup",95,10,,,
"Lots of leg mobility","14 May 2025, 19:22","14 May 2025, 20:41","","Clean",,"",0,"warmup",95,1,,,
"Lots of leg mobility","14 May 2025, 19:22","14 May 2025, 20:41","","Clean",,"",1,"warmup",95,1,,,
"Leg mobility then run","13 May 2025, 08:38","13 May 2025, 09:27","","Jump Rope",,"",0,"normal",,,,30,
"Leg mobility then run","13 May 2025, 08:38","13 May 2025, 09:27","","Jump Rope",,"",1,"normal",,,,30,
"Leg mobility then run","13 May 2025, 08:38","13 May 2025, 09:27","","Hip Abduction (Machine)",,"50/50’s on yoga mat",0,"warmup",,10,,,
"Leg mobility then run","13 May 2025, 08:38","13 May 2025, 09:27","","Hip Abduction (Machine)",,"50/50’s on yoga mat",1,"warmup",,10,,,
"Leg mobility then run","13 May 2025, 08:38","13 May 2025, 09:27","","Hip Abduction (Machine)",,"50/50’s on yoga mat",2,"warmup",,10,,,
"Leg mobility then run","13 May 2025, 08:38","13 May 2025, 09:27","","Lateral Leg Raises",,"Black band single leg",0,"normal",,20,,,
"Leg mobility then run","13 May 2025, 08:38","13 May 2025, 09:27","","Lateral Leg Raises",,"Black band single leg",1,"normal",,40,,,
"Leg mobility then run","13 May 2025, 08:38","13 May 2025, 09:27","","Lateral Leg Raises",,"Black band single leg",2,"normal",,40,,,
"Leg mobility then run","13 May 2025, 08:38","13 May 2025, 09:27","","Reverse Lunge (Barbell)",,"",0,"warmup",45,10,,,
"Leg mobility then run","13 May 2025, 08:38","13 May 2025, 09:27","","Reverse Lunge (Barbell)",,"",1,"warmup",45,10,,,
"Leg mobility then run","13 May 2025, 08:38","13 May 2025, 09:27","","Reverse Lunge (Barbell)",,"",2,"warmup",45,10,,,
"Leg mobility then run","13 May 2025, 08:38","13 May 2025, 09:27","","Squat (Barbell)",,"",0,"warmup",135,5,,,
"Leg mobility then run","13 May 2025, 08:38","13 May 2025, 09:27","","Squat (Barbell)",,"",1,"normal",185,5,,,
"Leg mobility then run","13 May 2025, 08:38","13 May 2025, 09:27","","Squat (Barbell)",,"",2,"normal",185,5,,,
"Quick","28 Apr 2025, 10:07","28 Apr 2025, 10:27","","Lunge",,"",0,"normal",,12,,,
"Quick","28 Apr 2025, 10:07","28 Apr 2025, 10:27","","Lunge",,"",1,"normal",,12,,,
"Quick","28 Apr 2025, 10:07","28 Apr 2025, 10:27","","Jump Rope",,"",0,"normal",,,,30,
"Quick","28 Apr 2025, 10:07","28 Apr 2025, 10:27","","Jump Rope",,"",1,"normal",,,,30,
"Quick","28 Apr 2025, 10:07","28 Apr 2025, 10:27","","Pull Up",,"",0,"normal",,1,,,
"Quick","28 Apr 2025, 10:07","28 Apr 2025, 10:27","","Pull Up",,"",1,"normal",,1,,,
"Quick","28 Apr 2025, 10:07","28 Apr 2025, 10:27","","Face Pull",,"",0,"normal",35,10,,,
"Quick","28 Apr 2025, 10:07","28 Apr 2025, 10:27","","Face Pull",,"",1,"normal",35,10,,,
"Quick","28 Apr 2025, 10:07","28 Apr 2025, 10:27","","Straight Arm Lat Pulldown (Cable)",,"",0,"normal",35,10,,,
"Quick","28 Apr 2025, 10:07","28 Apr 2025, 10:27","","Straight Arm Lat Pulldown (Cable)",,"",1,"normal",35,10,,,
"Quick","28 Apr 2025, 10:07","28 Apr 2025, 10:27","","Triceps Rope Pushdown",,"",0,"normal",35,10,,,
"Quick","28 Apr 2025, 10:07","28 Apr 2025, 10:27","","Triceps Rope Pushdown",,"",1,"normal",35,10,,,
"Quick","25 Apr 2025, 20:51","25 Apr 2025, 21:26","","Lunge (Barbell)",,"",0,"normal",95,10,,,
"Quick","25 Apr 2025, 20:51","25 Apr 2025, 21:26","","Lunge (Barbell)",,"",1,"normal",95,10,,,
"Quick","25 Apr 2025, 20:51","25 Apr 2025, 21:26","","Lunge (Barbell)",,"",2,"normal",95,16,,,
"Quick","25 Apr 2025, 20:51","25 Apr 2025, 21:26","","Clean",,"",0,"warmup",95,5,,,
"Quick","25 Apr 2025, 20:51","25 Apr 2025, 21:26","","Clean",,"",1,"warmup",95,5,,,
"Quick","25 Apr 2025, 20:51","25 Apr 2025, 21:26","","Clean and Jerk",,"",0,"warmup",95,5,,,
"Quick","25 Apr 2025, 20:51","25 Apr 2025, 21:26","","Clean and Jerk",,"",1,"warmup",95,5,,,
"Quick","25 Apr 2025, 20:51","25 Apr 2025, 21:26","","Iso-Lateral High Row (Machine)",,"",0,"normal",140,12,,,
"Quick","25 Apr 2025, 20:51","25 Apr 2025, 21:26","","Iso-Lateral High Row (Machine)",,"",1,"normal",170,12,,,
"Quick","25 Apr 2025, 20:51","25 Apr 2025, 21:26","","Iso-Lateral High Row (Machine)",,"",2,"normal",170,12,,,
"Legs","14 Apr 2025, 19:51","14 Apr 2025, 20:28","","Squat (Barbell)",,"",0,"warmup",135,5,,,
"Legs","14 Apr 2025, 19:51","14 Apr 2025, 20:28","","Squat (Barbell)",,"",1,"warmup",155,5,,,
"Legs","14 Apr 2025, 19:51","14 Apr 2025, 20:28","","Squat (Barbell)",,"",2,"normal",175,5,,,
"Legs","14 Apr 2025, 19:51","14 Apr 2025, 20:28","","Squat (Barbell)",,"",3,"normal",185,5,,,
"Legs","14 Apr 2025, 19:51","14 Apr 2025, 20:28","","Squat (Barbell)",,"",4,"normal",185,5,,,
"Legs","14 Apr 2025, 19:51","14 Apr 2025, 20:28","","Single Leg Romanian Deadlift (Dumbbell)",,"",0,"normal",32,10,,,
"Legs","14 Apr 2025, 19:51","14 Apr 2025, 20:28","","Single Leg Romanian Deadlift (Dumbbell)",,"",1,"normal",32,10,,,
"Legs","14 Apr 2025, 19:51","14 Apr 2025, 20:28","","Single Leg Romanian Deadlift (Dumbbell)",,"",2,"normal",32,10,,,
"Legs","14 Apr 2025, 19:51","14 Apr 2025, 20:28","","Assisted Pistol Squats",,"",0,"normal",,10,,,
"Legs","14 Apr 2025, 19:51","14 Apr 2025, 20:28","","Assisted Pistol Squats",,"",1,"normal",,10,,,
"Legs","14 Apr 2025, 19:51","14 Apr 2025, 20:28","","Assisted Pistol Squats",,"",2,"normal",,10,,,
"Legs","14 Apr 2025, 19:51","14 Apr 2025, 20:28","","Single Leg Standing Calf Raise",,"",0,"normal",,20,,,
"Legs","14 Apr 2025, 19:51","14 Apr 2025, 20:28","","Single Leg Standing Calf Raise",,"",1,"normal",,20,,,
"Legs","14 Apr 2025, 19:51","14 Apr 2025, 20:28","","Single Leg Standing Calf Raise",,"",2,"normal",,20,,,
"Legs","14 Apr 2025, 19:51","14 Apr 2025, 20:28","","Seated Leg Curl (Machine)",,"",0,"warmup",10,10,,,
"Legs","14 Apr 2025, 19:51","14 Apr 2025, 20:28","","Seated Leg Curl (Machine)",,"",1,"normal",13,12,,,
"Legs","14 Apr 2025, 19:51","14 Apr 2025, 20:28","","Seated Leg Curl (Machine)",,"",2,"normal",14.5,12,,,
"Legs","14 Apr 2025, 19:51","14 Apr 2025, 20:28","","Seated Leg Curl (Machine)",,"",3,"normal",16,12,,,
"Quick Full Body","12 Apr 2025, 21:28","12 Apr 2025, 21:59","","Bent Over Row (Barbell)",,"",0,"normal",115,10,,,
"Quick Full Body","12 Apr 2025, 21:28","12 Apr 2025, 21:59","","Bent Over Row (Barbell)",,"",1,"normal",115,10,,,
"Quick Full Body","12 Apr 2025, 21:28","12 Apr 2025, 21:59","","Bent Over Row (Barbell)",,"",2,"normal",115,10,,,
"Quick Full Body","12 Apr 2025, 21:28","12 Apr 2025, 21:59","","Hang Clean",,"",0,"warmup",115,1,,,
"Quick Full Body","12 Apr 2025, 21:28","12 Apr 2025, 21:59","","Hang Clean",,"",1,"warmup",115,1,,,
"Quick Full Body","12 Apr 2025, 21:28","12 Apr 2025, 21:59","","Hang Clean",,"",2,"warmup",115,1,,,
"Quick Full Body","12 Apr 2025, 21:28","12 Apr 2025, 21:59","","Squat (Barbell)",,"",0,"warmup",115,5,,,
"Quick Full Body","12 Apr 2025, 21:28","12 Apr 2025, 21:59","","Squat (Barbell)",,"",1,"warmup",115,5,,,
"Quick Full Body","12 Apr 2025, 21:28","12 Apr 2025, 21:59","","Squat (Barbell)",,"",2,"warmup",115,5,,,
"Quick Full Body","12 Apr 2025, 21:28","12 Apr 2025, 21:59","","Lunge (Barbell)",,"Split squat, 6 ea leg — lacking depth ngl",0,"normal",115,12,,,
"Quick Full Body","12 Apr 2025, 21:28","12 Apr 2025, 21:59","","Lunge (Barbell)",,"Split squat, 6 ea leg — lacking depth ngl",1,"normal",115,12,,,
"Quick Full Body","12 Apr 2025, 21:28","12 Apr 2025, 21:59","","Lunge (Barbell)",,"Split squat, 6 ea leg — lacking depth ngl",2,"normal",115,16,,,
"Quick Full Body","12 Apr 2025, 21:28","12 Apr 2025, 21:59","","Push Press",,"",0,"normal",115,2,,,
"Quick Full Body","12 Apr 2025, 21:28","12 Apr 2025, 21:59","","Push Press",,"",1,"normal",115,2,,,
"Quick Full Body","12 Apr 2025, 21:28","12 Apr 2025, 21:59","","Push Press",,"",2,"normal",115,2,,,
"Quick Full Body","12 Apr 2025, 21:28","12 Apr 2025, 21:59","","Single Leg Romanian Deadlift (Dumbbell)",,"",0,"normal",30,10,,,
"Quick Full Body","12 Apr 2025, 21:28","12 Apr 2025, 21:59","","Single Leg Romanian Deadlift (Dumbbell)",,"",1,"normal",30,10,,,
"Quick Full Body","12 Apr 2025, 21:28","12 Apr 2025, 21:59","","Single Leg Romanian Deadlift (Dumbbell)",,"",2,"normal",30,10,,,
"Quick Full Body","12 Apr 2025, 21:28","12 Apr 2025, 21:59","","Face Pull",,"",0,"normal",35,10,,,
"Quick Full Body","12 Apr 2025, 21:28","12 Apr 2025, 21:59","","Face Pull",,"",1,"normal",35,10,,,
"Quick Full Body","12 Apr 2025, 21:28","12 Apr 2025, 21:59","","Face Pull",,"",2,"normal",35,10,,,
"Quick Full Body","12 Apr 2025, 21:28","12 Apr 2025, 21:59","","Straight Arm Lat Pulldown (Cable)",,"",0,"normal",35,10,,,
"Quick Full Body","12 Apr 2025, 21:28","12 Apr 2025, 21:59","","Straight Arm Lat Pulldown (Cable)",,"",1,"normal",35,10,,,
"Quick Full Body","12 Apr 2025, 21:28","12 Apr 2025, 21:59","","Straight Arm Lat Pulldown (Cable)",,"",2,"normal",35,10,,,
"Quick Full Body","12 Apr 2025, 21:28","12 Apr 2025, 21:59","","Triceps Rope Pushdown",,"",0,"normal",35,10,,,
"Quick Full Body","12 Apr 2025, 21:28","12 Apr 2025, 21:59","","Triceps Rope Pushdown",,"",1,"normal",35,10,,,
"Quick Full Body","12 Apr 2025, 21:28","12 Apr 2025, 21:59","","Triceps Rope Pushdown",,"",2,"normal",35,10,,,
"Quick","8 Apr 2025, 21:59","8 Apr 2025, 22:19","","Pull Up",,"",0,"normal",,2,,,
"Quick","8 Apr 2025, 21:59","8 Apr 2025, 22:19","","Pull Up",,"",1,"normal",,2,,,
"Quick","8 Apr 2025, 21:59","8 Apr 2025, 22:19","","Pull Up",,"",2,"normal",,2,,,
"Quick","8 Apr 2025, 21:59","8 Apr 2025, 22:19","","Lunge (Barbell)",,"Split squat, 6ea leg",0,"normal",75,12,,,
"Quick","8 Apr 2025, 21:59","8 Apr 2025, 22:19","","Lunge (Barbell)",,"Split squat, 6ea leg",1,"normal",75,12,,,
"Quick","8 Apr 2025, 21:59","8 Apr 2025, 22:19","","Lunge (Barbell)",,"Split squat, 6ea leg",2,"normal",75,20,,,
"Quick","8 Apr 2025, 21:59","8 Apr 2025, 22:19","","Overhead Press (Barbell)",,"",0,"normal",75,5,,,
"Quick","8 Apr 2025, 21:59","8 Apr 2025, 22:19","","Overhead Press (Barbell)",,"",1,"normal",75,8,,,
"Quick","8 Apr 2025, 21:59","8 Apr 2025, 22:19","","Overhead Press (Barbell)",,"",2,"normal",75,10,,,
"Shway","6 Apr 2025, 11:25","6 Apr 2025, 12:28","","Incline Bench Press (Dumbbell)",,"",0,"warmup",90,10,,,
"Shway","6 Apr 2025, 11:25","6 Apr 2025, 12:28","","Incline Bench Press (Dumbbell)",,"",1,"normal",100,8,,,
"Shway","6 Apr 2025, 11:25","6 Apr 2025, 12:28","","Incline Bench Press (Dumbbell)",,"",2,"normal",110,8,,,
"Shway","6 Apr 2025, 11:25","6 Apr 2025, 12:28","","Incline Bench Press (Dumbbell)",,"",3,"normal",120,8,,,
"Shway","6 Apr 2025, 11:25","6 Apr 2025, 12:28","","Incline Bench Press (Dumbbell)",,"",4,"normal",120,7,,,
"Shway","6 Apr 2025, 11:25","6 Apr 2025, 12:28","","Shoulder Press (Dumbbell)",,"",0,"normal",70,12,,,
"Shway","6 Apr 2025, 11:25","6 Apr 2025, 12:28","","Shoulder Press (Dumbbell)",,"",1,"normal",80,11,,,
"Shway","6 Apr 2025, 11:25","6 Apr 2025, 12:28","","Shoulder Press (Dumbbell)",,"",2,"normal",90,8,,,
"Shway","6 Apr 2025, 11:25","6 Apr 2025, 12:28","","Lateral Raise (Dumbbell)",,"1 real set of 10, then logged drop set as quarter the weight, 5 each side",0,"normal",50,10,,,
"Shway","6 Apr 2025, 11:25","6 Apr 2025, 12:28","","Lateral Raise (Dumbbell)",,"1 real set of 10, then logged drop set as quarter the weight, 5 each side",1,"dropset",12.5,10,,,
"Shway","6 Apr 2025, 11:25","6 Apr 2025, 12:28","","Lateral Raise (Dumbbell)",,"1 real set of 10, then logged drop set as quarter the weight, 5 each side",2,"normal",50,12,,,
"Shway","6 Apr 2025, 11:25","6 Apr 2025, 12:28","","Lateral Raise (Dumbbell)",,"1 real set of 10, then logged drop set as quarter the weight, 5 each side",3,"dropset",12.5,20,,,
"Shway","6 Apr 2025, 11:25","6 Apr 2025, 12:28","","Lateral Raise (Dumbbell)",,"1 real set of 10, then logged drop set as quarter the weight, 5 each side",4,"normal",50,12,,,
"Shway","6 Apr 2025, 11:25","6 Apr 2025, 12:28","","Lateral Raise (Dumbbell)",,"1 real set of 10, then logged drop set as quarter the weight, 5 each side",5,"dropset",12.5,16,,,
"Shway","6 Apr 2025, 11:25","6 Apr 2025, 12:28","","Decline Bench Press (Machine)",,"Iso lateral",0,"warmup",90,10,,,
"Shway","6 Apr 2025, 11:25","6 Apr 2025, 12:28","","Decline Bench Press (Machine)",,"Iso lateral",1,"normal",140,12,,,
"Shway","6 Apr 2025, 11:25","6 Apr 2025, 12:28","","Decline Bench Press (Machine)",,"Iso lateral",2,"normal",160,12,,,
"Shway","6 Apr 2025, 11:25","6 Apr 2025, 12:28","","Face Pull",,"",0,"normal",33,10,,,
"Shway","6 Apr 2025, 11:25","6 Apr 2025, 12:28","","Face Pull",,"",1,"normal",38.5,10,,,
"Shway","6 Apr 2025, 11:25","6 Apr 2025, 12:28","","Face Pull",,"",2,"normal",38.5,10,,,
"Shway","6 Apr 2025, 11:25","6 Apr 2025, 12:28","","Rope Straight Arm Pulldown",,"",0,"normal",33,10,,,
"Shway","6 Apr 2025, 11:25","6 Apr 2025, 12:28","","Rope Straight Arm Pulldown",,"",1,"normal",38.5,10,,,
"Shway","6 Apr 2025, 11:25","6 Apr 2025, 12:28","","Rope Straight Arm Pulldown",,"",2,"normal",38.5,10,,,
"Shway","6 Apr 2025, 11:25","6 Apr 2025, 12:28","","Triceps Rope Pushdown",,"",0,"normal",33,10,,,
"Shway","6 Apr 2025, 11:25","6 Apr 2025, 12:28","","Triceps Rope Pushdown",,"",1,"normal",38.5,10,,,
"Shway","6 Apr 2025, 11:25","6 Apr 2025, 12:28","","Triceps Rope Pushdown",,"",2,"normal",38.5,10,,,
"Quik","31 Mar 2025, 22:36","31 Mar 2025, 22:50","","Overhead Press (Barbell)",,"",0,"normal",75,8,,,
"Quik","31 Mar 2025, 22:36","31 Mar 2025, 22:50","","Overhead Press (Barbell)",,"",1,"normal",75,8,,,
"Quik","31 Mar 2025, 22:36","31 Mar 2025, 22:50","","Overhead Press (Barbell)",,"",2,"normal",75,8,,,
"Quik","31 Mar 2025, 22:36","31 Mar 2025, 22:50","","Bent Over Row (Barbell)",,"",0,"warmup",75,10,,,
"Quik","31 Mar 2025, 22:36","31 Mar 2025, 22:50","","Bent Over Row (Barbell)",,"",1,"warmup",75,10,,,
"Quik","31 Mar 2025, 22:36","31 Mar 2025, 22:50","","Bent Over Row (Barbell)",,"",2,"warmup",75,10,,,
"Quik","31 Mar 2025, 22:36","31 Mar 2025, 22:50","","Lateral Raise (Dumbbell)",,"",0,"normal",40,10,,,
"Quik","31 Mar 2025, 22:36","31 Mar 2025, 22:50","","Lateral Raise (Dumbbell)",,"",1,"normal",40,10,,,
"Quik","31 Mar 2025, 22:36","31 Mar 2025, 22:50","","Lateral Raise (Dumbbell)",,"",2,"normal",40,10,,,
"Quik","31 Mar 2025, 22:36","31 Mar 2025, 22:50","","Lateral Raise (Dumbbell)",,"",3,"normal",40,10,,,
"Took a poop break","30 Mar 2025, 14:25","30 Mar 2025, 15:35","","Sit Up",,"Crunch, toe touches, flutter, twists, x2 (25sec 15sec rest)",0,"normal",,20,,,
"Took a poop break","30 Mar 2025, 14:25","30 Mar 2025, 15:35","","Sled Push",,"0,45,90. 1 min per set, push there pull back",0,"normal",,,,60,
"Took a poop break","30 Mar 2025, 14:25","30 Mar 2025, 15:35","","Sled Push",,"0,45,90. 1 min per set, push there pull back",1,"normal",,,,60,
"Took a poop break","30 Mar 2025, 14:25","30 Mar 2025, 15:35","","Sled Push",,"0,45,90. 1 min per set, push there pull back",2,"normal",,,,60,
"Took a poop break","30 Mar 2025, 14:25","30 Mar 2025, 15:35","","Sled Push",,"0,45,90. 1 min per set, push there pull back",3,"normal",,,,60,
"Took a poop break","30 Mar 2025, 14:25","30 Mar 2025, 15:35","","Sled Push",,"0,45,90. 1 min per set, push there pull back",4,"normal",,,,60,
"Took a poop break","30 Mar 2025, 14:25","30 Mar 2025, 15:35","","Reverse Lunge (Barbell)",,"5 each side",0,"normal",135,10,,,
"Took a poop break","30 Mar 2025, 14:25","30 Mar 2025, 15:35","","Reverse Lunge (Barbell)",,"5 each side",1,"normal",135,10,,,
"Took a poop break","30 Mar 2025, 14:25","30 Mar 2025, 15:35","","Reverse Lunge (Barbell)",,"5 each side",2,"normal",135,10,,,
"Took a poop break","30 Mar 2025, 14:25","30 Mar 2025, 15:35","","Squat (Barbell)",,"",0,"warmup",135,5,,,
"Took a poop break","30 Mar 2025, 14:25","30 Mar 2025, 15:35","","Squat (Barbell)",,"",1,"warmup",135,5,,,
"Took a poop break","30 Mar 2025, 14:25","30 Mar 2025, 15:35","","Squat (Barbell)",,"",2,"warmup",135,5,,,
"Took a poop break","30 Mar 2025, 14:25","30 Mar 2025, 15:35","","Bent Over Row (Barbell)",,"",0,"normal",135,6,,,
"Took a poop break","30 Mar 2025, 14:25","30 Mar 2025, 15:35","","Bent Over Row (Barbell)",,"",1,"normal",135,7,,,
"Took a poop break","30 Mar 2025, 14:25","30 Mar 2025, 15:35","","Bent Over Row (Barbell)",,"",2,"normal",135,8,,,
"Took a poop break","30 Mar 2025, 14:25","30 Mar 2025, 15:35","","Clean",,"Just putting it back",0,"warmup",135,1,,,
"Took a poop break","30 Mar 2025, 14:25","30 Mar 2025, 15:35","","Clean",,"Just putting it back",1,"warmup",135,1,,,
"Took a poop break","30 Mar 2025, 14:25","30 Mar 2025, 15:35","","Clean",,"Just putting it back",2,"warmup",135,1,,,
"Took a poop break","30 Mar 2025, 14:25","30 Mar 2025, 15:35","","Bench Press (Barbell)",,"",0,"normal",135,5,,,
"Took a poop break","30 Mar 2025, 14:25","30 Mar 2025, 15:35","","Bench Press (Barbell)",,"",1,"normal",135,5,,,
"Took a poop break","30 Mar 2025, 14:25","30 Mar 2025, 15:35","","Bench Press (Barbell)",,"",2,"normal",135,5,,,
"Took a poop break","30 Mar 2025, 14:25","30 Mar 2025, 15:35","","Bench Press (Barbell)",,"",3,"normal",155,5,,,
"Took a poop break","30 Mar 2025, 14:25","30 Mar 2025, 15:35","","Bench Press (Barbell)",,"",4,"normal",155,5,,,
"Quick legs","19 Mar 2025, 20:54","19 Mar 2025, 21:28","Really tired just fitting in what i can","Squat (Barbell)",,"",0,"warmup",135,5,,,
"Quick legs","19 Mar 2025, 20:54","19 Mar 2025, 21:28","Really tired just fitting in what i can","Squat (Barbell)",,"",1,"warmup",135,5,,,
"Quick legs","19 Mar 2025, 20:54","19 Mar 2025, 21:28","Really tired just fitting in what i can","Squat (Barbell)",,"",2,"warmup",185,5,,,
"Quick legs","19 Mar 2025, 20:54","19 Mar 2025, 21:28","Really tired just fitting in what i can","Squat (Barbell)",,"",3,"normal",205,5,,,
"Quick legs","19 Mar 2025, 20:54","19 Mar 2025, 21:28","Really tired just fitting in what i can","Squat (Barbell)",,"",4,"normal",205,5,,,
"Quick legs","19 Mar 2025, 20:54","19 Mar 2025, 21:28","Really tired just fitting in what i can","Hip Abduction (Machine)",,"Divide by 10 to control volume. Hoist fitness machine",0,"normal",14,10,,,
"Quick legs","19 Mar 2025, 20:54","19 Mar 2025, 21:28","Really tired just fitting in what i can","Hip Abduction (Machine)",,"Divide by 10 to control volume. Hoist fitness machine",1,"normal",16,10,,,
"Quick legs","19 Mar 2025, 20:54","19 Mar 2025, 21:28","Really tired just fitting in what i can","Hip Abduction (Machine)",,"Divide by 10 to control volume. Hoist fitness machine",2,"normal",16,10,,,
"Quick legs","19 Mar 2025, 20:54","19 Mar 2025, 21:28","Really tired just fitting in what i can","Reverse Hyperextension",,"",0,"normal",50,10,,,
"Quick legs","19 Mar 2025, 20:54","19 Mar 2025, 21:28","Really tired just fitting in what i can","Reverse Hyperextension",,"",1,"normal",50,10,,,
"Quick legs","19 Mar 2025, 20:54","19 Mar 2025, 21:28","Really tired just fitting in what i can","Reverse Hyperextension",,"",2,"normal",50,10,,,
"SARMS","17 Mar 2025, 19:03","17 Mar 2025, 19:43","Tired after run so just focusing on low effort exercises","Lateral Raise (Dumbbell)",,"",0,"normal",40,10,,,
"SARMS","17 Mar 2025, 19:03","17 Mar 2025, 19:43","Tired after run so just focusing on low effort exercises","Lateral Raise (Dumbbell)",,"",1,"normal",40,10,,,
"SARMS","17 Mar 2025, 19:03","17 Mar 2025, 19:43","Tired after run so just focusing on low effort exercises","Lateral Raise (Dumbbell)",,"",2,"normal",40,10,,,
"SARMS","17 Mar 2025, 19:03","17 Mar 2025, 19:43","Tired after run so just focusing on low effort exercises","Arnold Press (Dumbbell)",,"",0,"normal",40,10,,,
"SARMS","17 Mar 2025, 19:03","17 Mar 2025, 19:43","Tired after run so just focusing on low effort exercises","Arnold Press (Dumbbell)",,"",1,"normal",40,10,,,
"SARMS","17 Mar 2025, 19:03","17 Mar 2025, 19:43","Tired after run so just focusing on low effort exercises","Arnold Press (Dumbbell)",,"",2,"normal",40,10,,,
"SARMS","17 Mar 2025, 19:03","17 Mar 2025, 19:43","Tired after run so just focusing on low effort exercises","Hammer Curl (Dumbbell)",,"",0,"normal",40,10,,,
"SARMS","17 Mar 2025, 19:03","17 Mar 2025, 19:43","Tired after run so just focusing on low effort exercises","Hammer Curl (Dumbbell)",,"",1,"normal",40,10,,,
"SARMS","17 Mar 2025, 19:03","17 Mar 2025, 19:43","Tired after run so just focusing on low effort exercises","Hammer Curl (Dumbbell)",,"",2,"normal",40,10,,,
"SARMS","17 Mar 2025, 19:03","17 Mar 2025, 19:43","Tired after run so just focusing on low effort exercises","Triceps Rope Pushdown",,"",0,"normal",35,10,,,
"SARMS","17 Mar 2025, 19:03","17 Mar 2025, 19:43","Tired after run so just focusing on low effort exercises","Triceps Rope Pushdown",,"",1,"normal",42.5,10,,,
"SARMS","17 Mar 2025, 19:03","17 Mar 2025, 19:43","Tired after run so just focusing on low effort exercises","Triceps Rope Pushdown",,"",2,"normal",38.5,10,,,
"SARMS","17 Mar 2025, 19:03","17 Mar 2025, 19:43","Tired after run so just focusing on low effort exercises","Triceps Rope Pushdown",,"",3,"normal",42.5,10,,,
"SARMS","17 Mar 2025, 19:03","17 Mar 2025, 19:43","Tired after run so just focusing on low effort exercises","Straight Arm Lat Pulldown (Cable)",,"",0,"normal",35,10,,,
"SARMS","17 Mar 2025, 19:03","17 Mar 2025, 19:43","Tired after run so just focusing on low effort exercises","Straight Arm Lat Pulldown (Cable)",,"",1,"normal",42.5,10,,,
"SARMS","17 Mar 2025, 19:03","17 Mar 2025, 19:43","Tired after run so just focusing on low effort exercises","Straight Arm Lat Pulldown (Cable)",,"",2,"normal",42.5,10,,,
"SARMS","17 Mar 2025, 19:03","17 Mar 2025, 19:43","Tired after run so just focusing on low effort exercises","Straight Arm Lat Pulldown (Cable)",,"",3,"normal",42.5,10,,,
"SARMS","17 Mar 2025, 19:03","17 Mar 2025, 19:43","Tired after run so just focusing on low effort exercises","Seated Shoulder Press (Machine)",,"W54th machine is harder than the fidi one. I think its cuz it used my body weight too lol gg",0,"normal",76,10,,,
"SARMS","17 Mar 2025, 19:03","17 Mar 2025, 19:43","Tired after run so just focusing on low effort exercises","Seated Shoulder Press (Machine)",,"W54th machine is harder than the fidi one. I think its cuz it used my body weight too lol gg",1,"normal",83,10,,,
"SARMS","17 Mar 2025, 19:03","17 Mar 2025, 19:43","Tired after run so just focusing on low effort exercises","Seated Shoulder Press (Machine)",,"W54th machine is harder than the fidi one. I think its cuz it used my body weight too lol gg",2,"normal",83,12,,,
"SARMS","17 Mar 2025, 19:03","17 Mar 2025, 19:43","Tired after run so just focusing on low effort exercises","Butterfly (Pec Deck)",,"",0,"normal",100,10,,,
"SARMS","17 Mar 2025, 19:03","17 Mar 2025, 19:43","Tired after run so just focusing on low effort exercises","Butterfly (Pec Deck)",,"",1,"normal",115,10,,,
"SARMS","17 Mar 2025, 19:03","17 Mar 2025, 19:43","Tired after run so just focusing on low effort exercises","Butterfly (Pec Deck)",,"",2,"failure",115,8,,,
"Full body","14 Mar 2025, 17:26","14 Mar 2025, 18:35","","Squat (Barbell)",,"",0,"warmup",135,5,,,
"Full body","14 Mar 2025, 17:26","14 Mar 2025, 18:35","","Squat (Barbell)",,"",1,"warmup",185,5,,,
"Full body","14 Mar 2025, 17:26","14 Mar 2025, 18:35","","Squat (Barbell)",,"",2,"normal",205,5,,,
"Full body","14 Mar 2025, 17:26","14 Mar 2025, 18:35","","Squat (Barbell)",,"",3,"normal",205,5,,,
"Full body","14 Mar 2025, 17:26","14 Mar 2025, 18:35","","Squat (Barbell)",,"",4,"normal",225,5,,,
"Full body","14 Mar 2025, 17:26","14 Mar 2025, 18:35","","Squat (Barbell)",,"",5,"normal",225,5,,,
"Full body","14 Mar 2025, 17:26","14 Mar 2025, 18:35","","Glute Kickback (Machine)",,"11 on the left, 10 on the right",0,"normal",70,21,,,
"Full body","14 Mar 2025, 17:26","14 Mar 2025, 18:35","","Glute Kickback (Machine)",,"11 on the left, 10 on the right",1,"normal",70,21,,,
"Full body","14 Mar 2025, 17:26","14 Mar 2025, 18:35","","Glute Kickback (Machine)",,"11 on the left, 10 on the right",2,"normal",70,21,,,
"Full body","14 Mar 2025, 17:26","14 Mar 2025, 18:35","","Glute Kickback (Machine)",,"11 on the left, 10 on the right",3,"normal",70,21,,,
"Full body","14 Mar 2025, 17:26","14 Mar 2025, 18:35","","Iso-Lateral High Row (Machine)",,"",0,"normal",140,12,,,
"Full body","14 Mar 2025, 17:26","14 Mar 2025, 18:35","","Iso-Lateral High Row (Machine)",,"",1,"normal",160,12,,,
"Full body","14 Mar 2025, 17:26","14 Mar 2025, 18:35","","Iso-Lateral High Row (Machine)",,"",2,"normal",170,12,,,
"Full body","14 Mar 2025, 17:26","14 Mar 2025, 18:35","","Shoulder Press (Machine Plates)",,"",0,"normal",90,10,,,
"Full body","14 Mar 2025, 17:26","14 Mar 2025, 18:35","","Shoulder Press (Machine Plates)",,"",1,"normal",90,10,,,
"Full body","14 Mar 2025, 17:26","14 Mar 2025, 18:35","","Shoulder Press (Machine Plates)",,"",2,"normal",90,10,,,
"Full body","14 Mar 2025, 17:26","14 Mar 2025, 18:35","","Incline Bench Press (Barbell)",,"",0,"warmup",115,8,,,
"Full body","14 Mar 2025, 17:26","14 Mar 2025, 18:35","","Incline Bench Press (Barbell)",,"",1,"normal",135,5,,,
"Full body","14 Mar 2025, 17:26","14 Mar 2025, 18:35","","Incline Bench Press (Barbell)",,"",2,"normal",135,5,,,
"Full body","14 Mar 2025, 17:26","14 Mar 2025, 18:35","","Incline Bench Press (Barbell)",,"",3,"normal",135,5,,,
"Quick back legs","11 Mar 2025, 21:07","11 Mar 2025, 21:49","","Jump Rope",,"",0,"normal",,,,30,
"Quick back legs","11 Mar 2025, 21:07","11 Mar 2025, 21:49","","Jump Rope",,"",1,"normal",,,,30,
"Quick back legs","11 Mar 2025, 21:07","11 Mar 2025, 21:49","","Jump Rope",,"",2,"normal",,,,30,
"Quick back legs","11 Mar 2025, 21:07","11 Mar 2025, 21:49","","Jump Rope",,"",3,"normal",,,,30,
"Quick back legs","11 Mar 2025, 21:07","11 Mar 2025, 21:49","","Assisted Pistol Squats",,"",0,"normal",,10,,,
"Quick back legs","11 Mar 2025, 21:07","11 Mar 2025, 21:49","","Assisted Pistol Squats",,"",1,"normal",,10,,,
"Quick back legs","11 Mar 2025, 21:07","11 Mar 2025, 21:49","","Assisted Pistol Squats",,"",2,"normal",,10,,,
"Quick back legs","11 Mar 2025, 21:07","11 Mar 2025, 21:49","","Assisted Pistol Squats",,"",3,"normal",,10,,,
"Quick back legs","11 Mar 2025, 21:07","11 Mar 2025, 21:49","","Squat (Barbell)",,"",0,"warmup",135,8,,,
"Quick back legs","11 Mar 2025, 21:07","11 Mar 2025, 21:49","","Squat (Barbell)",,"",1,"warmup",185,6,,,
"Quick back legs","11 Mar 2025, 21:07","11 Mar 2025, 21:49","","Squat (Barbell)",,"",2,"normal",205,6,,,
"Quick back legs","11 Mar 2025, 21:07","11 Mar 2025, 21:49","","Deadlift (Barbell)",,"",0,"normal",205,5,,,
"Quick back legs","11 Mar 2025, 21:07","11 Mar 2025, 21:49","","Deadlift (Barbell)",,"",1,"normal",205,5,,,
"Quick back legs","11 Mar 2025, 21:07","11 Mar 2025, 21:49","","Deadlift (Barbell)",,"",2,"normal",205,5,,,
"Quick leg / back","7 Mar 2025, 08:33","7 Mar 2025, 09:04","Feeling gaslit by Portelli","Squat (Barbell)",,"",0,"warmup",115,5,,,
"Quick leg / back","7 Mar 2025, 08:33","7 Mar 2025, 09:04","Feeling gaslit by Portelli","Squat (Barbell)",,"",1,"normal",205,5,,,
"Quick leg / back","7 Mar 2025, 08:33","7 Mar 2025, 09:04","Feeling gaslit by Portelli","Squat (Barbell)",,"",2,"normal",205,5,,,
"Quick leg / back","7 Mar 2025, 08:33","7 Mar 2025, 09:04","Feeling gaslit by Portelli","Squat (Barbell)",,"",3,"normal",205,8,,,
"Quick leg / back","7 Mar 2025, 08:33","7 Mar 2025, 09:04","Feeling gaslit by Portelli","Single Leg Romanian Deadlift (Dumbbell)",,"",0,"normal",20,10,,,
"Quick leg / back","7 Mar 2025, 08:33","7 Mar 2025, 09:04","Feeling gaslit by Portelli","Single Leg Romanian Deadlift (Dumbbell)",,"",1,"normal",20,10,,,
"Quick leg / back","7 Mar 2025, 08:33","7 Mar 2025, 09:04","Feeling gaslit by Portelli","Single Leg Romanian Deadlift (Dumbbell)",,"",2,"normal",20,10,,,
"Quick leg / back","7 Mar 2025, 08:33","7 Mar 2025, 09:04","Feeling gaslit by Portelli","Single Leg Romanian Deadlift (Dumbbell)",,"",3,"normal",20,10,,,
"Quick leg / back","7 Mar 2025, 08:33","7 Mar 2025, 09:04","Feeling gaslit by Portelli","Jump Rope",,"",0,"normal",,,,30,
"Quick leg / back","7 Mar 2025, 08:33","7 Mar 2025, 09:04","Feeling gaslit by Portelli","Jump Rope",,"",1,"normal",,,,30,
"Quick leg / back","7 Mar 2025, 08:33","7 Mar 2025, 09:04","Feeling gaslit by Portelli","Jump Rope",,"",2,"normal",,,,30,
"Quick leg / back","7 Mar 2025, 08:33","7 Mar 2025, 09:04","Feeling gaslit by Portelli","Jump Rope",,"",3,"normal",,,,30,
"Quick leg / back","7 Mar 2025, 08:33","7 Mar 2025, 09:04","Feeling gaslit by Portelli","Bent Over Row (Barbell)",,"",0,"normal",115,10,,,
"Quick leg / back","7 Mar 2025, 08:33","7 Mar 2025, 09:04","Feeling gaslit by Portelli","Bent Over Row (Barbell)",,"",1,"normal",115,10,,,
"Quick leg / back","7 Mar 2025, 08:33","7 Mar 2025, 09:04","Feeling gaslit by Portelli","Pull Up",,"",0,"normal",,1,,,
"Quick leg / back","7 Mar 2025, 08:33","7 Mar 2025, 09:04","Feeling gaslit by Portelli","Pull Up",,"",1,"normal",,1,,,
"Laundry","4 Mar 2025, 22:20","4 Mar 2025, 23:03","Quick lift while doing laundry","Incline Bench Press (Dumbbell)",,"",0,"warmup",70,10,,,
"Laundry","4 Mar 2025, 22:20","4 Mar 2025, 23:03","Quick lift while doing laundry","Incline Bench Press (Dumbbell)",,"",1,"normal",90,10,,,
"Laundry","4 Mar 2025, 22:20","4 Mar 2025, 23:03","Quick lift while doing laundry","Incline Bench Press (Dumbbell)",,"",2,"normal",100,10,,,
"Laundry","4 Mar 2025, 22:20","4 Mar 2025, 23:03","Quick lift while doing laundry","Incline Bench Press (Dumbbell)",,"",3,"normal",100,10,,,
"Laundry","4 Mar 2025, 22:20","4 Mar 2025, 23:03","Quick lift while doing laundry","Incline Bench Press (Dumbbell)",,"",4,"normal",100,12,,,
"Laundry","4 Mar 2025, 22:20","4 Mar 2025, 23:03","Quick lift while doing laundry","Split Squat (Dumbbell)",,"",0,"normal",70,20,,,
"Laundry","4 Mar 2025, 22:20","4 Mar 2025, 23:03","Quick lift while doing laundry","Split Squat (Dumbbell)",,"",1,"normal",70,20,,,
"Laundry","4 Mar 2025, 22:20","4 Mar 2025, 23:03","Quick lift while doing laundry","Split Squat (Dumbbell)",,"",2,"normal",70,20,,,
"Laundry","4 Mar 2025, 22:20","4 Mar 2025, 23:03","Quick lift while doing laundry","Seated Row (Machine)",,"",0,"normal",120,10,,,
"Laundry","4 Mar 2025, 22:20","4 Mar 2025, 23:03","Quick lift while doing laundry","Seated Row (Machine)",,"",1,"normal",120,15,,,
"Laundry","4 Mar 2025, 22:20","4 Mar 2025, 23:03","Quick lift while doing laundry","Seated Row (Machine)",,"",2,"normal",120,15,,,
"Upper Body","26 Feb 2025, 19:29","26 Feb 2025, 20:12","","Incline Bench Press (Barbell)",,"",0,"warmup",95,10,,,
"Upper Body","26 Feb 2025, 19:29","26 Feb 2025, 20:12","","Incline Bench Press (Barbell)",,"",1,"warmup",115,8,,,
"Upper Body","26 Feb 2025, 19:29","26 Feb 2025, 20:12","","Incline Bench Press (Barbell)",,"",2,"normal",135,5,,,
"Upper Body","26 Feb 2025, 19:29","26 Feb 2025, 20:12","","Incline Bench Press (Barbell)",,"",3,"normal",135,5,,,
"Upper Body","26 Feb 2025, 19:29","26 Feb 2025, 20:12","","Incline Bench Press (Barbell)",,"",4,"normal",145,3,,,
"Upper Body","26 Feb 2025, 19:29","26 Feb 2025, 20:12","","Iso-Lateral Chest Press (Machine)",,"Pretty hard",0,"normal",90,8,,,
"Upper Body","26 Feb 2025, 19:29","26 Feb 2025, 20:12","","Iso-Lateral Chest Press (Machine)",,"Pretty hard",1,"normal",90,8,,,
"Upper Body","26 Feb 2025, 19:29","26 Feb 2025, 20:12","","Iso-Lateral Chest Press (Machine)",,"Pretty hard",2,"failure",90,8,,,
"Upper Body","26 Feb 2025, 19:29","26 Feb 2025, 20:12","","Rope Straight Arm Pulldown",0,"",0,"normal",38.5,10,,,
"Upper Body","26 Feb 2025, 19:29","26 Feb 2025, 20:12","","Rope Straight Arm Pulldown",0,"",1,"normal",38.5,10,,,
"Upper Body","26 Feb 2025, 19:29","26 Feb 2025, 20:12","","Rope Straight Arm Pulldown",0,"",2,"normal",38.5,10,,,
"Upper Body","26 Feb 2025, 19:29","26 Feb 2025, 20:12","","Triceps Rope Pushdown",0,"",0,"normal",38.5,10,,,
"Upper Body","26 Feb 2025, 19:29","26 Feb 2025, 20:12","","Triceps Rope Pushdown",0,"",1,"normal",38.5,10,,,
"Upper Body","26 Feb 2025, 19:29","26 Feb 2025, 20:12","","Triceps Rope Pushdown",0,"",2,"normal",38.5,10,,,
"Upper Body","26 Feb 2025, 19:29","26 Feb 2025, 20:12","","Lateral Raise (Dumbbell)",,"Triple super set with lateral raise, arnold, hammer curl",0,"normal",40,10,,,
"Upper Body","26 Feb 2025, 19:29","26 Feb 2025, 20:12","","Lateral Raise (Dumbbell)",,"Triple super set with lateral raise, arnold, hammer curl",1,"normal",40,10,,,
"Upper Body","26 Feb 2025, 19:29","26 Feb 2025, 20:12","","Lateral Raise (Dumbbell)",,"Triple super set with lateral raise, arnold, hammer curl",2,"normal",40,10,,,
"Upper Body","26 Feb 2025, 19:29","26 Feb 2025, 20:12","","Arnold Press (Dumbbell)",,"Triple super set with lateral raise, arnold, hammer curl",0,"normal",40,10,,,
"Upper Body","26 Feb 2025, 19:29","26 Feb 2025, 20:12","","Arnold Press (Dumbbell)",,"Triple super set with lateral raise, arnold, hammer curl",1,"normal",40,10,,,
"Upper Body","26 Feb 2025, 19:29","26 Feb 2025, 20:12","","Arnold Press (Dumbbell)",,"Triple super set with lateral raise, arnold, hammer curl",2,"normal",40,10,,,
"Upper Body","26 Feb 2025, 19:29","26 Feb 2025, 20:12","","Hammer Curl (Dumbbell)",,"Triple super set with lateral raise, arnold, hammer curl",0,"normal",40,10,,,
"Upper Body","26 Feb 2025, 19:29","26 Feb 2025, 20:12","","Hammer Curl (Dumbbell)",,"Triple super set with lateral raise, arnold, hammer curl",1,"normal",40,10,,,
"Upper Body","26 Feb 2025, 19:29","26 Feb 2025, 20:12","","Hammer Curl (Dumbbell)",,"Triple super set with lateral raise, arnold, hammer curl",2,"failure",20,10,,,
"Leg mobility and plyos","25 Feb 2025, 20:08","25 Feb 2025, 21:09","","Assisted Pistol Squats",,"",0,"normal",,10,,,
"Leg mobility and plyos","25 Feb 2025, 20:08","25 Feb 2025, 21:09","","Assisted Pistol Squats",,"",1,"normal",,10,,,
"Leg mobility and plyos","25 Feb 2025, 20:08","25 Feb 2025, 21:09","","Assisted Pistol Squats",,"",2,"normal",,10,,,
"Leg mobility and plyos","25 Feb 2025, 20:08","25 Feb 2025, 21:09","","Assisted Pistol Squats",,"",3,"normal",,10,,,
"Leg mobility and plyos","25 Feb 2025, 20:08","25 Feb 2025, 21:09","","Jump Rope",,"",0,"normal",,,,30,
"Leg mobility and plyos","25 Feb 2025, 20:08","25 Feb 2025, 21:09","","Jump Rope",,"",1,"normal",,,,30,
"Leg mobility and plyos","25 Feb 2025, 20:08","25 Feb 2025, 21:09","","Jump Rope",,"",2,"normal",,,,30,
"Leg mobility and plyos","25 Feb 2025, 20:08","25 Feb 2025, 21:09","","Jump Rope",,"",3,"normal",,,,30,
"Leg mobility and plyos","25 Feb 2025, 20:08","25 Feb 2025, 21:09","","Single Leg Romanian Deadlift (Dumbbell)",,"",0,"normal",32,10,,,
"Leg mobility and plyos","25 Feb 2025, 20:08","25 Feb 2025, 21:09","","Single Leg Romanian Deadlift (Dumbbell)",,"",1,"normal",32,10,,,
"Leg mobility and plyos","25 Feb 2025, 20:08","25 Feb 2025, 21:09","","Single Leg Romanian Deadlift (Dumbbell)",,"",2,"normal",32,10,,,
"Leg mobility and plyos","25 Feb 2025, 20:08","25 Feb 2025, 21:09","","Single Leg Romanian Deadlift (Dumbbell)",,"",3,"normal",32,10,,,
"Leg mobility and plyos","25 Feb 2025, 20:08","25 Feb 2025, 21:09","","Box Jump",,"Jump off green box to warmup, box jump red ones, then depth jumps, then single leg box jumps onto green. Worked my way up, + 5 each fime, then +10 for single leg just for last set",0,"warmup",,5,,,
"Leg mobility and plyos","25 Feb 2025, 20:08","25 Feb 2025, 21:09","","Box Jump",,"Jump off green box to warmup, box jump red ones, then depth jumps, then single leg box jumps onto green. Worked my way up, + 5 each fime, then +10 for single leg just for last set",1,"normal",,10,,,
"Leg mobility and plyos","25 Feb 2025, 20:08","25 Feb 2025, 21:09","","Box Jump",,"Jump off green box to warmup, box jump red ones, then depth jumps, then single leg box jumps onto green. Worked my way up, + 5 each fime, then +10 for single leg just for last set",2,"normal",,15,,,
"Leg mobility and plyos","25 Feb 2025, 20:08","25 Feb 2025, 21:09","","Box Jump",,"Jump off green box to warmup, box jump red ones, then depth jumps, then single leg box jumps onto green. Worked my way up, + 5 each fime, then +10 for single leg just for last set",3,"normal",,25,,,
"Leg mobility and plyos","25 Feb 2025, 20:08","25 Feb 2025, 21:09","","Hack Squat (Machine)",,"Starting weight 125 — just warming up",0,"warmup",125,5,,,
"Leg mobility and plyos","25 Feb 2025, 20:08","25 Feb 2025, 21:09","","Hack Squat (Machine)",,"Starting weight 125 — just warming up",1,"warmup",125,5,,,
"Leg mobility and plyos","25 Feb 2025, 20:08","25 Feb 2025, 21:09","","Clean",,"From floor every time",0,"normal",135,5,,,
"Leg mobility and plyos","25 Feb 2025, 20:08","25 Feb 2025, 21:09","","Clean",,"From floor every time",1,"normal",135,5,,,
"Leg mobility and plyos","25 Feb 2025, 20:08","25 Feb 2025, 21:09","","Clean",,"From floor every time",2,"normal",135,5,,,
"Leg mobility and plyos","25 Feb 2025, 20:08","25 Feb 2025, 21:09","","Clean",,"From floor every time",3,"normal",155,5,,,
"Leg mobility and plyos","25 Feb 2025, 20:08","25 Feb 2025, 21:09","","Seated Cable Row - V Grip (Cable)",,"",0,"normal",121,12,,,
"Leg mobility and plyos","25 Feb 2025, 20:08","25 Feb 2025, 21:09","","Seated Cable Row - V Grip (Cable)",,"",1,"normal",143,10,,,
"Leg mobility and plyos","25 Feb 2025, 20:08","25 Feb 2025, 21:09","","Seated Cable Row - V Grip (Cable)",,"",2,"normal",143,10,,,
"Quick","24 Feb 2025, 23:09","24 Feb 2025, 23:35","","Lunge (Barbell)",,"Split squat, 10 each leg",0,"normal",75,20,,,
"Quick","24 Feb 2025, 23:09","24 Feb 2025, 23:35","","Lunge (Barbell)",,"Split squat, 10 each leg",1,"normal",75,20,,,
"Quick","24 Feb 2025, 23:09","24 Feb 2025, 23:35","","Lunge (Barbell)",,"Split squat, 10 each leg",2,"normal",75,20,,,
"Quick","24 Feb 2025, 23:09","24 Feb 2025, 23:35","","Overhead Press (Barbell)",,"",0,"normal",75,10,,,
"Quick","24 Feb 2025, 23:09","24 Feb 2025, 23:35","","Overhead Press (Barbell)",,"",1,"normal",75,10,,,
"Quick","24 Feb 2025, 23:09","24 Feb 2025, 23:35","","Overhead Press (Barbell)",,"",2,"normal",75,5,,,
"Quick","24 Feb 2025, 23:09","24 Feb 2025, 23:35","","Front Squat",,"",0,"normal",75,10,,,
"Quick","24 Feb 2025, 23:09","24 Feb 2025, 23:35","","Front Squat",,"",1,"normal",75,10,,,
"Quick","24 Feb 2025, 23:09","24 Feb 2025, 23:35","","Front Squat",,"",2,"normal",75,10,,,
"Quick","24 Feb 2025, 23:09","24 Feb 2025, 23:35","","Pull Up",,"",0,"normal",,2,,,
"Quick","24 Feb 2025, 23:09","24 Feb 2025, 23:35","","Pull Up",,"",1,"normal",,2,,,
"Quick","24 Feb 2025, 23:09","24 Feb 2025, 23:35","","Pull Up",,"",2,"normal",,2,,,
"Super quick","21 Feb 2025, 22:03","21 Feb 2025, 22:09","","Hang Clean",,"",0,"warmup",115,1,,,
"Super quick","21 Feb 2025, 22:03","21 Feb 2025, 22:09","","Hang Clean",,"",1,"warmup",115,1,,,
"Super quick","21 Feb 2025, 22:03","21 Feb 2025, 22:09","","Squat (Barbell)",,"",0,"warmup",115,5,,,
"Super quick","21 Feb 2025, 22:03","21 Feb 2025, 22:09","","Squat (Barbell)",,"",1,"warmup",115,10,,,
"Super quick","21 Feb 2025, 22:03","21 Feb 2025, 22:09","","Bent Over Row (Barbell)",,"",0,"normal",115,10,,,
"Super quick","21 Feb 2025, 22:03","21 Feb 2025, 22:09","","Bent Over Row (Barbell)",,"",1,"normal",115,10,,,
"Super quick","21 Feb 2025, 22:03","21 Feb 2025, 22:09","","Pull Up",,"",0,"normal",,2,,,
"Super quick","21 Feb 2025, 22:03","21 Feb 2025, 22:09","","Pull Up",,"",1,"normal",,1,,,
"Quick pre run","16 Feb 2025, 20:41","16 Feb 2025, 20:58","","Overhead Press (Barbell)",,"",0,"normal",75,5,,,
"Quick pre run","16 Feb 2025, 20:41","16 Feb 2025, 20:58","","Overhead Press (Barbell)",,"",1,"normal",75,5,,,
"Quick pre run","16 Feb 2025, 20:41","16 Feb 2025, 20:58","","Overhead Press (Barbell)",,"",2,"normal",75,5,,,
"Quick pre run","16 Feb 2025, 20:41","16 Feb 2025, 20:58","","Overhead Press (Barbell)",,"",3,"normal",75,5,,,
"Quick pre run","16 Feb 2025, 20:41","16 Feb 2025, 20:58","","Front Squat",,"",0,"normal",75,5,,,
"Quick pre run","16 Feb 2025, 20:41","16 Feb 2025, 20:58","","Front Squat",,"",1,"normal",75,5,,,
"Quick pre run","16 Feb 2025, 20:41","16 Feb 2025, 20:58","","Front Squat",,"",2,"normal",75,5,,,
"Quick pre run","16 Feb 2025, 20:41","16 Feb 2025, 20:58","","Front Squat",,"",3,"normal",75,5,,,
"Quick pre run","16 Feb 2025, 20:41","16 Feb 2025, 20:58","","Bent Over Row (Barbell)",,"",0,"warmup",75,5,,,
"Quick pre run","16 Feb 2025, 20:41","16 Feb 2025, 20:58","","Bent Over Row (Barbell)",,"",1,"normal",75,10,,,
"Quick pre run","16 Feb 2025, 20:41","16 Feb 2025, 20:58","","Bent Over Row (Barbell)",,"",2,"normal",75,12,,,
"Quick pre run","16 Feb 2025, 20:41","16 Feb 2025, 20:58","","Bent Over Row (Barbell)",,"",3,"normal",75,12,,,
"Quick pre run","16 Feb 2025, 20:41","16 Feb 2025, 20:58","","Hang Clean",,"Just to put it back lol",0,"warmup",75,1,,,
"Quick pre run","16 Feb 2025, 20:41","16 Feb 2025, 20:58","","Hang Clean",,"Just to put it back lol",1,"warmup",75,1,,,
"Quick pre run","16 Feb 2025, 20:41","16 Feb 2025, 20:58","","Hang Clean",,"Just to put it back lol",2,"warmup",75,1,,,
"Quick pre run","16 Feb 2025, 20:41","16 Feb 2025, 20:58","","Hang Clean",,"Just to put it back lol",3,"normal",75,2,,,
"Slow day","11 Feb 2025, 20:22","11 Feb 2025, 21:22","","Squat (Barbell)",,"Knee sore from running didnt want to push it too hard",0,"warmup",135,5,,,
"Slow day","11 Feb 2025, 20:22","11 Feb 2025, 21:22","","Squat (Barbell)",,"Knee sore from running didnt want to push it too hard",1,"warmup",135,5,,,
"Slow day","11 Feb 2025, 20:22","11 Feb 2025, 21:22","","Squat (Barbell)",,"Knee sore from running didnt want to push it too hard",2,"warmup",185,5,,,
"Slow day","11 Feb 2025, 20:22","11 Feb 2025, 21:22","","Squat (Barbell)",,"Knee sore from running didnt want to push it too hard",3,"warmup",185,5,,,
"Slow day","11 Feb 2025, 20:22","11 Feb 2025, 21:22","","Squat (Barbell)",,"Knee sore from running didnt want to push it too hard",4,"normal",205,5,,,
"Slow day","11 Feb 2025, 20:22","11 Feb 2025, 21:22","","Squat (Barbell)",,"Knee sore from running didnt want to push it too hard",5,"normal",205,5,,,
"Slow day","11 Feb 2025, 20:22","11 Feb 2025, 21:22","","Bench Press (Barbell)",,"Tired, taking it slow",0,"normal",135,5,,,
"Slow day","11 Feb 2025, 20:22","11 Feb 2025, 21:22","","Bench Press (Barbell)",,"Tired, taking it slow",1,"normal",135,5,,,
"Slow day","11 Feb 2025, 20:22","11 Feb 2025, 21:22","","Bench Press (Barbell)",,"Tired, taking it slow",2,"normal",135,5,,,
"Slow day","11 Feb 2025, 20:22","11 Feb 2025, 21:22","","Bench Press (Barbell)",,"Tired, taking it slow",3,"normal",155,5,,,
"Slow day","11 Feb 2025, 20:22","11 Feb 2025, 21:22","","Bench Press (Barbell)",,"Tired, taking it slow",4,"normal",155,5,,,
"Slow day","11 Feb 2025, 20:22","11 Feb 2025, 21:22","","Bench Press (Barbell)",,"Tired, taking it slow",5,"normal",165,5,,,
"Taking it slow","4 Feb 2025, 20:28","4 Feb 2025, 21:48","Mostly browsing my phone","Sit Up",,"",0,"normal",,20,,,
"Taking it slow","4 Feb 2025, 20:28","4 Feb 2025, 21:48","Mostly browsing my phone","Single Leg Press (Machine)",,"Hack squat no weight",0,"normal",5,10,,,
"Taking it slow","4 Feb 2025, 20:28","4 Feb 2025, 21:48","Mostly browsing my phone","Single Leg Press (Machine)",,"Hack squat no weight",1,"normal",5,10,,,
"Taking it slow","4 Feb 2025, 20:28","4 Feb 2025, 21:48","Mostly browsing my phone","Single Leg Press (Machine)",,"Hack squat no weight",2,"normal",5,10,,,
"Taking it slow","4 Feb 2025, 20:28","4 Feb 2025, 21:48","Mostly browsing my phone","Single Leg Press (Machine)",,"Hack squat no weight",3,"normal",5,10,,,
"Taking it slow","4 Feb 2025, 20:28","4 Feb 2025, 21:48","Mostly browsing my phone","Squat (Barbell)",,"",0,"warmup",135,5,,,
"Taking it slow","4 Feb 2025, 20:28","4 Feb 2025, 21:48","Mostly browsing my phone","Squat (Barbell)",,"",1,"warmup",135,5,,,
"Taking it slow","4 Feb 2025, 20:28","4 Feb 2025, 21:48","Mostly browsing my phone","Squat (Barbell)",,"",2,"warmup",185,5,,,
"Taking it slow","4 Feb 2025, 20:28","4 Feb 2025, 21:48","Mostly browsing my phone","Squat (Barbell)",,"",3,"warmup",185,5,,,
"Taking it slow","4 Feb 2025, 20:28","4 Feb 2025, 21:48","Mostly browsing my phone","Squat (Barbell)",,"",4,"normal",205,5,,,
"Taking it slow","4 Feb 2025, 20:28","4 Feb 2025, 21:48","Mostly browsing my phone","Squat (Barbell)",,"",5,"normal",205,5,,,
"Taking it slow","4 Feb 2025, 20:28","4 Feb 2025, 21:48","Mostly browsing my phone","Deadlift (Barbell)",,"",0,"normal",205,5,,,
"Taking it slow","4 Feb 2025, 20:28","4 Feb 2025, 21:48","Mostly browsing my phone","Deadlift (Barbell)",,"",1,"normal",205,5,,,
"Taking it slow","4 Feb 2025, 20:28","4 Feb 2025, 21:48","Mostly browsing my phone","Deadlift (Barbell)",,"",2,"normal",205,5,,,
"Taking it slow","4 Feb 2025, 20:28","4 Feb 2025, 21:48","Mostly browsing my phone","Iso-Lateral Low Row",,"",0,"warmup",90,10,,,
"Taking it slow","4 Feb 2025, 20:28","4 Feb 2025, 21:48","Mostly browsing my phone","Iso-Lateral Low Row",,"",1,"normal",140,10,,,
"Taking it slow","4 Feb 2025, 20:28","4 Feb 2025, 21:48","Mostly browsing my phone","Iso-Lateral Low Row",,"",2,"normal",140,10,,,
"Doom scrolling","1 Feb 2025, 15:36","1 Feb 2025, 16:56","Didn’t go too hard but tired to do some more accessories than normal. Pull / push focus","Incline Bench Press (Barbell)",,"",0,"warmup",45,15,,,
"Doom scrolling","1 Feb 2025, 15:36","1 Feb 2025, 16:56","Didn’t go too hard but tired to do some more accessories than normal. Pull / push focus","Incline Bench Press (Barbell)",,"",1,"normal",115,8,,,
"Doom scrolling","1 Feb 2025, 15:36","1 Feb 2025, 16:56","Didn’t go too hard but tired to do some more accessories than normal. Pull / push focus","Incline Bench Press (Barbell)",,"",2,"normal",115,8,,,
"Doom scrolling","1 Feb 2025, 15:36","1 Feb 2025, 16:56","Didn’t go too hard but tired to do some more accessories than normal. Pull / push focus","Incline Bench Press (Barbell)",,"",3,"normal",135,8,,,
"Doom scrolling","1 Feb 2025, 15:36","1 Feb 2025, 16:56","Didn’t go too hard but tired to do some more accessories than normal. Pull / push focus","Incline Bench Press (Barbell)",,"",4,"failure",135,6,,,
"Doom scrolling","1 Feb 2025, 15:36","1 Feb 2025, 16:56","Didn’t go too hard but tired to do some more accessories than normal. Pull / push focus","Deadlift (Barbell)",,"",0,"warmup",135,5,,,
"Doom scrolling","1 Feb 2025, 15:36","1 Feb 2025, 16:56","Didn’t go too hard but tired to do some more accessories than normal. Pull / push focus","Deadlift (Barbell)",,"",1,"warmup",185,5,,,
"Doom scrolling","1 Feb 2025, 15:36","1 Feb 2025, 16:56","Didn’t go too hard but tired to do some more accessories than normal. Pull / push focus","Deadlift (Barbell)",,"",2,"normal",225,5,,,
"Doom scrolling","1 Feb 2025, 15:36","1 Feb 2025, 16:56","Didn’t go too hard but tired to do some more accessories than normal. Pull / push focus","Deadlift (Barbell)",,"",3,"normal",225,5,,,
"Doom scrolling","1 Feb 2025, 15:36","1 Feb 2025, 16:56","Didn’t go too hard but tired to do some more accessories than normal. Pull / push focus","Deadlift (Barbell)",,"",4,"failure",245,3,,,
"Doom scrolling","1 Feb 2025, 15:36","1 Feb 2025, 16:56","Didn’t go too hard but tired to do some more accessories than normal. Pull / push focus","Lat Pulldown (Cable)",,"Crunch fitness always feels lighter for some reason",0,"warmup",110,10,,,
"Doom scrolling","1 Feb 2025, 15:36","1 Feb 2025, 16:56","Didn’t go too hard but tired to do some more accessories than normal. Pull / push focus","Lat Pulldown (Cable)",,"Crunch fitness always feels lighter for some reason",1,"normal",121,10,,,
"Doom scrolling","1 Feb 2025, 15:36","1 Feb 2025, 16:56","Didn’t go too hard but tired to do some more accessories than normal. Pull / push focus","Lat Pulldown (Cable)",,"Crunch fitness always feels lighter for some reason",2,"normal",121,10,,,
"Doom scrolling","1 Feb 2025, 15:36","1 Feb 2025, 16:56","Didn’t go too hard but tired to do some more accessories than normal. Pull / push focus","Lat Pulldown (Cable)",,"Crunch fitness always feels lighter for some reason",3,"normal",143,8,,,
"Doom scrolling","1 Feb 2025, 15:36","1 Feb 2025, 16:56","Didn’t go too hard but tired to do some more accessories than normal. Pull / push focus","Hip Abduction (Machine)",,"Divide by 10 to control volume. Life fitness machine felt easier",0,"normal",13,10,,,
"Doom scrolling","1 Feb 2025, 15:36","1 Feb 2025, 16:56","Didn’t go too hard but tired to do some more accessories than normal. Pull / push focus","Hip Abduction (Machine)",,"Divide by 10 to control volume. Life fitness machine felt easier",1,"normal",16,10,,,
"Doom scrolling","1 Feb 2025, 15:36","1 Feb 2025, 16:56","Didn’t go too hard but tired to do some more accessories than normal. Pull / push focus","Hip Abduction (Machine)",,"Divide by 10 to control volume. Life fitness machine felt easier",2,"normal",19,10,,,
"Doom scrolling","1 Feb 2025, 15:36","1 Feb 2025, 16:56","Didn’t go too hard but tired to do some more accessories than normal. Pull / push focus","Hip Abduction (Machine)",,"Divide by 10 to control volume. Life fitness machine felt easier",3,"normal",22,10,,,
"Doom scrolling","1 Feb 2025, 15:36","1 Feb 2025, 16:56","Didn’t go too hard but tired to do some more accessories than normal. Pull / push focus","Seated Leg Curl (Machine)",,"",0,"normal",10,10,,,
"Doom scrolling","1 Feb 2025, 15:36","1 Feb 2025, 16:56","Didn’t go too hard but tired to do some more accessories than normal. Pull / push focus","Seated Leg Curl (Machine)",,"",1,"normal",13,10,,,
"Doom scrolling","1 Feb 2025, 15:36","1 Feb 2025, 16:56","Didn’t go too hard but tired to do some more accessories than normal. Pull / push focus","Seated Leg Curl (Machine)",,"",2,"normal",13,10,,,
"Doom scrolling","1 Feb 2025, 15:36","1 Feb 2025, 16:56","Didn’t go too hard but tired to do some more accessories than normal. Pull / push focus","Seated Leg Curl (Machine)",,"",3,"normal",16,12,,,
"Doom scrolling","1 Feb 2025, 15:36","1 Feb 2025, 16:56","Didn’t go too hard but tired to do some more accessories than normal. Pull / push focus","Overhead Press (Barbell)",,"Regular barbell",0,"normal",45,10,,,
"Doom scrolling","1 Feb 2025, 15:36","1 Feb 2025, 16:56","Didn’t go too hard but tired to do some more accessories than normal. Pull / push focus","Overhead Press (Barbell)",,"Regular barbell",1,"normal",65,10,,,
"Doom scrolling","1 Feb 2025, 15:36","1 Feb 2025, 16:56","Didn’t go too hard but tired to do some more accessories than normal. Pull / push focus","Overhead Press (Barbell)",,"Regular barbell",2,"normal",85,10,,,
"Doom scrolling","1 Feb 2025, 15:36","1 Feb 2025, 16:56","Didn’t go too hard but tired to do some more accessories than normal. Pull / push focus","Overhead Press (Barbell)",,"Regular barbell",3,"failure",85,8,,,
"Low energy","30 Jan 2025, 21:03","30 Jan 2025, 21:38","Just did warmup sets — feeling out of it today","Squat (Barbell)",,"Slow movements",0,"warmup",135,5,,,
"Low energy","30 Jan 2025, 21:03","30 Jan 2025, 21:38","Just did warmup sets — feeling out of it today","Squat (Barbell)",,"Slow movements",1,"warmup",135,5,,,
"Low energy","30 Jan 2025, 21:03","30 Jan 2025, 21:38","Just did warmup sets — feeling out of it today","Squat (Barbell)",,"Slow movements",2,"warmup",135,5,,,
"Low energy","30 Jan 2025, 21:03","30 Jan 2025, 21:38","Just did warmup sets — feeling out of it today","Deadlift (Barbell)",,"",0,"warmup",135,5,,,
"Low energy","30 Jan 2025, 21:03","30 Jan 2025, 21:38","Just did warmup sets — feeling out of it today","Deadlift (Barbell)",,"",1,"warmup",135,5,,,
"Low energy","30 Jan 2025, 21:03","30 Jan 2025, 21:38","Just did warmup sets — feeling out of it today","Deadlift (Barbell)",,"",2,"warmup",135,5,,,
"Quick pre work","28 Jan 2025, 08:48","28 Jan 2025, 09:01","","Iso-Lateral Low Row",,"Really heavy was def ego lifting. Putting my feet up on the thing made it easier tho",0,"warmup",90,10,,,
"Quick pre work","28 Jan 2025, 08:48","28 Jan 2025, 09:01","","Iso-Lateral Low Row",,"Really heavy was def ego lifting. Putting my feet up on the thing made it easier tho",1,"normal",140,8,,,
"Quick pre work","28 Jan 2025, 08:48","28 Jan 2025, 09:01","","Iso-Lateral Low Row",,"Really heavy was def ego lifting. Putting my feet up on the thing made it easier tho",2,"normal",140,10,,,
"Quick pre work","28 Jan 2025, 08:48","28 Jan 2025, 09:01","","Iso-Lateral Low Row",,"Really heavy was def ego lifting. Putting my feet up on the thing made it easier tho",3,"normal",140,10,,,
"Quick pre work","28 Jan 2025, 08:48","28 Jan 2025, 09:01","","Triceps Extension (Barbell)",,"",0,"normal",40,10,,,
"Quick pre work","28 Jan 2025, 08:48","28 Jan 2025, 09:01","","Triceps Extension (Barbell)",,"",1,"normal",40,10,,,
"Quick pre work","28 Jan 2025, 08:48","28 Jan 2025, 09:01","","Overhead Press (Barbell)",,"EZCurl",0,"normal",40,10,,,
"Quick pre work","28 Jan 2025, 08:48","28 Jan 2025, 09:01","","Overhead Press (Barbell)",,"EZCurl",1,"normal",40,10,,,
"Quick pre work","28 Jan 2025, 08:48","28 Jan 2025, 09:01","","EZ Bar Biceps Curl",,"Ego lifting",0,"normal",40,10,,,
"Quick pre work","28 Jan 2025, 08:48","28 Jan 2025, 09:01","","EZ Bar Biceps Curl",,"Ego lifting",1,"normal",40,10,,,
"Quick pre work","28 Jan 2025, 08:48","28 Jan 2025, 09:01","","EZ Bar Biceps Curl",,"Ego lifting",2,"normal",40,10,,,
"Passing time at the gym","20 Jan 2025, 17:45","20 Jan 2025, 18:41","","Lateral Raise (Dumbbell)",,"",0,"warmup",26.46,10,,,
"Passing time at the gym","20 Jan 2025, 17:45","20 Jan 2025, 18:41","","Lateral Raise (Dumbbell)",,"",1,"warmup",35.27,10,,,
"Passing time at the gym","20 Jan 2025, 17:45","20 Jan 2025, 18:41","","Lateral Raise (Dumbbell)",,"",2,"warmup",35.27,10,,,
"Passing time at the gym","20 Jan 2025, 17:45","20 Jan 2025, 18:41","","Lateral Raise (Dumbbell)",,"",3,"warmup",35.27,10,,,
"Passing time at the gym","20 Jan 2025, 17:45","20 Jan 2025, 18:41","","Low Row (Suspension)",,"",0,"normal",,10,,,
"Passing time at the gym","20 Jan 2025, 17:45","20 Jan 2025, 18:41","","Low Row (Suspension)",,"",1,"normal",,10,,,
"Passing time at the gym","20 Jan 2025, 17:45","20 Jan 2025, 18:41","","Low Row (Suspension)",,"",2,"normal",,10,,,
"Passing time at the gym","20 Jan 2025, 17:45","20 Jan 2025, 18:41","","Incline Bench Press (Smith Machine)",,"Counting bar as 10 kilos",0,"normal",66.14,10,,,
"Passing time at the gym","20 Jan 2025, 17:45","20 Jan 2025, 18:41","","Incline Bench Press (Smith Machine)",,"Counting bar as 10 kilos",1,"normal",66.14,10,,,
"Passing time at the gym","20 Jan 2025, 17:45","20 Jan 2025, 18:41","","Incline Bench Press (Smith Machine)",,"Counting bar as 10 kilos",2,"normal",110.23,8,,,
"Passing time at the gym","20 Jan 2025, 17:45","20 Jan 2025, 18:41","","Incline Bench Press (Smith Machine)",,"Counting bar as 10 kilos",3,"normal",110.23,8,,,
"Quick","15 Jan 2025, 21:07","15 Jan 2025, 21:44","","Clean",,"",0,"warmup",115,5,,,
"Quick","15 Jan 2025, 21:07","15 Jan 2025, 21:44","","Clean",,"",1,"warmup",115,5,,,
"Quick","15 Jan 2025, 21:07","15 Jan 2025, 21:44","","Clean",,"",2,"normal",135,5,,,
"Quick","15 Jan 2025, 21:07","15 Jan 2025, 21:44","","Push Press",,"",0,"normal",115,1,,,
"Quick","15 Jan 2025, 21:07","15 Jan 2025, 21:44","","Push Press",,"",1,"normal",115,2,,,
"Quick","15 Jan 2025, 21:07","15 Jan 2025, 21:44","","Push Press",,"",2,"normal",115,3,,,
"Quick","15 Jan 2025, 21:07","15 Jan 2025, 21:44","","Hanging Knee Raise",,"In between sets — harder than they look",0,"normal",,5,,,
"Quick","15 Jan 2025, 21:07","15 Jan 2025, 21:44","","Hanging Knee Raise",,"In between sets — harder than they look",1,"normal",,10,,,
"Quick","15 Jan 2025, 21:07","15 Jan 2025, 21:44","","Hanging Knee Raise",,"In between sets — harder than they look",2,"normal",,10,,,
"Quick","15 Jan 2025, 21:07","15 Jan 2025, 21:44","","Bench Press (Barbell)",,"Been a while, some ego lifting",0,"normal",135,5,,,
"Quick","15 Jan 2025, 21:07","15 Jan 2025, 21:44","","Bench Press (Barbell)",,"Been a while, some ego lifting",1,"normal",155,5,,,
"Quick","15 Jan 2025, 21:07","15 Jan 2025, 21:44","","Bench Press (Barbell)",,"Been a while, some ego lifting",2,"normal",175,3,,,
"Quick","15 Jan 2025, 21:07","15 Jan 2025, 21:44","","Bench Press (Barbell)",,"Been a while, some ego lifting",3,"normal",175,4,,,
"Quick","15 Jan 2025, 21:07","15 Jan 2025, 21:44","","Bench Press (Barbell)",,"Been a while, some ego lifting",4,"failure",135,12,,,
"Quick 75lbs circuit","13 Jan 2025, 21:05","13 Jan 2025, 21:40","","Sit Up",,"",0,"normal",,20,,,
"Quick 75lbs circuit","13 Jan 2025, 21:05","13 Jan 2025, 21:40","","Overhead Press (Barbell)",,"",0,"normal",75,8,,,
"Quick 75lbs circuit","13 Jan 2025, 21:05","13 Jan 2025, 21:40","","Overhead Press (Barbell)",,"",1,"normal",75,8,,,
"Quick 75lbs circuit","13 Jan 2025, 21:05","13 Jan 2025, 21:40","","Overhead Press (Barbell)",,"",2,"normal",75,8,,,
"Quick 75lbs circuit","13 Jan 2025, 21:05","13 Jan 2025, 21:40","","Overhead Press (Barbell)",,"",3,"normal",75,8,,,
"Quick 75lbs circuit","13 Jan 2025, 21:05","13 Jan 2025, 21:40","","Upright Row (Barbell)",,"",0,"normal",75,8,,,
"Quick 75lbs circuit","13 Jan 2025, 21:05","13 Jan 2025, 21:40","","Upright Row (Barbell)",,"",1,"normal",75,8,,,
"Quick 75lbs circuit","13 Jan 2025, 21:05","13 Jan 2025, 21:40","","Upright Row (Barbell)",,"",2,"normal",75,8,,,
"Quick 75lbs circuit","13 Jan 2025, 21:05","13 Jan 2025, 21:40","","Upright Row (Barbell)",,"",3,"normal",75,8,,,
"Quick 75lbs circuit","13 Jan 2025, 21:05","13 Jan 2025, 21:40","","Bent Over Row (Barbell)",,"",0,"normal",75,12,,,
"Quick 75lbs circuit","13 Jan 2025, 21:05","13 Jan 2025, 21:40","","Bent Over Row (Barbell)",,"",1,"normal",75,12,,,
"Quick 75lbs circuit","13 Jan 2025, 21:05","13 Jan 2025, 21:40","","Bent Over Row (Barbell)",,"",2,"normal",75,12,,,
"Quick 75lbs circuit","13 Jan 2025, 21:05","13 Jan 2025, 21:40","","Bent Over Row (Barbell)",,"",3,"normal",75,12,,,
"Quick 75lbs circuit","13 Jan 2025, 21:05","13 Jan 2025, 21:40","","Lunge (Barbell)",,"",0,"normal",75,10,,,
"Quick 75lbs circuit","13 Jan 2025, 21:05","13 Jan 2025, 21:40","","Lunge (Barbell)",,"",1,"normal",75,16,,,
"Quick 75lbs circuit","13 Jan 2025, 21:05","13 Jan 2025, 21:40","","Lunge (Barbell)",,"",2,"normal",75,20,,,
"Quick 75lbs circuit","13 Jan 2025, 21:05","13 Jan 2025, 21:40","","Lunge (Barbell)",,"",3,"normal",75,20,,,
"Taking it slow","12 Jan 2025, 16:34","12 Jan 2025, 18:04","","Stretching",,"Leg mobility",0,"normal",,,,531,
"Taking it slow","12 Jan 2025, 16:34","12 Jan 2025, 18:04","","Single Leg Press (Machine)",,"Hack squat, no added weight, pretty heavy starting weigh tho, was only able to do 5 each side",0,"warmup",5,10,,,
"Taking it slow","12 Jan 2025, 16:34","12 Jan 2025, 18:04","","Single Leg Press (Machine)",,"Hack squat, no added weight, pretty heavy starting weigh tho, was only able to do 5 each side",1,"warmup",5,10,,,
"Taking it slow","12 Jan 2025, 16:34","12 Jan 2025, 18:04","","Single Leg Press (Machine)",,"Hack squat, no added weight, pretty heavy starting weigh tho, was only able to do 5 each side",2,"warmup",5,10,,,
"Taking it slow","12 Jan 2025, 16:34","12 Jan 2025, 18:04","","Single Leg Press (Machine)",,"Hack squat, no added weight, pretty heavy starting weigh tho, was only able to do 5 each side",3,"warmup",5,10,,,
"Taking it slow","12 Jan 2025, 16:34","12 Jan 2025, 18:04","","Squat (Barbell)",,"Only did slow movements, 5 seconds on way down, so i marked as warmup",0,"warmup",135,5,,,
"Taking it slow","12 Jan 2025, 16:34","12 Jan 2025, 18:04","","Squat (Barbell)",,"Only did slow movements, 5 seconds on way down, so i marked as warmup",1,"warmup",135,5,,,
"Taking it slow","12 Jan 2025, 16:34","12 Jan 2025, 18:04","","Squat (Barbell)",,"Only did slow movements, 5 seconds on way down, so i marked as warmup",2,"warmup",185,5,,,
"Taking it slow","12 Jan 2025, 16:34","12 Jan 2025, 18:04","","Squat (Barbell)",,"Only did slow movements, 5 seconds on way down, so i marked as warmup",3,"warmup",185,5,,,
"Taking it slow","12 Jan 2025, 16:34","12 Jan 2025, 18:04","","Squat (Barbell)",,"Only did slow movements, 5 seconds on way down, so i marked as warmup",4,"warmup",205,5,,,
"Taking it slow","12 Jan 2025, 16:34","12 Jan 2025, 18:04","","Squat (Barbell)",,"Only did slow movements, 5 seconds on way down, so i marked as warmup",5,"warmup",205,5,,,
"Taking it slow","12 Jan 2025, 16:34","12 Jan 2025, 18:04","","Glute Kickback (Machine)",,"",0,"normal",50,20,,,
"Taking it slow","12 Jan 2025, 16:34","12 Jan 2025, 18:04","","Glute Kickback (Machine)",,"",1,"normal",70,20,,,
"Taking it slow","12 Jan 2025, 16:34","12 Jan 2025, 18:04","","Glute Kickback (Machine)",,"",2,"normal",90,20,,,
"Taking it slow","12 Jan 2025, 16:34","12 Jan 2025, 18:04","","Incline Bench Press (Barbell)",,"",0,"warmup",115,5,,,
"Taking it slow","12 Jan 2025, 16:34","12 Jan 2025, 18:04","","Incline Bench Press (Barbell)",,"",1,"normal",115,8,,,
"Taking it slow","12 Jan 2025, 16:34","12 Jan 2025, 18:04","","Incline Bench Press (Barbell)",,"",2,"normal",115,8,,,
"Taking it slow","12 Jan 2025, 16:34","12 Jan 2025, 18:04","","Incline Bench Press (Barbell)",,"",3,"normal",135,8,,,
"Taking it slow","12 Jan 2025, 16:34","12 Jan 2025, 18:04","","Incline Bench Press (Barbell)",,"",4,"normal",135,8,,,
"Full body","9 Jan 2025, 19:52","9 Jan 2025, 20:51","","Sit Up",,"5 min circuit",0,"normal",,20,,,
"Full body","9 Jan 2025, 19:52","9 Jan 2025, 20:51","","Squat (Barbell)",,"Warmups were slow (5 seconds on way down). Felt a slight twinge in my leg so stopped early",0,"warmup",135,5,,,
"Full body","9 Jan 2025, 19:52","9 Jan 2025, 20:51","","Squat (Barbell)",,"Warmups were slow (5 seconds on way down). Felt a slight twinge in my leg so stopped early",1,"warmup",185,5,,,
"Full body","9 Jan 2025, 19:52","9 Jan 2025, 20:51","","Squat (Barbell)",,"Warmups were slow (5 seconds on way down). Felt a slight twinge in my leg so stopped early",2,"normal",225,2,,,
"Full body","9 Jan 2025, 19:52","9 Jan 2025, 20:51","","Deadlift (Barbell)",,"",0,"normal",225,5,,,
"Full body","9 Jan 2025, 19:52","9 Jan 2025, 20:51","","Deadlift (Barbell)",,"",1,"normal",225,5,,,
"Full body","9 Jan 2025, 19:52","9 Jan 2025, 20:51","","Deadlift (Barbell)",,"",2,"normal",225,5,,,
"Full body","9 Jan 2025, 19:52","9 Jan 2025, 20:51","","Pull Up",,"",0,"normal",,2,,,
"Full body","9 Jan 2025, 19:52","9 Jan 2025, 20:51","","Pull Up",,"",1,"normal",,2,,,
"Full body","9 Jan 2025, 19:52","9 Jan 2025, 20:51","","Pull Up",,"",2,"normal",,2,,,
"Full body","9 Jan 2025, 19:52","9 Jan 2025, 20:51","","Pull Up",,"",3,"normal",,2,,,
"Full body","9 Jan 2025, 19:52","9 Jan 2025, 20:51","","Incline Chest Press (Machine)",0,"",0,"normal",90,15,,,
"Full body","9 Jan 2025, 19:52","9 Jan 2025, 20:51","","Incline Chest Press (Machine)",0,"",1,"normal",90,15,,,
"Full body","9 Jan 2025, 19:52","9 Jan 2025, 20:51","","Incline Chest Press (Machine)",0,"",2,"normal",90,15,,,
"Full body","9 Jan 2025, 19:52","9 Jan 2025, 20:51","","Lateral Raise (Dumbbell)",0,"",0,"normal",50,10,,,
"Full body","9 Jan 2025, 19:52","9 Jan 2025, 20:51","","Lateral Raise (Dumbbell)",0,"",1,"normal",50,10,,,
"Full body","9 Jan 2025, 19:52","9 Jan 2025, 20:51","","Lateral Raise (Dumbbell)",0,"",2,"normal",50,10,,,
"Full body","9 Jan 2025, 19:52","9 Jan 2025, 20:51","","Single Leg Press (Machine)",,"Hack squat, no added weight",0,"normal",5,20,,,
"Full body","9 Jan 2025, 19:52","9 Jan 2025, 20:51","","Single Leg Press (Machine)",,"Hack squat, no added weight",1,"normal",5,20,,,
"Full body","9 Jan 2025, 19:52","9 Jan 2025, 20:51","","Single Leg Press (Machine)",,"Hack squat, no added weight",2,"normal",5,20,,,
"Super quick","7 Jan 2025, 18:16","7 Jan 2025, 18:39","Ran before","Clean",,"Best bang for buck compound exercise",0,"warmup",115,5,,,
"Super quick","7 Jan 2025, 18:16","7 Jan 2025, 18:39","Ran before","Clean",,"Best bang for buck compound exercise",1,"warmup",115,5,,,
"Super quick","7 Jan 2025, 18:16","7 Jan 2025, 18:39","Ran before","Clean",,"Best bang for buck compound exercise",2,"normal",135,5,,,
"Super quick","7 Jan 2025, 18:16","7 Jan 2025, 18:39","Ran before","Clean",,"Best bang for buck compound exercise",3,"normal",135,5,,,
"Super quick","7 Jan 2025, 18:16","7 Jan 2025, 18:39","Ran before","Clean",,"Best bang for buck compound exercise",4,"normal",145,5,,,
"Super quick","7 Jan 2025, 18:16","7 Jan 2025, 18:39","Ran before","Iso-Lateral Chest Press (Machine)",,"Not counting starting weight",0,"warmup",70,10,,,
"Super quick","7 Jan 2025, 18:16","7 Jan 2025, 18:39","Ran before","Iso-Lateral Chest Press (Machine)",,"Not counting starting weight",1,"normal",90,10,,,
"Super quick","7 Jan 2025, 18:16","7 Jan 2025, 18:39","Ran before","Iso-Lateral Chest Press (Machine)",,"Not counting starting weight",2,"normal",90,10,,,
"Super quick","7 Jan 2025, 18:16","7 Jan 2025, 18:39","Ran before","Iso-Lateral Chest Press (Machine)",,"Not counting starting weight",3,"failure",90,10,,,
"Quick","6 Jan 2025, 14:23","6 Jan 2025, 14:33","Needed a brain break","Front Squat",,"",0,"normal",75,8,,,
"Quick","6 Jan 2025, 14:23","6 Jan 2025, 14:33","Needed a brain break","Front Squat",,"",1,"normal",75,8,,,
"Quick","6 Jan 2025, 14:23","6 Jan 2025, 14:33","Needed a brain break","Bent Over Row (Barbell)",,"",0,"normal",75,8,,,
"Quick","6 Jan 2025, 14:23","6 Jan 2025, 14:33","Needed a brain break","Bent Over Row (Barbell)",,"",1,"normal",125,12,,,
"Quick","6 Jan 2025, 14:23","6 Jan 2025, 14:33","Needed a brain break","Overhead Press (Barbell)",,"",0,"normal",75,8,,,
"Quick","6 Jan 2025, 14:23","6 Jan 2025, 14:33","Needed a brain break","Overhead Press (Barbell)",,"",1,"normal",75,8,,,
"Quick","6 Jan 2025, 14:23","6 Jan 2025, 14:33","Needed a brain break","Pull Up",,"",0,"normal",,2,,,
"Quick","6 Jan 2025, 14:23","6 Jan 2025, 14:33","Needed a brain break","Pull Up",,"",1,"normal",,2,,,
"Been a while - lower","2 Jan 2025, 18:54","2 Jan 2025, 20:11","","Sit Up",,"5 min circuit",0,"normal",,20,,,
"Been a while - lower","2 Jan 2025, 18:54","2 Jan 2025, 20:11","","Single Leg Press (Machine)",,"Body weight on stairs and then some on hack squat with no added weight",0,"normal",10,10,,,
"Been a while - lower","2 Jan 2025, 18:54","2 Jan 2025, 20:11","","Single Leg Press (Machine)",,"Body weight on stairs and then some on hack squat with no added weight",1,"normal",10,10,,,
"Been a while - lower","2 Jan 2025, 18:54","2 Jan 2025, 20:11","","Single Leg Press (Machine)",,"Body weight on stairs and then some on hack squat with no added weight",2,"normal",10,10,,,
"Been a while - lower","2 Jan 2025, 18:54","2 Jan 2025, 20:11","","Single Leg Press (Machine)",,"Body weight on stairs and then some on hack squat with no added weight",3,"normal",10,10,,,
"Been a while - lower","2 Jan 2025, 18:54","2 Jan 2025, 20:11","","Single Leg Press (Machine)",,"Body weight on stairs and then some on hack squat with no added weight",4,"normal",10,10,,,
"Been a while - lower","2 Jan 2025, 18:54","2 Jan 2025, 20:11","","Squat (Barbell)",,"Warmup sets were done 5 seconds on the way down. All the warmup leading up to this helped a lot too felt pretty strong",0,"warmup",135,5,,,
"Been a while - lower","2 Jan 2025, 18:54","2 Jan 2025, 20:11","","Squat (Barbell)",,"Warmup sets were done 5 seconds on the way down. All the warmup leading up to this helped a lot too felt pretty strong",1,"warmup",135,5,,,
"Been a while - lower","2 Jan 2025, 18:54","2 Jan 2025, 20:11","","Squat (Barbell)",,"Warmup sets were done 5 seconds on the way down. All the warmup leading up to this helped a lot too felt pretty strong",2,"warmup",185,5,,,
"Been a while - lower","2 Jan 2025, 18:54","2 Jan 2025, 20:11","","Squat (Barbell)",,"Warmup sets were done 5 seconds on the way down. All the warmup leading up to this helped a lot too felt pretty strong",3,"warmup",205,5,,,
"Been a while - lower","2 Jan 2025, 18:54","2 Jan 2025, 20:11","","Squat (Barbell)",,"Warmup sets were done 5 seconds on the way down. All the warmup leading up to this helped a lot too felt pretty strong",4,"normal",225,7,,,
"Been a while - lower","2 Jan 2025, 18:54","2 Jan 2025, 20:11","","Squat (Barbell)",,"Warmup sets were done 5 seconds on the way down. All the warmup leading up to this helped a lot too felt pretty strong",5,"normal",225,7,,,
"Been a while - lower","2 Jan 2025, 18:54","2 Jan 2025, 20:11","","Squat (Barbell)",,"Warmup sets were done 5 seconds on the way down. All the warmup leading up to this helped a lot too felt pretty strong",6,"normal",225,5,,,
"Been a while - lower","2 Jan 2025, 18:54","2 Jan 2025, 20:11","","Deadlift (Barbell)",,"",0,"normal",225,5,,,
"Been a while - lower","2 Jan 2025, 18:54","2 Jan 2025, 20:11","","Deadlift (Barbell)",,"",1,"normal",225,5,,,
"Been a while - lower","2 Jan 2025, 18:54","2 Jan 2025, 20:11","","Deadlift (Barbell)",,"",2,"normal",225,5,,,
"With Kota and Malka","25 Dec 2024, 21:19","25 Dec 2024, 22:31","","Bench Press (Barbell)",,"",0,"normal",135,5,,,
"With Kota and Malka","25 Dec 2024, 21:19","25 Dec 2024, 22:31","","Bench Press (Barbell)",,"",1,"normal",135,7,,,
"With Kota and Malka","25 Dec 2024, 21:19","25 Dec 2024, 22:31","","Bench Press (Barbell)",,"",2,"normal",135,8,,,
"With Kota and Malka","25 Dec 2024, 21:19","25 Dec 2024, 22:31","","Bench Press (Barbell)",,"",3,"normal",155,8,,,
"With Kota and Malka","25 Dec 2024, 21:19","25 Dec 2024, 22:31","","Bench Press (Barbell)",,"",4,"normal",155,8,,,
"With Kota and Malka","25 Dec 2024, 21:19","25 Dec 2024, 22:31","","Deadlift (Trap bar)",,"",0,"normal",185,8,,,
"With Kota and Malka","25 Dec 2024, 21:19","25 Dec 2024, 22:31","","Deadlift (Trap bar)",,"",1,"normal",185,8,,,
"With Kota and Malka","25 Dec 2024, 21:19","25 Dec 2024, 22:31","","Deadlift (Trap bar)",,"",2,"normal",185,8,,,
"With Kota and Malka","25 Dec 2024, 21:19","25 Dec 2024, 22:31","","Deadlift (Trap bar)",,"",3,"normal",185,10,,,
"With Kota and Malka","25 Dec 2024, 21:19","25 Dec 2024, 22:31","","Straight Arm Lat Pulldown (Cable)",,"",0,"normal",35,10,,,
"With Kota and Malka","25 Dec 2024, 21:19","25 Dec 2024, 22:31","","Straight Arm Lat Pulldown (Cable)",,"",1,"normal",40,10,,,
"With Kota and Malka","25 Dec 2024, 21:19","25 Dec 2024, 22:31","","Straight Arm Lat Pulldown (Cable)",,"",2,"normal",40,10,,,
"With Kota and Malka","25 Dec 2024, 21:19","25 Dec 2024, 22:31","","Triceps Rope Pushdown",,"",0,"normal",35,10,,,
"With Kota and Malka","25 Dec 2024, 21:19","25 Dec 2024, 22:31","","Triceps Rope Pushdown",,"",1,"normal",40,10,,,
"With Kota and Malka","25 Dec 2024, 21:19","25 Dec 2024, 22:31","","Triceps Rope Pushdown",,"",2,"normal",40,10,,,
"With Kota and Malka","25 Dec 2024, 21:19","25 Dec 2024, 22:31","","Incline Bench Press (Dumbbell)",,"",0,"normal",80,10,,,
"With Kota and Malka","25 Dec 2024, 21:19","25 Dec 2024, 22:31","","Incline Bench Press (Dumbbell)",,"",1,"normal",100,10,,,
"With Kota and Malka","25 Dec 2024, 21:19","25 Dec 2024, 22:31","","Incline Bench Press (Dumbbell)",,"",2,"normal",100,10,,,
"With Kota and Malka","25 Dec 2024, 21:19","25 Dec 2024, 22:31","","Incline Bench Press (Dumbbell)",,"",3,"normal",100,8,,,
"With Kota and Malka","25 Dec 2024, 21:19","25 Dec 2024, 22:31","","Chest Dip (Assisted)",,"",0,"normal",75,10,,,
"With Kota and Malka","25 Dec 2024, 21:19","25 Dec 2024, 22:31","","Chest Dip (Assisted)",,"",1,"normal",75,10,,,
"With Kota and Malka","25 Dec 2024, 21:19","25 Dec 2024, 22:31","","Chest Dip (Assisted)",,"",2,"normal",75,10,,,
"Quick post dinner","21 Dec 2024, 21:36","21 Dec 2024, 22:16","","Lunge (Barbell)",,"5 each side reverse lunge",0,"normal",125,10,,,
"Quick post dinner","21 Dec 2024, 21:36","21 Dec 2024, 22:16","","Lunge (Barbell)",,"5 each side reverse lunge",1,"normal",125,10,,,
"Quick post dinner","21 Dec 2024, 21:36","21 Dec 2024, 22:16","","Lunge (Barbell)",,"5 each side reverse lunge",2,"normal",125,10,,,
"Quick post dinner","21 Dec 2024, 21:36","21 Dec 2024, 22:16","","Bent Over Row (Barbell)",,"",0,"normal",125,10,,,
"Quick post dinner","21 Dec 2024, 21:36","21 Dec 2024, 22:16","","Bent Over Row (Barbell)",,"",1,"normal",125,10,,,
"Quick post dinner","21 Dec 2024, 21:36","21 Dec 2024, 22:16","","Bent Over Row (Barbell)",,"",2,"normal",125,10,,,
"Quick post dinner","21 Dec 2024, 21:36","21 Dec 2024, 22:16","","Clean",,"Just to switch between the previous two exercises",0,"normal",125,1,,,
"Quick post dinner","21 Dec 2024, 21:36","21 Dec 2024, 22:16","","Clean",,"Just to switch between the previous two exercises",1,"normal",125,1,,,
"Quick post dinner","21 Dec 2024, 21:36","21 Dec 2024, 22:16","","Clean",,"Just to switch between the previous two exercises",2,"normal",125,1,,,
"Quick post dinner","21 Dec 2024, 21:36","21 Dec 2024, 22:16","","Pull Up",,"",0,"normal",,2,,,
"Quick post dinner","21 Dec 2024, 21:36","21 Dec 2024, 22:16","","Pull Up",,"",1,"normal",,2,,,
"Quick post dinner","21 Dec 2024, 21:36","21 Dec 2024, 22:16","","Pull Up",,"",2,"normal",,2,,,
"Quick squats","21 Dec 2024, 12:47","21 Dec 2024, 13:17","Didn’t have time for much else","Squat (Barbell)",,"",0,"warmup",135,8,,,
"Quick squats","21 Dec 2024, 12:47","21 Dec 2024, 13:17","Didn’t have time for much else","Squat (Barbell)",,"",1,"warmup",185,6,,,
"Quick squats","21 Dec 2024, 12:47","21 Dec 2024, 13:17","Didn’t have time for much else","Squat (Barbell)",,"",2,"warmup",205,6,,,
"Quick squats","21 Dec 2024, 12:47","21 Dec 2024, 13:17","Didn’t have time for much else","Squat (Barbell)",,"",3,"normal",225,6,,,
"Quick squats","21 Dec 2024, 12:47","21 Dec 2024, 13:17","Didn’t have time for much else","Squat (Barbell)",,"",4,"normal",225,6,,,
"Upper","17 Dec 2024, 19:20","17 Dec 2024, 20:25","With a lil core and leg mobility strengthening","Sit Up",,"",0,"normal",,20,,,
"Upper","17 Dec 2024, 19:20","17 Dec 2024, 20:25","With a lil core and leg mobility strengthening","Assisted Pistol Squats",,"Blue box",0,"normal",,10,,,
"Upper","17 Dec 2024, 19:20","17 Dec 2024, 20:25","With a lil core and leg mobility strengthening","Assisted Pistol Squats",,"Blue box",1,"normal",,10,,,
"Upper","17 Dec 2024, 19:20","17 Dec 2024, 20:25","With a lil core and leg mobility strengthening","Single Leg Romanian Deadlift (Dumbbell)",,"",0,"normal",32,10,,,
"Upper","17 Dec 2024, 19:20","17 Dec 2024, 20:25","With a lil core and leg mobility strengthening","Single Leg Romanian Deadlift (Dumbbell)",,"",1,"normal",32,10,,,
"Upper","17 Dec 2024, 19:20","17 Dec 2024, 20:25","With a lil core and leg mobility strengthening","Incline Bench Press (Barbell)",,"Closer grip was easier (sets 4, 5)",0,"normal",115,8,,,
"Upper","17 Dec 2024, 19:20","17 Dec 2024, 20:25","With a lil core and leg mobility strengthening","Incline Bench Press (Barbell)",,"Closer grip was easier (sets 4, 5)",1,"normal",125,8,,,
"Upper","17 Dec 2024, 19:20","17 Dec 2024, 20:25","With a lil core and leg mobility strengthening","Incline Bench Press (Barbell)",,"Closer grip was easier (sets 4, 5)",2,"normal",135,6,,,
"Upper","17 Dec 2024, 19:20","17 Dec 2024, 20:25","With a lil core and leg mobility strengthening","Incline Bench Press (Barbell)",,"Closer grip was easier (sets 4, 5)",3,"normal",135,7,,,
"Upper","17 Dec 2024, 19:20","17 Dec 2024, 20:25","With a lil core and leg mobility strengthening","Incline Bench Press (Barbell)",,"Closer grip was easier (sets 4, 5)",4,"normal",135,6,,,
"Upper","17 Dec 2024, 19:20","17 Dec 2024, 20:25","With a lil core and leg mobility strengthening","Push Press",,"",0,"warmup",45,10,,,
"Upper","17 Dec 2024, 19:20","17 Dec 2024, 20:25","With a lil core and leg mobility strengthening","Push Press",,"",1,"normal",95,5,,,
"Upper","17 Dec 2024, 19:20","17 Dec 2024, 20:25","With a lil core and leg mobility strengthening","Push Press",,"",2,"normal",95,5,,,
"Upper","17 Dec 2024, 19:20","17 Dec 2024, 20:25","With a lil core and leg mobility strengthening","Push Press",,"",3,"normal",95,8,,,
"Upper","17 Dec 2024, 19:20","17 Dec 2024, 20:25","With a lil core and leg mobility strengthening","Shoulder Press (Dumbbell)",,"Slight incline on bench",0,"normal",60,10,,,
"Upper","17 Dec 2024, 19:20","17 Dec 2024, 20:25","With a lil core and leg mobility strengthening","Shoulder Press (Dumbbell)",,"Slight incline on bench",1,"normal",75,10,,,
"Upper","17 Dec 2024, 19:20","17 Dec 2024, 20:25","With a lil core and leg mobility strengthening","Shoulder Press (Dumbbell)",,"Slight incline on bench",2,"normal",80,10,,,
"Lower","15 Dec 2024, 17:07","15 Dec 2024, 18:35","Super low energy today but did a lot of good compound strength","Squat (Barbell)",,"",0,"warmup",115,10,,,
"Lower","15 Dec 2024, 17:07","15 Dec 2024, 18:35","Super low energy today but did a lot of good compound strength","Squat (Barbell)",,"",1,"warmup",185,6,,,
"Lower","15 Dec 2024, 17:07","15 Dec 2024, 18:35","Super low energy today but did a lot of good compound strength","Squat (Barbell)",,"",2,"normal",225,5,,,
"Lower","15 Dec 2024, 17:07","15 Dec 2024, 18:35","Super low energy today but did a lot of good compound strength","Squat (Barbell)",,"",3,"normal",225,5,,,
"Lower","15 Dec 2024, 17:07","15 Dec 2024, 18:35","Super low energy today but did a lot of good compound strength","Squat (Barbell)",,"",4,"normal",225,5,,,
"Lower","15 Dec 2024, 17:07","15 Dec 2024, 18:35","Super low energy today but did a lot of good compound strength","Squat (Barbell)",,"",5,"normal",185,10,,,
"Lower","15 Dec 2024, 17:07","15 Dec 2024, 18:35","Super low energy today but did a lot of good compound strength","Hack Squat (Machine)",,"Starting weight 125lbs",0,"warmup",125,10,,,
"Lower","15 Dec 2024, 17:07","15 Dec 2024, 18:35","Super low energy today but did a lot of good compound strength","Hack Squat (Machine)",,"Starting weight 125lbs",1,"normal",175,10,,,
"Lower","15 Dec 2024, 17:07","15 Dec 2024, 18:35","Super low energy today but did a lot of good compound strength","Hack Squat (Machine)",,"Starting weight 125lbs",2,"normal",185,10,,,
"Lower","15 Dec 2024, 17:07","15 Dec 2024, 18:35","Super low energy today but did a lot of good compound strength","Hack Squat (Machine)",,"Starting weight 125lbs",3,"normal",185,10,,,
"Lower","15 Dec 2024, 17:07","15 Dec 2024, 18:35","Super low energy today but did a lot of good compound strength","Glute Kickback (Machine)",,"Crunch E59, 10each leg, counting starting weight as 0",0,"normal",25,20,,,
"Lower","15 Dec 2024, 17:07","15 Dec 2024, 18:35","Super low energy today but did a lot of good compound strength","Glute Kickback (Machine)",,"Crunch E59, 10each leg, counting starting weight as 0",1,"normal",50,20,,,
"Lower","15 Dec 2024, 17:07","15 Dec 2024, 18:35","Super low energy today but did a lot of good compound strength","Glute Kickback (Machine)",,"Crunch E59, 10each leg, counting starting weight as 0",2,"normal",75,20,,,
"Lower","15 Dec 2024, 17:07","15 Dec 2024, 18:35","Super low energy today but did a lot of good compound strength","Deadlift (Barbell)",,"",0,"normal",135,8,,,
"Lower","15 Dec 2024, 17:07","15 Dec 2024, 18:35","Super low energy today but did a lot of good compound strength","Deadlift (Barbell)",,"",1,"normal",225,8,,,
"Lower","15 Dec 2024, 17:07","15 Dec 2024, 18:35","Super low energy today but did a lot of good compound strength","Deadlift (Barbell)",,"",2,"normal",225,8,,,
"Lower","15 Dec 2024, 17:07","15 Dec 2024, 18:35","Super low energy today but did a lot of good compound strength","Deadlift (Barbell)",,"",3,"normal",225,8,,,
"Deadlifts and more","11 Dec 2024, 20:27","11 Dec 2024, 21:28","","Deadlift (Barbell)",,"Doing work stuff in my phone while doing a manageable weight",0,"warmup",135,5,,,
"Deadlifts and more","11 Dec 2024, 20:27","11 Dec 2024, 21:28","","Deadlift (Barbell)",,"Doing work stuff in my phone while doing a manageable weight",1,"normal",225,5,,,
"Deadlifts and more","11 Dec 2024, 20:27","11 Dec 2024, 21:28","","Deadlift (Barbell)",,"Doing work stuff in my phone while doing a manageable weight",2,"normal",225,5,,,
"Deadlifts and more","11 Dec 2024, 20:27","11 Dec 2024, 21:28","","Deadlift (Barbell)",,"Doing work stuff in my phone while doing a manageable weight",3,"normal",225,5,,,
"Deadlifts and more","11 Dec 2024, 20:27","11 Dec 2024, 21:28","","Deadlift (Barbell)",,"Doing work stuff in my phone while doing a manageable weight",4,"normal",225,5,,,
"Deadlifts and more","11 Dec 2024, 20:27","11 Dec 2024, 21:28","","Deadlift (Barbell)",,"Doing work stuff in my phone while doing a manageable weight",5,"normal",225,8,,,
"Deadlifts and more","11 Dec 2024, 20:27","11 Dec 2024, 21:28","","Leg Press (Machine)",,"Double leg 10x, single leg 10x ea, only counting the plates i added",0,"normal",90,30,,,
"Deadlifts and more","11 Dec 2024, 20:27","11 Dec 2024, 21:28","","Leg Press (Machine)",,"Double leg 10x, single leg 10x ea, only counting the plates i added",1,"normal",90,30,,,
"Deadlifts and more","11 Dec 2024, 20:27","11 Dec 2024, 21:28","","Leg Press (Machine)",,"Double leg 10x, single leg 10x ea, only counting the plates i added",2,"normal",90,30,,,
"Deadlifts and more","11 Dec 2024, 20:27","11 Dec 2024, 21:28","","Leg Press (Machine)",,"Double leg 10x, single leg 10x ea, only counting the plates i added",3,"normal",90,30,,,
"Deadlifts and more","11 Dec 2024, 20:27","11 Dec 2024, 21:28","","Hip Abduction (Machine)",,"",0,"normal",12,10,,,
"Deadlifts and more","11 Dec 2024, 20:27","11 Dec 2024, 21:28","","Hip Abduction (Machine)",,"",1,"normal",13,10,,,
"Deadlifts and more","11 Dec 2024, 20:27","11 Dec 2024, 21:28","","Hip Abduction (Machine)",,"",2,"normal",14,10,,,
"Deadlifts and more","11 Dec 2024, 20:27","11 Dec 2024, 21:28","","Hip Abduction (Machine)",,"",3,"normal",14,10,,,
"Deadlifts and more","11 Dec 2024, 20:27","11 Dec 2024, 21:28","","Seated Cable Row - Bar Wide Grip",,"",0,"warmup",99,10,,,
"Deadlifts and more","11 Dec 2024, 20:27","11 Dec 2024, 21:28","","Seated Cable Row - Bar Wide Grip",,"",1,"normal",121,10,,,
"Deadlifts and more","11 Dec 2024, 20:27","11 Dec 2024, 21:28","","Seated Cable Row - Bar Wide Grip",,"",2,"normal",143,10,,,
"Deadlifts and more","11 Dec 2024, 20:27","11 Dec 2024, 21:28","","Seated Cable Row - Bar Wide Grip",,"",3,"normal",143,10,,,
"Pre yog lift","8 Dec 2024, 18:24","8 Dec 2024, 19:03","First time at green point brunch convenient for running at McCarren after","Bench Press (Barbell)",,"",0,"warmup",135,5,,,
"Pre yog lift","8 Dec 2024, 18:24","8 Dec 2024, 19:03","First time at green point brunch convenient for running at McCarren after","Bench Press (Barbell)",,"",1,"warmup",135,5,,,
"Pre yog lift","8 Dec 2024, 18:24","8 Dec 2024, 19:03","First time at green point brunch convenient for running at McCarren after","Bench Press (Barbell)",,"",2,"normal",155,5,,,
"Pre yog lift","8 Dec 2024, 18:24","8 Dec 2024, 19:03","First time at green point brunch convenient for running at McCarren after","Bench Press (Barbell)",,"",3,"normal",155,5,,,
"Pre yog lift","8 Dec 2024, 18:24","8 Dec 2024, 19:03","First time at green point brunch convenient for running at McCarren after","Bench Press (Barbell)",,"",4,"normal",165,5,,,
"Pre yog lift","8 Dec 2024, 18:24","8 Dec 2024, 19:03","First time at green point brunch convenient for running at McCarren after","Pull Up",,"",0,"normal",,2,,,
"Pre yog lift","8 Dec 2024, 18:24","8 Dec 2024, 19:03","First time at green point brunch convenient for running at McCarren after","Pull Up",,"",1,"normal",,3,,,
"Pre yog lift","8 Dec 2024, 18:24","8 Dec 2024, 19:03","First time at green point brunch convenient for running at McCarren after","Pull Up",,"",2,"normal",,3,,,
"Pre yog lift","8 Dec 2024, 18:24","8 Dec 2024, 19:03","First time at green point brunch convenient for running at McCarren after","Assisted Pistol Squats",,"",0,"normal",,10,,,
"Pre yog lift","8 Dec 2024, 18:24","8 Dec 2024, 19:03","First time at green point brunch convenient for running at McCarren after","Assisted Pistol Squats",,"",1,"normal",,10,,,
"Pre yog lift","8 Dec 2024, 18:24","8 Dec 2024, 19:03","First time at green point brunch convenient for running at McCarren after","Assisted Pistol Squats",,"",2,"normal",,10,,,
"Pre yog lift","8 Dec 2024, 18:24","8 Dec 2024, 19:03","First time at green point brunch convenient for running at McCarren after","Clean",,"",0,"normal",135,5,,,
"Pre yog lift","8 Dec 2024, 18:24","8 Dec 2024, 19:03","First time at green point brunch convenient for running at McCarren after","Clean",,"",1,"normal",135,5,,,
"Pre yog lift","8 Dec 2024, 18:24","8 Dec 2024, 19:03","First time at green point brunch convenient for running at McCarren after","Clean",,"",2,"normal",135,5,,,
"Pre yog lift","8 Dec 2024, 18:24","8 Dec 2024, 19:03","First time at green point brunch convenient for running at McCarren after","Lateral Raise (Dumbbell)",,"",0,"normal",50,10,,,
"Pre yog lift","8 Dec 2024, 18:24","8 Dec 2024, 19:03","First time at green point brunch convenient for running at McCarren after","Lateral Raise (Dumbbell)",,"",1,"normal",50,10,,,
"Pre yog lift","8 Dec 2024, 18:24","8 Dec 2024, 19:03","First time at green point brunch convenient for running at McCarren after","Lateral Raise (Dumbbell)",,"",2,"normal",50,10,,,
"Accessories","5 Dec 2024, 20:15","5 Dec 2024, 21:05","","Assisted Pistol Squats",,"5 each side blue box",0,"normal",,10,,,
"Accessories","5 Dec 2024, 20:15","5 Dec 2024, 21:05","","Assisted Pistol Squats",,"5 each side blue box",1,"normal",,10,,,
"Accessories","5 Dec 2024, 20:15","5 Dec 2024, 21:05","","Assisted Pistol Squats",,"5 each side blue box",2,"normal",,10,,,
"Accessories","5 Dec 2024, 20:15","5 Dec 2024, 21:05","","Single Leg Romanian Deadlift (Dumbbell)",,"5 each side",0,"normal",32,10,,,
"Accessories","5 Dec 2024, 20:15","5 Dec 2024, 21:05","","Single Leg Romanian Deadlift (Dumbbell)",,"5 each side",1,"normal",32,10,,,
"Accessories","5 Dec 2024, 20:15","5 Dec 2024, 21:05","","Single Leg Romanian Deadlift (Dumbbell)",,"5 each side",2,"normal",32,20,,,
"Accessories","5 Dec 2024, 20:15","5 Dec 2024, 21:05","","Box Jump",,"",0,"normal",,5,,,
"Accessories","5 Dec 2024, 20:15","5 Dec 2024, 21:05","","Box Jump",,"",1,"normal",,5,,,
"Accessories","5 Dec 2024, 20:15","5 Dec 2024, 21:05","","Box Jump",,"",2,"normal",,5,,,
"Accessories","5 Dec 2024, 20:15","5 Dec 2024, 21:05","","Sit Up",,"5 min core circuit (30sec , 10sec) x8",0,"normal",,20,,,
"Accessories","5 Dec 2024, 20:15","5 Dec 2024, 21:05","","Hip Abduction (Machine)",,"Reduce volume 10x",0,"normal",11,10,,,
"Accessories","5 Dec 2024, 20:15","5 Dec 2024, 21:05","","Hip Abduction (Machine)",,"Reduce volume 10x",1,"normal",12,10,,,
"Accessories","5 Dec 2024, 20:15","5 Dec 2024, 21:05","","Hip Abduction (Machine)",,"Reduce volume 10x",2,"normal",13,10,,,
"Accessories","5 Dec 2024, 20:15","5 Dec 2024, 21:05","","Hip Abduction (Machine)",,"Reduce volume 10x",3,"normal",14,10,,,
"Accessories","5 Dec 2024, 20:15","5 Dec 2024, 21:05","","Seated Cable Row - V Grip (Cable)",,"Crunch machines feel lighter than others",0,"normal",121,10,,,
"Accessories","5 Dec 2024, 20:15","5 Dec 2024, 21:05","","Seated Cable Row - V Grip (Cable)",,"Crunch machines feel lighter than others",1,"normal",143,10,,,
"Accessories","5 Dec 2024, 20:15","5 Dec 2024, 21:05","","Seated Cable Row - V Grip (Cable)",,"Crunch machines feel lighter than others",2,"normal",143,10,,,
"Accessories","5 Dec 2024, 20:15","5 Dec 2024, 21:05","","Seated Cable Row - V Grip (Cable)",,"Crunch machines feel lighter than others",3,"normal",143,10,,,
"Accessories","5 Dec 2024, 20:15","5 Dec 2024, 21:05","","Iso-Lateral High Row (Machine)",,"Crunch fidi front pull down",0,"warmup",120,8,,,
"Accessories","5 Dec 2024, 20:15","5 Dec 2024, 21:05","","Iso-Lateral High Row (Machine)",,"Crunch fidi front pull down",1,"normal",160,10,,,
"Accessories","5 Dec 2024, 20:15","5 Dec 2024, 21:05","","Iso-Lateral High Row (Machine)",,"Crunch fidi front pull down",2,"normal",160,10,,,
"Accessories","5 Dec 2024, 20:15","5 Dec 2024, 21:05","","Iso-Lateral High Row (Machine)",,"Crunch fidi front pull down",3,"failure",180,10,,,
"Accessories","5 Dec 2024, 20:15","5 Dec 2024, 21:05","","Seated Shoulder Press (Machine)",,"",0,"normal",118,10,,,
"Accessories","5 Dec 2024, 20:15","5 Dec 2024, 21:05","","Seated Shoulder Press (Machine)",,"",1,"normal",138,10,,,
"Accessories","5 Dec 2024, 20:15","5 Dec 2024, 21:05","","Seated Shoulder Press (Machine)",,"",2,"normal",138,10,,,
"Accessories","5 Dec 2024, 20:15","5 Dec 2024, 21:05","","Seated Shoulder Press (Machine)",,"",3,"normal",138,10,,,
"Compound day","3 Dec 2024, 20:21","3 Dec 2024, 21:29","","Sit Up",,"5 min of core (crunch, heel tap, flutter, russian twist) 2x(30sec, 10sec)",0,"normal",,20,,,
"Compound day","3 Dec 2024, 20:21","3 Dec 2024, 21:29","","Squat (Barbell)",,"",0,"warmup",135,5,,,
"Compound day","3 Dec 2024, 20:21","3 Dec 2024, 21:29","","Squat (Barbell)",,"",1,"warmup",135,5,,,
"Compound day","3 Dec 2024, 20:21","3 Dec 2024, 21:29","","Squat (Barbell)",,"",2,"warmup",185,5,,,
"Compound day","3 Dec 2024, 20:21","3 Dec 2024, 21:29","","Squat (Barbell)",,"",3,"normal",225,5,,,
"Compound day","3 Dec 2024, 20:21","3 Dec 2024, 21:29","","Squat (Barbell)",,"",4,"normal",225,5,,,
"Compound day","3 Dec 2024, 20:21","3 Dec 2024, 21:29","","Squat (Barbell)",,"",5,"normal",135,15,,,
"Compound day","3 Dec 2024, 20:21","3 Dec 2024, 21:29","","Deadlift (Barbell)",,"",0,"warmup",135,5,,,
"Compound day","3 Dec 2024, 20:21","3 Dec 2024, 21:29","","Deadlift (Barbell)",,"",1,"warmup",135,5,,,
"Compound day","3 Dec 2024, 20:21","3 Dec 2024, 21:29","","Deadlift (Barbell)",,"",2,"normal",205,5,,,
"Compound day","3 Dec 2024, 20:21","3 Dec 2024, 21:29","","Deadlift (Barbell)",,"",3,"normal",225,5,,,
"Compound day","3 Dec 2024, 20:21","3 Dec 2024, 21:29","","Deadlift (Barbell)",,"",4,"normal",225,5,,,
"Compound day","3 Dec 2024, 20:21","3 Dec 2024, 21:29","","Deadlift (Barbell)",,"",5,"normal",225,7,,,
"Compound day","3 Dec 2024, 20:21","3 Dec 2024, 21:29","","Incline Chest Press (Machine)",,"Right side felt harder for some reason",0,"warmup",100,10,,,
"Compound day","3 Dec 2024, 20:21","3 Dec 2024, 21:29","","Incline Chest Press (Machine)",,"Right side felt harder for some reason",1,"normal",140,8,,,
"Compound day","3 Dec 2024, 20:21","3 Dec 2024, 21:29","","Incline Chest Press (Machine)",,"Right side felt harder for some reason",2,"normal",140,6,,,
"Compound day","3 Dec 2024, 20:21","3 Dec 2024, 21:29","","Incline Chest Press (Machine)",,"Right side felt harder for some reason",3,"normal",120,10,,,
"Quick Legs","26 Nov 2024, 20:31","26 Nov 2024, 21:15","","Squat (Barbell)",,"",0,"warmup",135,5,,,
"Quick Legs","26 Nov 2024, 20:31","26 Nov 2024, 21:15","","Squat (Barbell)",,"",1,"warmup",135,5,,,
"Quick Legs","26 Nov 2024, 20:31","26 Nov 2024, 21:15","","Squat (Barbell)",,"",2,"warmup",185,5,,,
"Quick Legs","26 Nov 2024, 20:31","26 Nov 2024, 21:15","","Squat (Barbell)",,"",3,"normal",225,5,,,
"Quick Legs","26 Nov 2024, 20:31","26 Nov 2024, 21:15","","Squat (Barbell)",,"",4,"normal",225,5,,,
"Quick Legs","26 Nov 2024, 20:31","26 Nov 2024, 21:15","","Squat (Barbell)",,"",5,"failure",135,12,,,
"Quick Legs","26 Nov 2024, 20:31","26 Nov 2024, 21:15","","Hip Thrust (Machine)",,"Was not too difficult glute wise but could feel hamstrings giving out",0,"normal",140,8,,,
"Quick Legs","26 Nov 2024, 20:31","26 Nov 2024, 21:15","","Hip Thrust (Machine)",,"Was not too difficult glute wise but could feel hamstrings giving out",1,"normal",140,10,,,
"Quick Legs","26 Nov 2024, 20:31","26 Nov 2024, 21:15","","Hip Thrust (Machine)",,"Was not too difficult glute wise but could feel hamstrings giving out",2,"normal",140,10,,,
"Quick Legs","26 Nov 2024, 20:31","26 Nov 2024, 21:15","","Hip Abduction (Machine)",,"Reduce volume 10x",0,"normal",11,10,,,
"Quick Legs","26 Nov 2024, 20:31","26 Nov 2024, 21:15","","Hip Abduction (Machine)",,"Reduce volume 10x",1,"normal",12,10,,,
"Quick Legs","26 Nov 2024, 20:31","26 Nov 2024, 21:15","","Hip Abduction (Machine)",,"Reduce volume 10x",2,"normal",13,10,,,
"Quick Legs","26 Nov 2024, 20:31","26 Nov 2024, 21:15","","Hip Abduction (Machine)",,"Reduce volume 10x",3,"normal",14,10,,,
"Little bit of everything","25 Nov 2024, 19:50","25 Nov 2024, 21:20","","Assisted Pistol Squats",,"10 each side sat on blue box (18 in, 45cm)",0,"warmup",,10,,,
"Little bit of everything","25 Nov 2024, 19:50","25 Nov 2024, 21:20","","Assisted Pistol Squats",,"10 each side sat on blue box (18 in, 45cm)",1,"normal",,20,,,
"Little bit of everything","25 Nov 2024, 19:50","25 Nov 2024, 21:20","","Assisted Pistol Squats",,"10 each side sat on blue box (18 in, 45cm)",2,"normal",,20,,,
"Little bit of everything","25 Nov 2024, 19:50","25 Nov 2024, 21:20","","Assisted Pistol Squats",,"10 each side sat on blue box (18 in, 45cm)",3,"normal",,20,,,
"Little bit of everything","25 Nov 2024, 19:50","25 Nov 2024, 21:20","","Box Jump",,"Blue box (45cm/18m), box jump as warm up, drop jump (not full knee bend) working set",0,"warmup",,5,,,
"Little bit of everything","25 Nov 2024, 19:50","25 Nov 2024, 21:20","","Box Jump",,"Blue box (45cm/18m), box jump as warm up, drop jump (not full knee bend) working set",1,"normal",,5,,,
"Little bit of everything","25 Nov 2024, 19:50","25 Nov 2024, 21:20","","Box Jump",,"Blue box (45cm/18m), box jump as warm up, drop jump (not full knee bend) working set",2,"normal",,5,,,
"Little bit of everything","25 Nov 2024, 19:50","25 Nov 2024, 21:20","","Box Jump",,"Blue box (45cm/18m), box jump as warm up, drop jump (not full knee bend) working set",3,"normal",,5,,,
"Little bit of everything","25 Nov 2024, 19:50","25 Nov 2024, 21:20","","Single Leg Romanian Deadlift (Dumbbell)",,"10 each side",0,"warmup",32,10,,,
"Little bit of everything","25 Nov 2024, 19:50","25 Nov 2024, 21:20","","Single Leg Romanian Deadlift (Dumbbell)",,"10 each side",1,"normal",32,20,,,
"Little bit of everything","25 Nov 2024, 19:50","25 Nov 2024, 21:20","","Single Leg Romanian Deadlift (Dumbbell)",,"10 each side",2,"normal",32,20,,,
"Little bit of everything","25 Nov 2024, 19:50","25 Nov 2024, 21:20","","Single Leg Romanian Deadlift (Dumbbell)",,"10 each side",3,"normal",32,20,,,
"Little bit of everything","25 Nov 2024, 19:50","25 Nov 2024, 21:20","","Deadlift (Barbell)",,"Warm up for cleans",0,"warmup",135,5,,,
"Little bit of everything","25 Nov 2024, 19:50","25 Nov 2024, 21:20","","Clean",,"From the ground each time",0,"normal",135,5,,,
"Little bit of everything","25 Nov 2024, 19:50","25 Nov 2024, 21:20","","Clean",,"From the ground each time",1,"normal",145,5,,,
"Little bit of everything","25 Nov 2024, 19:50","25 Nov 2024, 21:20","","Clean",,"From the ground each time",2,"normal",155,5,,,
"Little bit of everything","25 Nov 2024, 19:50","25 Nov 2024, 21:20","","Bench Press (Barbell)",,"",0,"normal",135,5,,,
"Little bit of everything","25 Nov 2024, 19:50","25 Nov 2024, 21:20","","Bench Press (Barbell)",,"",1,"normal",155,5,,,
"Little bit of everything","25 Nov 2024, 19:50","25 Nov 2024, 21:20","","Bench Press (Barbell)",,"",2,"normal",165,5,,,
"Little bit of everything","25 Nov 2024, 19:50","25 Nov 2024, 21:20","","Seated Shoulder Press (Machine)",,"",0,"normal",118,10,,,
"Little bit of everything","25 Nov 2024, 19:50","25 Nov 2024, 21:20","","Seated Shoulder Press (Machine)",,"",1,"normal",118,10,,,
"Little bit of everything","25 Nov 2024, 19:50","25 Nov 2024, 21:20","","Seated Shoulder Press (Machine)",,"",2,"normal",138,10,,,
"Little bit of everything","25 Nov 2024, 19:50","25 Nov 2024, 21:20","","Sit Up",,"5 minutes of core (crunch, heel tap, flutter lick, russian twist) 2x(30 seconds on, 10 seconds rest)",0,"normal",,20,,,
"115lbs everything","23 Nov 2024, 19:27","23 Nov 2024, 20:18","Feeling lazy and didn’t want to push too hard so just did 115 for everything","Front Squat",0,"",0,"normal",115,5,,,
"115lbs everything","23 Nov 2024, 19:27","23 Nov 2024, 20:18","Feeling lazy and didn’t want to push too hard so just did 115 for everything","Front Squat",0,"",1,"normal",115,5,,,
"115lbs everything","23 Nov 2024, 19:27","23 Nov 2024, 20:18","Feeling lazy and didn’t want to push too hard so just did 115 for everything","Front Squat",0,"",2,"normal",115,5,,,
"115lbs everything","23 Nov 2024, 19:27","23 Nov 2024, 20:18","Feeling lazy and didn’t want to push too hard so just did 115 for everything","Lunge (Barbell)",0,"5 each side",0,"normal",115,10,,,
"115lbs everything","23 Nov 2024, 19:27","23 Nov 2024, 20:18","Feeling lazy and didn’t want to push too hard so just did 115 for everything","Lunge (Barbell)",0,"5 each side",1,"normal",115,10,,,
"115lbs everything","23 Nov 2024, 19:27","23 Nov 2024, 20:18","Feeling lazy and didn’t want to push too hard so just did 115 for everything","Lunge (Barbell)",0,"5 each side",2,"normal",115,10,,,
"115lbs everything","23 Nov 2024, 19:27","23 Nov 2024, 20:18","Feeling lazy and didn’t want to push too hard so just did 115 for everything","Bent Over Row (Barbell)",1,"",0,"normal",115,10,,,
"115lbs everything","23 Nov 2024, 19:27","23 Nov 2024, 20:18","Feeling lazy and didn’t want to push too hard so just did 115 for everything","Bent Over Row (Barbell)",1,"",1,"normal",115,10,,,
"115lbs everything","23 Nov 2024, 19:27","23 Nov 2024, 20:18","Feeling lazy and didn’t want to push too hard so just did 115 for everything","Bent Over Row (Barbell)",1,"",2,"normal",115,10,,,
"115lbs everything","23 Nov 2024, 19:27","23 Nov 2024, 20:18","Feeling lazy and didn’t want to push too hard so just did 115 for everything","Lateral Raise (Dumbbell)",1,"",0,"normal",50,10,,,
"115lbs everything","23 Nov 2024, 19:27","23 Nov 2024, 20:18","Feeling lazy and didn’t want to push too hard so just did 115 for everything","Lateral Raise (Dumbbell)",1,"",1,"normal",50,10,,,
"115lbs everything","23 Nov 2024, 19:27","23 Nov 2024, 20:18","Feeling lazy and didn’t want to push too hard so just did 115 for everything","Lateral Raise (Dumbbell)",1,"",2,"normal",50,10,,,
"115lbs everything","23 Nov 2024, 19:27","23 Nov 2024, 20:18","Feeling lazy and didn’t want to push too hard so just did 115 for everything","Incline Bench Press (Barbell)",2,"",0,"normal",115,5,,,
"115lbs everything","23 Nov 2024, 19:27","23 Nov 2024, 20:18","Feeling lazy and didn’t want to push too hard so just did 115 for everything","Incline Bench Press (Barbell)",2,"",1,"normal",115,7,,,
"115lbs everything","23 Nov 2024, 19:27","23 Nov 2024, 20:18","Feeling lazy and didn’t want to push too hard so just did 115 for everything","Incline Bench Press (Barbell)",2,"",2,"normal",115,8,,,
"115lbs everything","23 Nov 2024, 19:27","23 Nov 2024, 20:18","Feeling lazy and didn’t want to push too hard so just did 115 for everything","Pull Up",2,"",0,"normal",,3,,,
"115lbs everything","23 Nov 2024, 19:27","23 Nov 2024, 20:18","Feeling lazy and didn’t want to push too hard so just did 115 for everything","Pull Up",2,"",1,"normal",,3,,,
"115lbs everything","23 Nov 2024, 19:27","23 Nov 2024, 20:18","Feeling lazy and didn’t want to push too hard so just did 115 for everything","Pull Up",2,"",2,"normal",,3,,,
"More focus on warmup","19 Nov 2024, 20:15","19 Nov 2024, 21:28","","Single Leg Romanian Deadlift (Dumbbell)",1,"5 each side",0,"normal",32,10,,,
"More focus on warmup","19 Nov 2024, 20:15","19 Nov 2024, 21:28","","Single Leg Romanian Deadlift (Dumbbell)",1,"5 each side",1,"normal",32,10,,,
"More focus on warmup","19 Nov 2024, 20:15","19 Nov 2024, 21:28","","Single Leg Romanian Deadlift (Dumbbell)",1,"5 each side",2,"normal",32,10,,,
"More focus on warmup","19 Nov 2024, 20:15","19 Nov 2024, 21:28","","Assisted Pistol Squats",1,"10 each side, sat on blue box (18”/45cm)",0,"normal",,20,,,
"More focus on warmup","19 Nov 2024, 20:15","19 Nov 2024, 21:28","","Assisted Pistol Squats",1,"10 each side, sat on blue box (18”/45cm)",1,"normal",,20,,,
"More focus on warmup","19 Nov 2024, 20:15","19 Nov 2024, 21:28","","Assisted Pistol Squats",1,"10 each side, sat on blue box (18”/45cm)",2,"normal",,20,,,
"More focus on warmup","19 Nov 2024, 20:15","19 Nov 2024, 21:28","","Band Pullaparts",,"Black skinny band",0,"normal",,20,,,
"More focus on warmup","19 Nov 2024, 20:15","19 Nov 2024, 21:28","","Band Pullaparts",,"Black skinny band",1,"normal",,20,,,
"More focus on warmup","19 Nov 2024, 20:15","19 Nov 2024, 21:28","","Band Pullaparts",,"Black skinny band",2,"normal",,20,,,
"More focus on warmup","19 Nov 2024, 20:15","19 Nov 2024, 21:28","","Incline Bench Press (Barbell)",,"",0,"normal",115,5,,,
"More focus on warmup","19 Nov 2024, 20:15","19 Nov 2024, 21:28","","Incline Bench Press (Barbell)",,"",1,"normal",135,5,,,
"More focus on warmup","19 Nov 2024, 20:15","19 Nov 2024, 21:28","","Incline Bench Press (Barbell)",,"",2,"normal",135,5,,,
"More focus on warmup","19 Nov 2024, 20:15","19 Nov 2024, 21:28","","Incline Bench Press (Barbell)",,"",3,"normal",145,5,,,
"More focus on warmup","19 Nov 2024, 20:15","19 Nov 2024, 21:28","","Deadlift High Pull",0,"Cleaning without the catch",0,"normal",135,5,,,
"More focus on warmup","19 Nov 2024, 20:15","19 Nov 2024, 21:28","","Deadlift High Pull",0,"Cleaning without the catch",1,"normal",155,5,,,
"More focus on warmup","19 Nov 2024, 20:15","19 Nov 2024, 21:28","","Deadlift High Pull",0,"Cleaning without the catch",2,"normal",155,5,,,
"More focus on warmup","19 Nov 2024, 20:15","19 Nov 2024, 21:28","","Pull Up",0,"",0,"normal",,1,,,
"More focus on warmup","19 Nov 2024, 20:15","19 Nov 2024, 21:28","","Pull Up",0,"",1,"normal",,1,,,
"More focus on warmup","19 Nov 2024, 20:15","19 Nov 2024, 21:28","","Pull Up",0,"",2,"normal",,3,,,
"More focus on warmup","19 Nov 2024, 20:15","19 Nov 2024, 21:28","","Seated Shoulder Press (Machine)",,"Crunch fidi machine, weight feels inflated but oh well",0,"normal",78,10,,,
"More focus on warmup","19 Nov 2024, 20:15","19 Nov 2024, 21:28","","Seated Shoulder Press (Machine)",,"Crunch fidi machine, weight feels inflated but oh well",1,"normal",98,10,,,
"More focus on warmup","19 Nov 2024, 20:15","19 Nov 2024, 21:28","","Seated Shoulder Press (Machine)",,"Crunch fidi machine, weight feels inflated but oh well",2,"normal",118,10,,,
"More focus on warmup","19 Nov 2024, 20:15","19 Nov 2024, 21:28","","Seated Shoulder Press (Machine)",,"Crunch fidi machine, weight feels inflated but oh well",3,"normal",138,10,,,
"Quick","13 Nov 2024, 23:16","13 Nov 2024, 23:38","Interrupted by @akshatn","Pull Up",,"",0,"normal",,2,,,
"Quick","13 Nov 2024, 23:16","13 Nov 2024, 23:38","Interrupted by @akshatn","Pull Up",,"",1,"normal",,2,,,
"Quick","13 Nov 2024, 23:16","13 Nov 2024, 23:38","Interrupted by @akshatn","Pull Up",,"",2,"normal",,2,,,
"Quick","13 Nov 2024, 23:16","13 Nov 2024, 23:38","Interrupted by @akshatn","Bent Over Row (Barbell)",,"",0,"normal",75,10,,,
"Quick","13 Nov 2024, 23:16","13 Nov 2024, 23:38","Interrupted by @akshatn","Bent Over Row (Barbell)",,"",1,"normal",75,10,,,
"Quick","13 Nov 2024, 23:16","13 Nov 2024, 23:38","Interrupted by @akshatn","Bent Over Row (Barbell)",,"",2,"normal",75,10,,,
"Quick","13 Nov 2024, 23:16","13 Nov 2024, 23:38","Interrupted by @akshatn","Overhead Press (Barbell)",,"",0,"normal",75,10,,,
"Quick","13 Nov 2024, 23:16","13 Nov 2024, 23:38","Interrupted by @akshatn","Overhead Press (Barbell)",,"",1,"normal",75,10,,,
"Quick","13 Nov 2024, 23:16","13 Nov 2024, 23:38","Interrupted by @akshatn","Overhead Press (Barbell)",,"",2,"normal",75,10,,,
"Trying out barefoot shoes","12 Nov 2024, 20:18","12 Nov 2024, 21:16","Made my squat feel stronger getting a sense of toe strength","Squat (Barbell)",,"",0,"warmup",135,5,,,
"Trying out barefoot shoes","12 Nov 2024, 20:18","12 Nov 2024, 21:16","Made my squat feel stronger getting a sense of toe strength","Squat (Barbell)",,"",1,"warmup",175,5,,,
"Trying out barefoot shoes","12 Nov 2024, 20:18","12 Nov 2024, 21:16","Made my squat feel stronger getting a sense of toe strength","Squat (Barbell)",,"",2,"normal",205,5,,,
"Trying out barefoot shoes","12 Nov 2024, 20:18","12 Nov 2024, 21:16","Made my squat feel stronger getting a sense of toe strength","Squat (Barbell)",,"",3,"normal",205,5,,,
"Trying out barefoot shoes","12 Nov 2024, 20:18","12 Nov 2024, 21:16","Made my squat feel stronger getting a sense of toe strength","Squat (Barbell)",,"",4,"normal",205,5,,,
"Trying out barefoot shoes","12 Nov 2024, 20:18","12 Nov 2024, 21:16","Made my squat feel stronger getting a sense of toe strength","Deadlift (Barbell)",,"",0,"warmup",135,5,,,
"Trying out barefoot shoes","12 Nov 2024, 20:18","12 Nov 2024, 21:16","Made my squat feel stronger getting a sense of toe strength","Deadlift (Barbell)",,"",1,"warmup",185,5,,,
"Trying out barefoot shoes","12 Nov 2024, 20:18","12 Nov 2024, 21:16","Made my squat feel stronger getting a sense of toe strength","Deadlift (Barbell)",,"",2,"normal",225,5,,,
"Trying out barefoot shoes","12 Nov 2024, 20:18","12 Nov 2024, 21:16","Made my squat feel stronger getting a sense of toe strength","Deadlift (Barbell)",,"",3,"normal",225,5,,,
"Trying out barefoot shoes","12 Nov 2024, 20:18","12 Nov 2024, 21:16","Made my squat feel stronger getting a sense of toe strength","Leg Press (Machine)",,"Double leg 10x, single leg ea x10, only counting the plates i add",0,"normal",90,30,,,
"Trying out barefoot shoes","12 Nov 2024, 20:18","12 Nov 2024, 21:16","Made my squat feel stronger getting a sense of toe strength","Leg Press (Machine)",,"Double leg 10x, single leg ea x10, only counting the plates i add",1,"normal",90,30,,,
"Trying out barefoot shoes","12 Nov 2024, 20:18","12 Nov 2024, 21:16","Made my squat feel stronger getting a sense of toe strength","Leg Press (Machine)",,"Double leg 10x, single leg ea x10, only counting the plates i add",2,"normal",90,30,,,
"Quick lil sesh","11 Nov 2024, 12:28","11 Nov 2024, 12:55","Just tryna get some movement in","Pull Up",,"",0,"normal",,2,,,
"Quick lil sesh","11 Nov 2024, 12:28","11 Nov 2024, 12:55","Just tryna get some movement in","Pull Up",,"",1,"normal",,2,,,
"Quick lil sesh","11 Nov 2024, 12:28","11 Nov 2024, 12:55","Just tryna get some movement in","Pull Up",,"",2,"normal",,2,,,
"Quick lil sesh","11 Nov 2024, 12:28","11 Nov 2024, 12:55","Just tryna get some movement in","Pull Up",,"",3,"normal",,2,,,
"Quick lil sesh","11 Nov 2024, 12:28","11 Nov 2024, 12:55","Just tryna get some movement in","Pull Up",,"",4,"normal",,2,,,
"Quick lil sesh","11 Nov 2024, 12:28","11 Nov 2024, 12:55","Just tryna get some movement in","Pull Up",,"",5,"normal",,2,,,
"Quick lil sesh","11 Nov 2024, 12:28","11 Nov 2024, 12:55","Just tryna get some movement in","Jump Rope",,"",0,"normal",,,,60,
"Quick lil sesh","11 Nov 2024, 12:28","11 Nov 2024, 12:55","Just tryna get some movement in","Jump Rope",,"",1,"normal",,,,60,
"Quick lil sesh","11 Nov 2024, 12:28","11 Nov 2024, 12:55","Just tryna get some movement in","Single Leg Romanian Deadlift (Dumbbell)",,"5 each side",0,"normal",30,10,,,
"Quick lil sesh","11 Nov 2024, 12:28","11 Nov 2024, 12:55","Just tryna get some movement in","Single Leg Romanian Deadlift (Dumbbell)",,"5 each side",1,"normal",30,10,,,
"Quick lil sesh","11 Nov 2024, 12:28","11 Nov 2024, 12:55","Just tryna get some movement in","Single Leg Romanian Deadlift (Dumbbell)",,"5 each side",2,"normal",30,10,,,
"Quick lil sesh","11 Nov 2024, 12:28","11 Nov 2024, 12:55","Just tryna get some movement in","Assisted Pistol Squats",,"5 each side",0,"normal",,10,,,
"Quick lil sesh","11 Nov 2024, 12:28","11 Nov 2024, 12:55","Just tryna get some movement in","Assisted Pistol Squats",,"5 each side",1,"normal",,10,,,
"Quick lil sesh","11 Nov 2024, 12:28","11 Nov 2024, 12:55","Just tryna get some movement in","Assisted Pistol Squats",,"5 each side",2,"normal",,20,,,
"Quick lil sesh","11 Nov 2024, 12:28","11 Nov 2024, 12:55","Just tryna get some movement in","Lateral Raise (Dumbbell)",,"",0,"normal",50,10,,,
"Quick lil sesh","11 Nov 2024, 12:28","11 Nov 2024, 12:55","Just tryna get some movement in","Lateral Raise (Dumbbell)",,"",1,"normal",50,10,,,
"Quick lil sesh","11 Nov 2024, 12:28","11 Nov 2024, 12:55","Just tryna get some movement in","Lateral Raise (Dumbbell)",,"",2,"normal",50,10,,,
"With Nick","9 Nov 2024, 10:21","9 Nov 2024, 10:55","","Pull Up",,"",0,"normal",,2,,,
"With Nick","9 Nov 2024, 10:21","9 Nov 2024, 10:55","","Pull Up",,"",1,"normal",,2,,,
"With Nick","9 Nov 2024, 10:21","9 Nov 2024, 10:55","","Pull Up",,"",2,"normal",,2,,,
"With Nick","9 Nov 2024, 10:21","9 Nov 2024, 10:55","","Single Leg Romanian Deadlift (Dumbbell)",,"3 each side just derping around",0,"normal",25,6,,,
"With Nick","9 Nov 2024, 10:21","9 Nov 2024, 10:55","","Single Leg Romanian Deadlift (Dumbbell)",,"3 each side just derping around",1,"normal",25,6,,,
"With Nick","9 Nov 2024, 10:21","9 Nov 2024, 10:55","","Single Leg Romanian Deadlift (Dumbbell)",,"3 each side just derping around",2,"normal",25,6,,,
"With Nick","9 Nov 2024, 10:21","9 Nov 2024, 10:55","","Triceps Rope Pushdown",,"Circuit pushdown, pulldown, face pull",0,"normal",40,10,,,
"With Nick","9 Nov 2024, 10:21","9 Nov 2024, 10:55","","Triceps Rope Pushdown",,"Circuit pushdown, pulldown, face pull",1,"normal",40,10,,,
"With Nick","9 Nov 2024, 10:21","9 Nov 2024, 10:55","","Jump Rope",,"",0,"normal",,,,60,
"Derping around","8 Nov 2024, 16:26","8 Nov 2024, 17:04","","Single Leg Romanian Deadlift (Dumbbell)",,"",0,"normal",26.4,10,,,
"Derping around","8 Nov 2024, 16:26","8 Nov 2024, 17:04","","Jump Rope",,"",0,"normal",,,,60,
"Derping around","8 Nov 2024, 16:26","8 Nov 2024, 17:04","","Pull Up",,"",0,"normal",,2,,,
"Derping around","8 Nov 2024, 16:26","8 Nov 2024, 17:04","","Pull Up",,"",1,"normal",,2,,,
"Derping around","8 Nov 2024, 16:26","8 Nov 2024, 17:04","","Pull Up",,"",2,"normal",,2,,,
"Derping around","8 Nov 2024, 16:26","8 Nov 2024, 17:04","","Bench Press (Barbell)",,"",0,"normal",115,5,,,
"Derping around","8 Nov 2024, 16:26","8 Nov 2024, 17:04","","Bench Press (Barbell)",,"",1,"normal",115,5,,,
"Derping around","8 Nov 2024, 16:26","8 Nov 2024, 17:04","","Bench Press (Barbell)",,"",2,"normal",165,3,,,
"Derping around","8 Nov 2024, 16:26","8 Nov 2024, 17:04","","Bench Press (Barbell)",,"",3,"normal",165,5,,,
"Quick post run upper body","31 Oct 2024, 20:20","31 Oct 2024, 20:42","","Overhead Press (Barbell)",,"",0,"normal",75,10,,,
"Quick post run upper body","31 Oct 2024, 20:20","31 Oct 2024, 20:42","","Overhead Press (Barbell)",,"",1,"normal",75,10,,,
"Quick post run upper body","31 Oct 2024, 20:20","31 Oct 2024, 20:42","","Overhead Press (Barbell)",,"",2,"normal",75,10,,,
"Quick post run upper body","31 Oct 2024, 20:20","31 Oct 2024, 20:42","","Single Leg Romanian Deadlift (Barbell)",,"5 each side",0,"normal",75,10,,,
"Quick post run upper body","31 Oct 2024, 20:20","31 Oct 2024, 20:42","","Single Leg Romanian Deadlift (Barbell)",,"5 each side",1,"normal",75,10,,,
"Quick post run upper body","31 Oct 2024, 20:20","31 Oct 2024, 20:42","","Single Leg Romanian Deadlift (Barbell)",,"5 each side",2,"normal",75,10,,,
"Quick post run upper body","31 Oct 2024, 20:20","31 Oct 2024, 20:42","","Bent Over Row (Barbell)",,"",0,"normal",75,10,,,
"Quick post run upper body","31 Oct 2024, 20:20","31 Oct 2024, 20:42","","Bent Over Row (Barbell)",,"",1,"normal",75,10,,,
"Quick post run upper body","31 Oct 2024, 20:20","31 Oct 2024, 20:42","","Bent Over Row (Barbell)",,"",2,"normal",75,10,,,
"Quick post run upper body","31 Oct 2024, 20:20","31 Oct 2024, 20:42","","Rope Straight Arm Pulldown",,"",0,"normal",40,10,,,
"Quick post run upper body","31 Oct 2024, 20:20","31 Oct 2024, 20:42","","Rope Straight Arm Pulldown",,"",1,"normal",40,10,,,
"Quick post run upper body","31 Oct 2024, 20:20","31 Oct 2024, 20:42","","Rope Straight Arm Pulldown",,"",2,"normal",40,10,,,
"Quick post run upper body","31 Oct 2024, 20:20","31 Oct 2024, 20:42","","Triceps Rope Pushdown",,"",0,"normal",40,10,,,
"Quick post run upper body","31 Oct 2024, 20:20","31 Oct 2024, 20:42","","Triceps Rope Pushdown",,"",1,"normal",40,10,,,
"Quick post run upper body","31 Oct 2024, 20:20","31 Oct 2024, 20:42","","Triceps Rope Pushdown",,"",2,"normal",40,10,,,
"Quick post run upper body","31 Oct 2024, 20:20","31 Oct 2024, 20:42","","Lateral Raise (Dumbbell)",,"",0,"normal",50,10,,,
"Quick post run upper body","31 Oct 2024, 20:20","31 Oct 2024, 20:42","","Lateral Raise (Dumbbell)",,"",1,"normal",50,10,,,
"Quick post run upper body","31 Oct 2024, 20:20","31 Oct 2024, 20:42","","Lateral Raise (Dumbbell)",,"",2,"normal",50,10,,,
"Quick post run upper body","31 Oct 2024, 20:20","31 Oct 2024, 20:42","","Hip Abduction (Machine)",,"Did small grip around ankle with cable for 10lbs x10 reps each side",0,"normal",10,20,,,
"Quick post run upper body","31 Oct 2024, 20:20","31 Oct 2024, 20:42","","Hip Abduction (Machine)",,"Did small grip around ankle with cable for 10lbs x10 reps each side",1,"normal",10,20,,,
"Quick post run upper body","31 Oct 2024, 20:20","31 Oct 2024, 20:42","","Hip Abduction (Machine)",,"Did small grip around ankle with cable for 10lbs x10 reps each side",2,"normal",10,20,,,
"Afternoon workout 💪","27 Oct 2024, 16:58","27 Oct 2024, 17:41","","Stretching",,"Didnt feel like recording. Spent like an hour and a half at the gym tho doing various knee mobility and stretches",0,"normal",,,,60,
"Post knee mobility","25 Oct 2024, 20:23","25 Oct 2024, 20:51","Been sick for the past week… first lift since then. Nothing much but just tryna get back into it","Squat (Barbell)",,"",0,"warmup",115,5,,,
"Post knee mobility","25 Oct 2024, 20:23","25 Oct 2024, 20:51","Been sick for the past week… first lift since then. Nothing much but just tryna get back into it","Squat (Barbell)",,"",1,"warmup",155,5,,,
"Post knee mobility","25 Oct 2024, 20:23","25 Oct 2024, 20:51","Been sick for the past week… first lift since then. Nothing much but just tryna get back into it","Squat (Barbell)",,"",2,"normal",205,5,,,
"Post knee mobility","25 Oct 2024, 20:23","25 Oct 2024, 20:51","Been sick for the past week… first lift since then. Nothing much but just tryna get back into it","Squat (Barbell)",,"",3,"normal",205,5,,,
"Post knee mobility","25 Oct 2024, 20:23","25 Oct 2024, 20:51","Been sick for the past week… first lift since then. Nothing much but just tryna get back into it","Squat (Barbell)",,"",4,"normal",205,5,,,
"Post knee mobility","25 Oct 2024, 20:23","25 Oct 2024, 20:51","Been sick for the past week… first lift since then. Nothing much but just tryna get back into it","Pull Up",,"",0,"normal",,2,,,
"Post knee mobility","25 Oct 2024, 20:23","25 Oct 2024, 20:51","Been sick for the past week… first lift since then. Nothing much but just tryna get back into it","Pull Up",,"",1,"normal",,2,,,
"Post knee mobility","25 Oct 2024, 20:23","25 Oct 2024, 20:51","Been sick for the past week… first lift since then. Nothing much but just tryna get back into it","Pull Up",,"",2,"normal",,2,,,
"Post knee mobility","25 Oct 2024, 20:23","25 Oct 2024, 20:51","Been sick for the past week… first lift since then. Nothing much but just tryna get back into it","Pull Up",,"",3,"normal",,2,,,
"Post knee mobility","25 Oct 2024, 20:23","25 Oct 2024, 20:51","Been sick for the past week… first lift since then. Nothing much but just tryna get back into it","Pull Up",,"",4,"normal",,2,,,
"Post knee mobility","25 Oct 2024, 20:23","25 Oct 2024, 20:51","Been sick for the past week… first lift since then. Nothing much but just tryna get back into it","Lateral Raise (Dumbbell)",,"",0,"normal",40,10,,,
"Post knee mobility","25 Oct 2024, 20:23","25 Oct 2024, 20:51","Been sick for the past week… first lift since then. Nothing much but just tryna get back into it","Lateral Raise (Dumbbell)",,"",1,"normal",50,10,,,
"Post knee mobility","25 Oct 2024, 20:23","25 Oct 2024, 20:51","Been sick for the past week… first lift since then. Nothing much but just tryna get back into it","Lateral Raise (Dumbbell)",,"",2,"normal",50,10,,,
"Afternoon workout 💪","20 Oct 2024, 17:36","20 Oct 2024, 18:28","","Iso-Lateral High Row (Machine)",,"",0,"normal",140,10,,,
"Afternoon workout 💪","20 Oct 2024, 17:36","20 Oct 2024, 18:28","","Iso-Lateral High Row (Machine)",,"",1,"normal",190,10,,,
"Afternoon workout 💪","20 Oct 2024, 17:36","20 Oct 2024, 18:28","","Iso-Lateral High Row (Machine)",,"",2,"normal",190,10,,,
"Afternoon workout 💪","20 Oct 2024, 17:36","20 Oct 2024, 18:28","","Iso-Lateral High Row (Machine)",,"",3,"normal",190,10,,,
"Afternoon workout 💪","20 Oct 2024, 17:36","20 Oct 2024, 18:28","","Incline Bench Press (Dumbbell)",,"",0,"normal",90,10,,,
"Afternoon workout 💪","20 Oct 2024, 17:36","20 Oct 2024, 18:28","","Incline Bench Press (Dumbbell)",,"",1,"normal",90,10,,,
"Afternoon workout 💪","20 Oct 2024, 17:36","20 Oct 2024, 18:28","","Incline Bench Press (Dumbbell)",,"",2,"normal",90,10,,,
"Afternoon workout 💪","20 Oct 2024, 17:36","20 Oct 2024, 18:28","","Seated Cable Row - V Grip (Cable)",,"Weights were light on this machine but oh well",0,"normal",50,10,,,
"Afternoon workout 💪","20 Oct 2024, 17:36","20 Oct 2024, 18:28","","Seated Cable Row - V Grip (Cable)",,"Weights were light on this machine but oh well",1,"normal",62.5,10,,,
"Afternoon workout 💪","20 Oct 2024, 17:36","20 Oct 2024, 18:28","","Seated Cable Row - V Grip (Cable)",,"Weights were light on this machine but oh well",2,"normal",62.5,10,,,
"Afternoon workout 💪","20 Oct 2024, 17:36","20 Oct 2024, 18:28","","Seated Cable Row - V Grip (Cable)",,"Weights were light on this machine but oh well",3,"normal",75,10,,,
"Afternoon workout 💪","20 Oct 2024, 17:36","20 Oct 2024, 18:28","","Chest Press (Machine)",,"",0,"normal",80,10,,,
"Afternoon workout 💪","20 Oct 2024, 17:36","20 Oct 2024, 18:28","","Chest Press (Machine)",,"",1,"normal",80,10,,,
"Afternoon workout 💪","20 Oct 2024, 17:36","20 Oct 2024, 18:28","","Chest Press (Machine)",,"",2,"normal",100,10,,,
"Afternoon workout 💪","20 Oct 2024, 17:36","20 Oct 2024, 18:28","","Chest Press (Machine)",,"",3,"normal",100,10,,,
"Afternoon workout 💪","20 Oct 2024, 17:36","20 Oct 2024, 18:28","","Single Leg Romanian Deadlift (Dumbbell)",,"",0,"normal",26.4,10,,,
"Afternoon workout 💪","20 Oct 2024, 17:36","20 Oct 2024, 18:28","","Single Leg Romanian Deadlift (Dumbbell)",,"",1,"normal",26.4,10,,,
"Afternoon workout 💪","20 Oct 2024, 17:36","20 Oct 2024, 18:28","","Single Leg Romanian Deadlift (Dumbbell)",,"",2,"normal",26.4,10,,,
"Legs","16 Oct 2024, 20:13","16 Oct 2024, 21:21","","Leg Press (Machine)",,"Doing it with a green resistance band around knees and a wider stance to emphasize glutes. Warmup for squats",0,"warmup",135,10,,,
"Legs","16 Oct 2024, 20:13","16 Oct 2024, 21:21","","Leg Press (Machine)",,"Doing it with a green resistance band around knees and a wider stance to emphasize glutes. Warmup for squats",1,"warmup",135,10,,,
"Legs","16 Oct 2024, 20:13","16 Oct 2024, 21:21","","Leg Press (Machine)",,"Doing it with a green resistance band around knees and a wider stance to emphasize glutes. Warmup for squats",2,"warmup",135,10,,,
"Legs","16 Oct 2024, 20:13","16 Oct 2024, 21:21","","Leg Press (Machine)",,"Doing it with a green resistance band around knees and a wider stance to emphasize glutes. Warmup for squats",3,"warmup",225,10,,,
"Legs","16 Oct 2024, 20:13","16 Oct 2024, 21:21","","Leg Press (Machine)",,"Doing it with a green resistance band around knees and a wider stance to emphasize glutes. Warmup for squats",4,"warmup",225,10,,,
"Legs","16 Oct 2024, 20:13","16 Oct 2024, 21:21","","Squat (Barbell)",,"",0,"warmup",135,5,,,
"Legs","16 Oct 2024, 20:13","16 Oct 2024, 21:21","","Squat (Barbell)",,"",1,"warmup",185,5,,,
"Legs","16 Oct 2024, 20:13","16 Oct 2024, 21:21","","Squat (Barbell)",,"",2,"normal",225,5,,,
"Legs","16 Oct 2024, 20:13","16 Oct 2024, 21:21","","Squat (Barbell)",,"",3,"normal",225,5,,,
"Legs","16 Oct 2024, 20:13","16 Oct 2024, 21:21","","Squat (Barbell)",,"",4,"normal",225,5,,,
"Legs","16 Oct 2024, 20:13","16 Oct 2024, 21:21","","Hang Clean",,"",0,"normal",135,5,,,
"Legs","16 Oct 2024, 20:13","16 Oct 2024, 21:21","","Hang Clean",,"",1,"normal",135,5,,,
"Legs","16 Oct 2024, 20:13","16 Oct 2024, 21:21","","Hang Clean",,"",2,"normal",135,5,,,
"Legs","16 Oct 2024, 20:13","16 Oct 2024, 21:21","","Split Squat (Dumbbell)",,"",0,"normal",90,20,,,
"Legs","16 Oct 2024, 20:13","16 Oct 2024, 21:21","","Split Squat (Dumbbell)",,"",1,"normal",90,20,,,
"Legs","16 Oct 2024, 20:13","16 Oct 2024, 21:21","","Split Squat (Dumbbell)",,"",2,"normal",90,20,,,
"Legs","16 Oct 2024, 20:13","16 Oct 2024, 21:21","","Single Leg Romanian Deadlift (Dumbbell)",,"",0,"normal",26.4,10,,,
"Legs","16 Oct 2024, 20:13","16 Oct 2024, 21:21","","Single Leg Romanian Deadlift (Dumbbell)",,"",1,"normal",26.4,10,,,
"Legs","16 Oct 2024, 20:13","16 Oct 2024, 21:21","","Single Leg Romanian Deadlift (Dumbbell)",,"",2,"normal",26.4,10,,,
"Push and pull","13 Oct 2024, 14:24","13 Oct 2024, 15:11","Haven’t lifted in a while — been sick / busy with work. Tried the Chelsea location today p neat","Incline Bench Press (Barbell)",,"",0,"normal",115,5,,,
"Push and pull","13 Oct 2024, 14:24","13 Oct 2024, 15:11","Haven’t lifted in a while — been sick / busy with work. Tried the Chelsea location today p neat","Incline Bench Press (Barbell)",,"",1,"normal",135,5,,,
"Push and pull","13 Oct 2024, 14:24","13 Oct 2024, 15:11","Haven’t lifted in a while — been sick / busy with work. Tried the Chelsea location today p neat","Incline Bench Press (Barbell)",,"",2,"normal",135,5,,,
"Push and pull","13 Oct 2024, 14:24","13 Oct 2024, 15:11","Haven’t lifted in a while — been sick / busy with work. Tried the Chelsea location today p neat","Incline Bench Press (Barbell)",,"",3,"normal",145,5,,,
"Push and pull","13 Oct 2024, 14:24","13 Oct 2024, 15:11","Haven’t lifted in a while — been sick / busy with work. Tried the Chelsea location today p neat","Iso-Lateral High Row (Machine)",,"",0,"normal",160,8,,,
"Push and pull","13 Oct 2024, 14:24","13 Oct 2024, 15:11","Haven’t lifted in a while — been sick / busy with work. Tried the Chelsea location today p neat","Iso-Lateral High Row (Machine)",,"",1,"normal",160,8,,,
"Push and pull","13 Oct 2024, 14:24","13 Oct 2024, 15:11","Haven’t lifted in a while — been sick / busy with work. Tried the Chelsea location today p neat","Iso-Lateral High Row (Machine)",,"",2,"normal",160,10,,,
"Push and pull","13 Oct 2024, 14:24","13 Oct 2024, 15:11","Haven’t lifted in a while — been sick / busy with work. Tried the Chelsea location today p neat","Straight Arm Lat Pulldown (Cable)",,"",0,"normal",37.5,10,,,
"Push and pull","13 Oct 2024, 14:24","13 Oct 2024, 15:11","Haven’t lifted in a while — been sick / busy with work. Tried the Chelsea location today p neat","Straight Arm Lat Pulldown (Cable)",,"",1,"normal",37.5,10,,,
"Push and pull","13 Oct 2024, 14:24","13 Oct 2024, 15:11","Haven’t lifted in a while — been sick / busy with work. Tried the Chelsea location today p neat","Straight Arm Lat Pulldown (Cable)",,"",2,"normal",37.5,10,,,
"Push and pull","13 Oct 2024, 14:24","13 Oct 2024, 15:11","Haven’t lifted in a while — been sick / busy with work. Tried the Chelsea location today p neat","Triceps Rope Pushdown",,"",0,"normal",37.5,10,,,
"Push and pull","13 Oct 2024, 14:24","13 Oct 2024, 15:11","Haven’t lifted in a while — been sick / busy with work. Tried the Chelsea location today p neat","Triceps Rope Pushdown",,"",1,"normal",37.5,10,,,
"Push and pull","13 Oct 2024, 14:24","13 Oct 2024, 15:11","Haven’t lifted in a while — been sick / busy with work. Tried the Chelsea location today p neat","Triceps Rope Pushdown",,"",2,"normal",37.5,10,,,
"Push and pull","13 Oct 2024, 14:24","13 Oct 2024, 15:11","Haven’t lifted in a while — been sick / busy with work. Tried the Chelsea location today p neat","Overhead Press (Dumbbell)",,"",0,"normal",70,10,,,
"Push and pull","13 Oct 2024, 14:24","13 Oct 2024, 15:11","Haven’t lifted in a while — been sick / busy with work. Tried the Chelsea location today p neat","Overhead Press (Dumbbell)",,"",1,"normal",70,10,,,
"Push and pull","13 Oct 2024, 14:24","13 Oct 2024, 15:11","Haven’t lifted in a while — been sick / busy with work. Tried the Chelsea location today p neat","Overhead Press (Dumbbell)",,"",2,"normal",70,10,,,
"Push and pull","13 Oct 2024, 14:24","13 Oct 2024, 15:11","Haven’t lifted in a while — been sick / busy with work. Tried the Chelsea location today p neat","Lateral Raise (Dumbbell)",,"",0,"normal",40,10,,,
"Push and pull","13 Oct 2024, 14:24","13 Oct 2024, 15:11","Haven’t lifted in a while — been sick / busy with work. Tried the Chelsea location today p neat","Lateral Raise (Dumbbell)",,"",1,"normal",40,10,,,
"Push and pull","13 Oct 2024, 14:24","13 Oct 2024, 15:11","Haven’t lifted in a while — been sick / busy with work. Tried the Chelsea location today p neat","Lateral Raise (Dumbbell)",,"",2,"normal",40,10,,,
"Push and pull","13 Oct 2024, 14:24","13 Oct 2024, 15:11","Haven’t lifted in a while — been sick / busy with work. Tried the Chelsea location today p neat","Deadlift (Barbell)",,"",0,"normal",135,5,,,
"Push and pull","13 Oct 2024, 14:24","13 Oct 2024, 15:11","Haven’t lifted in a while — been sick / busy with work. Tried the Chelsea location today p neat","Deadlift (Barbell)",,"",1,"normal",185,5,,,
"Push and pull","13 Oct 2024, 14:24","13 Oct 2024, 15:11","Haven’t lifted in a while — been sick / busy with work. Tried the Chelsea location today p neat","Deadlift (Barbell)",,"",2,"normal",205,5,,,
"Push and pull","13 Oct 2024, 14:24","13 Oct 2024, 15:11","Haven’t lifted in a while — been sick / busy with work. Tried the Chelsea location today p neat","Deadlift (Barbell)",,"",3,"normal",205,7,,,
"Lower body","7 Oct 2024, 19:50","7 Oct 2024, 20:49","Felt super tired on squats so tried to keep it varied with the other exercises","Squat (Barbell)",,"",0,"warmup",135,5,,,
"Lower body","7 Oct 2024, 19:50","7 Oct 2024, 20:49","Felt super tired on squats so tried to keep it varied with the other exercises","Squat (Barbell)",,"",1,"warmup",185,5,,,
"Lower body","7 Oct 2024, 19:50","7 Oct 2024, 20:49","Felt super tired on squats so tried to keep it varied with the other exercises","Squat (Barbell)",,"",2,"normal",205,5,,,
"Lower body","7 Oct 2024, 19:50","7 Oct 2024, 20:49","Felt super tired on squats so tried to keep it varied with the other exercises","Squat (Barbell)",,"",3,"normal",215,5,,,
"Lower body","7 Oct 2024, 19:50","7 Oct 2024, 20:49","Felt super tired on squats so tried to keep it varied with the other exercises","Squat (Barbell)",,"",4,"normal",225,5,,,
"Lower body","7 Oct 2024, 19:50","7 Oct 2024, 20:49","Felt super tired on squats so tried to keep it varied with the other exercises","Clean",,"Good go heavier but felt some wrist soreness so didn’t want to go crazy",0,"normal",135,5,,,
"Lower body","7 Oct 2024, 19:50","7 Oct 2024, 20:49","Felt super tired on squats so tried to keep it varied with the other exercises","Clean",,"Good go heavier but felt some wrist soreness so didn’t want to go crazy",1,"normal",155,5,,,
"Lower body","7 Oct 2024, 19:50","7 Oct 2024, 20:49","Felt super tired on squats so tried to keep it varied with the other exercises","Clean",,"Good go heavier but felt some wrist soreness so didn’t want to go crazy",2,"normal",155,5,,,
"Lower body","7 Oct 2024, 19:50","7 Oct 2024, 20:49","Felt super tired on squats so tried to keep it varied with the other exercises","Hip Abduction (Machine)",,"Deflate volume 10x, and try to hold for 5 seconds on the way down, which made it much harder",0,"normal",12,8,,,
"Lower body","7 Oct 2024, 19:50","7 Oct 2024, 20:49","Felt super tired on squats so tried to keep it varied with the other exercises","Hip Abduction (Machine)",,"Deflate volume 10x, and try to hold for 5 seconds on the way down, which made it much harder",1,"normal",12,8,,,
"Lower body","7 Oct 2024, 19:50","7 Oct 2024, 20:49","Felt super tired on squats so tried to keep it varied with the other exercises","Hip Abduction (Machine)",,"Deflate volume 10x, and try to hold for 5 seconds on the way down, which made it much harder",2,"normal",12,8,,,
"Lower body","7 Oct 2024, 19:50","7 Oct 2024, 20:49","Felt super tired on squats so tried to keep it varied with the other exercises","Split Squat (Dumbbell)",,"10 reps each side, 45lbs each side",0,"normal",90,20,,,
"Lower body","7 Oct 2024, 19:50","7 Oct 2024, 20:49","Felt super tired on squats so tried to keep it varied with the other exercises","Split Squat (Dumbbell)",,"10 reps each side, 45lbs each side",1,"normal",90,20,,,
"Lower body","7 Oct 2024, 19:50","7 Oct 2024, 20:49","Felt super tired on squats so tried to keep it varied with the other exercises","Split Squat (Dumbbell)",,"10 reps each side, 45lbs each side",2,"normal",90,20,,,
"Lower body","7 Oct 2024, 19:50","7 Oct 2024, 20:49","Felt super tired on squats so tried to keep it varied with the other exercises","Single Leg Romanian Deadlift (Dumbbell)",,"Started 12kg, 5 good reps on each side. 16kg was pretty hard to get right",0,"normal",26.4,10,,,
"Lower body","7 Oct 2024, 19:50","7 Oct 2024, 20:49","Felt super tired on squats so tried to keep it varied with the other exercises","Single Leg Romanian Deadlift (Dumbbell)",,"Started 12kg, 5 good reps on each side. 16kg was pretty hard to get right",1,"normal",35.2,10,,,
"Lower body","7 Oct 2024, 19:50","7 Oct 2024, 20:49","Felt super tired on squats so tried to keep it varied with the other exercises","Single Leg Romanian Deadlift (Dumbbell)",,"Started 12kg, 5 good reps on each side. 16kg was pretty hard to get right",2,"normal",35.2,10,,,
"With Shaun","4 Oct 2024, 07:32","4 Oct 2024, 08:45","","Deadlift (Barbell)",,"",0,"normal",135,5,,,
"With Shaun","4 Oct 2024, 07:32","4 Oct 2024, 08:45","","Deadlift (Barbell)",,"",1,"normal",185,5,,,
"With Shaun","4 Oct 2024, 07:32","4 Oct 2024, 08:45","","Deadlift (Barbell)",,"",2,"normal",225,5,,,
"With Shaun","4 Oct 2024, 07:32","4 Oct 2024, 08:45","","Deadlift (Barbell)",,"",3,"normal",225,5,,,
"With Shaun","4 Oct 2024, 07:32","4 Oct 2024, 08:45","","Deadlift (Barbell)",,"",4,"normal",205,8,,,
"With Shaun","4 Oct 2024, 07:32","4 Oct 2024, 08:45","","Deadlift (Barbell)",,"",5,"normal",185,10,,,
"With Shaun","4 Oct 2024, 07:32","4 Oct 2024, 08:45","","Overhead Press (Barbell)",,"",0,"normal",95,5,,,
"With Shaun","4 Oct 2024, 07:32","4 Oct 2024, 08:45","","Overhead Press (Barbell)",,"",1,"normal",95,7,,,
"With Shaun","4 Oct 2024, 07:32","4 Oct 2024, 08:45","","Overhead Press (Barbell)",,"",2,"failure",75,5,,,
"With Shaun","4 Oct 2024, 07:32","4 Oct 2024, 08:45","","Overhead Press (Barbell)",,"",3,"normal",70,5,,,
"Back at home","2 Oct 2024, 22:33","2 Oct 2024, 23:15","Ran out of time at gym so did the lift at home","Deadlift (Barbell)",,"Couldnt go as heavy at home gym",0,"warmup",115,8,,,
"Back at home","2 Oct 2024, 22:33","2 Oct 2024, 23:15","Ran out of time at gym so did the lift at home","Deadlift (Barbell)",,"Couldnt go as heavy at home gym",1,"warmup",165,8,,,
"Back at home","2 Oct 2024, 22:33","2 Oct 2024, 23:15","Ran out of time at gym so did the lift at home","Deadlift (Barbell)",,"Couldnt go as heavy at home gym",2,"normal",215,5,,,
"Back at home","2 Oct 2024, 22:33","2 Oct 2024, 23:15","Ran out of time at gym so did the lift at home","Deadlift (Barbell)",,"Couldnt go as heavy at home gym",3,"normal",215,5,,,
"Back at home","2 Oct 2024, 22:33","2 Oct 2024, 23:15","Ran out of time at gym so did the lift at home","Deadlift (Barbell)",,"Couldnt go as heavy at home gym",4,"normal",235,5,,,
"Back at home","2 Oct 2024, 22:33","2 Oct 2024, 23:15","Ran out of time at gym so did the lift at home","Deadlift (Barbell)",,"Couldnt go as heavy at home gym",5,"normal",235,5,,,
"Back at home","2 Oct 2024, 22:33","2 Oct 2024, 23:15","Ran out of time at gym so did the lift at home","Pull Up",,"",0,"normal",,2,,,
"Back at home","2 Oct 2024, 22:33","2 Oct 2024, 23:15","Ran out of time at gym so did the lift at home","Pull Up",,"",1,"normal",,2,,,
"Back at home","2 Oct 2024, 22:33","2 Oct 2024, 23:15","Ran out of time at gym so did the lift at home","Pull Up",,"",2,"normal",,2,,,
"Back at home","2 Oct 2024, 22:33","2 Oct 2024, 23:15","Ran out of time at gym so did the lift at home","Pull Up",,"",3,"normal",,2,,,
"Back at home","2 Oct 2024, 22:33","2 Oct 2024, 23:15","Ran out of time at gym so did the lift at home","Pull Up",,"",4,"normal",,2,,,
"Back at home","2 Oct 2024, 22:33","2 Oct 2024, 23:15","Ran out of time at gym so did the lift at home","Bent Over Row (Barbell)",,"Got a lil messy form wise at the end",0,"normal",115,10,,,
"Back at home","2 Oct 2024, 22:33","2 Oct 2024, 23:15","Ran out of time at gym so did the lift at home","Bent Over Row (Barbell)",,"Got a lil messy form wise at the end",1,"normal",115,10,,,
"Back at home","2 Oct 2024, 22:33","2 Oct 2024, 23:15","Ran out of time at gym so did the lift at home","Bent Over Row (Barbell)",,"Got a lil messy form wise at the end",2,"normal",115,10,,,
"Back at home","2 Oct 2024, 22:33","2 Oct 2024, 23:15","Ran out of time at gym so did the lift at home","Bent Over Row (Barbell)",,"Got a lil messy form wise at the end",3,"failure",115,10,,,
"Back at home","2 Oct 2024, 22:33","2 Oct 2024, 23:15","Ran out of time at gym so did the lift at home","Triceps Rope Pushdown",0,"",0,"normal",40,10,,,
"Back at home","2 Oct 2024, 22:33","2 Oct 2024, 23:15","Ran out of time at gym so did the lift at home","Triceps Rope Pushdown",0,"",1,"normal",40,10,,,
"Back at home","2 Oct 2024, 22:33","2 Oct 2024, 23:15","Ran out of time at gym so did the lift at home","Triceps Rope Pushdown",0,"",2,"normal",40,10,,,
"Back at home","2 Oct 2024, 22:33","2 Oct 2024, 23:15","Ran out of time at gym so did the lift at home","Rope Straight Arm Pulldown",0,"",0,"normal",40,10,,,
"Back at home","2 Oct 2024, 22:33","2 Oct 2024, 23:15","Ran out of time at gym so did the lift at home","Rope Straight Arm Pulldown",0,"",1,"normal",40,10,,,
"Back at home","2 Oct 2024, 22:33","2 Oct 2024, 23:15","Ran out of time at gym so did the lift at home","Rope Straight Arm Pulldown",0,"",2,"normal",40,10,,,
"More Knee Recovery","1 Oct 2024, 19:33","1 Oct 2024, 20:38","","Step Up",,"Step downs 5 reps each side alternating",0,"normal",,20,,,
"More Knee Recovery","1 Oct 2024, 19:33","1 Oct 2024, 20:38","","Step Up",,"Step downs 5 reps each side alternating",1,"normal",,20,,,
"More Knee Recovery","1 Oct 2024, 19:33","1 Oct 2024, 20:38","","Step Up",,"Step downs 5 reps each side alternating",2,"normal",,20,,,
"More Knee Recovery","1 Oct 2024, 19:33","1 Oct 2024, 20:38","","Step Up",,"Step downs 5 reps each side alternating",3,"normal",,20,,,
"More Knee Recovery","1 Oct 2024, 19:33","1 Oct 2024, 20:38","","Step Up",,"Step downs 5 reps each side alternating",4,"normal",,20,,,
"More Knee Recovery","1 Oct 2024, 19:33","1 Oct 2024, 20:38","","Lateral Lunge",,"Crab walk - 20 waddles per side. Fidi big blue band and small gray band",0,"normal",,40,,,
"More Knee Recovery","1 Oct 2024, 19:33","1 Oct 2024, 20:38","","Lateral Lunge",,"Crab walk - 20 waddles per side. Fidi big blue band and small gray band",1,"normal",,40,,,
"More Knee Recovery","1 Oct 2024, 19:33","1 Oct 2024, 20:38","","Lateral Lunge",,"Crab walk - 20 waddles per side. Fidi big blue band and small gray band",2,"normal",,40,,,
"More Knee Recovery","1 Oct 2024, 19:33","1 Oct 2024, 20:38","","Lateral Lunge",,"Crab walk - 20 waddles per side. Fidi big blue band and small gray band",3,"normal",,40,,,
"More Knee Recovery","1 Oct 2024, 19:33","1 Oct 2024, 20:38","","Lateral Lunge",,"Crab walk - 20 waddles per side. Fidi big blue band and small gray band",4,"normal",,40,,,
"More Knee Recovery","1 Oct 2024, 19:33","1 Oct 2024, 20:38","","Wall Sit",,"20 seconds each leg single leg (just foot slightly off ground)",0,"normal",,,,40,
"More Knee Recovery","1 Oct 2024, 19:33","1 Oct 2024, 20:38","","Wall Sit",,"20 seconds each leg single leg (just foot slightly off ground)",1,"normal",,,,40,
"More Knee Recovery","1 Oct 2024, 19:33","1 Oct 2024, 20:38","","Wall Sit",,"20 seconds each leg single leg (just foot slightly off ground)",2,"normal",,,,40,
"More Knee Recovery","1 Oct 2024, 19:33","1 Oct 2024, 20:38","","Wall Sit",,"20 seconds each leg single leg (just foot slightly off ground)",3,"normal",,,,40,
"More Knee Recovery","1 Oct 2024, 19:33","1 Oct 2024, 20:38","","Wall Sit",,"20 seconds each leg single leg (just foot slightly off ground)",4,"normal",,,,40,
"More Knee Recovery","1 Oct 2024, 19:33","1 Oct 2024, 20:38","","Stretching",,"90/90’s. Tried with an 8kg kettle bell. 10 rep each side, harder than i thought but really felt it, which was good",0,"normal",,,,60,
"More Knee Recovery","1 Oct 2024, 19:33","1 Oct 2024, 20:38","","Stretching",,"90/90’s. Tried with an 8kg kettle bell. 10 rep each side, harder than i thought but really felt it, which was good",1,"normal",,,,60,
"More Knee Recovery","1 Oct 2024, 19:33","1 Oct 2024, 20:38","","Stretching",,"90/90’s. Tried with an 8kg kettle bell. 10 rep each side, harder than i thought but really felt it, which was good",2,"normal",,,,60,
"More Knee Recovery","1 Oct 2024, 19:33","1 Oct 2024, 20:38","","Single Leg Romanian Deadlift (Dumbbell)",,"8kg kettle bell, 5 each side. Can really feel the stretch when i think about keep the the raised toe pointed down and straight",0,"normal",17.6,10,,,
"More Knee Recovery","1 Oct 2024, 19:33","1 Oct 2024, 20:38","","Single Leg Romanian Deadlift (Dumbbell)",,"8kg kettle bell, 5 each side. Can really feel the stretch when i think about keep the the raised toe pointed down and straight",1,"normal",17.6,10,,,
"More Knee Recovery","1 Oct 2024, 19:33","1 Oct 2024, 20:38","","Single Leg Romanian Deadlift (Dumbbell)",,"8kg kettle bell, 5 each side. Can really feel the stretch when i think about keep the the raised toe pointed down and straight",2,"normal",17.6,10,,,
"More Knee Recovery","1 Oct 2024, 19:33","1 Oct 2024, 20:38","","Split Squat (Dumbbell)",,"10 reps each side, two 40lb dumbells",0,"normal",80,20,,,
"More Knee Recovery","1 Oct 2024, 19:33","1 Oct 2024, 20:38","","Split Squat (Dumbbell)",,"10 reps each side, two 40lb dumbells",1,"normal",80,20,,,
"More Knee Recovery","1 Oct 2024, 19:33","1 Oct 2024, 20:38","","Split Squat (Dumbbell)",,"10 reps each side, two 40lb dumbells",2,"normal",80,20,,,
"More Knee Recovery","1 Oct 2024, 19:33","1 Oct 2024, 20:38","","Hip Abduction (Machine)",,"Cant get enough of these bad boys. Deflate volume 10x",0,"normal",12,10,,,
"More Knee Recovery","1 Oct 2024, 19:33","1 Oct 2024, 20:38","","Hip Abduction (Machine)",,"Cant get enough of these bad boys. Deflate volume 10x",1,"normal",13,10,,,
"More Knee Recovery","1 Oct 2024, 19:33","1 Oct 2024, 20:38","","Hip Abduction (Machine)",,"Cant get enough of these bad boys. Deflate volume 10x",2,"normal",14,10,,,
"More Knee Recovery","1 Oct 2024, 19:33","1 Oct 2024, 20:38","","Single Arm Lateral Raise (Cable)",,"Push on one leg PT exercise, 5 reps each side",0,"normal",11,10,,,
"More Knee Recovery","1 Oct 2024, 19:33","1 Oct 2024, 20:38","","Single Arm Lateral Raise (Cable)",,"Push on one leg PT exercise, 5 reps each side",1,"normal",11,10,,,
"More Knee Recovery","1 Oct 2024, 19:33","1 Oct 2024, 20:38","","Single Arm Lateral Raise (Cable)",,"Push on one leg PT exercise, 5 reps each side",2,"normal",11,10,,,
"Post Yoga Legs","30 Sep 2024, 20:25","30 Sep 2024, 21:19","","Squat (Barbell)",,"",0,"warmup",135,6,,,
"Post Yoga Legs","30 Sep 2024, 20:25","30 Sep 2024, 21:19","","Squat (Barbell)",,"",1,"warmup",155,6,,,
"Post Yoga Legs","30 Sep 2024, 20:25","30 Sep 2024, 21:19","","Squat (Barbell)",,"",2,"normal",185,6,,,
"Post Yoga Legs","30 Sep 2024, 20:25","30 Sep 2024, 21:19","","Squat (Barbell)",,"",3,"normal",195,6,,,
"Post Yoga Legs","30 Sep 2024, 20:25","30 Sep 2024, 21:19","","Squat (Barbell)",,"",4,"normal",205,5,,,
"Post Yoga Legs","30 Sep 2024, 20:25","30 Sep 2024, 21:19","","Squat (Barbell)",,"",5,"normal",215,5,,,
"Post Yoga Legs","30 Sep 2024, 20:25","30 Sep 2024, 21:19","","Hip Thrust (Machine)",,"",0,"normal",90,15,,,
"Post Yoga Legs","30 Sep 2024, 20:25","30 Sep 2024, 21:19","","Hip Thrust (Machine)",,"",1,"normal",90,15,,,
"Post Yoga Legs","30 Sep 2024, 20:25","30 Sep 2024, 21:19","","Hip Thrust (Machine)",,"",2,"normal",90,15,,,
"Post Yoga Legs","30 Sep 2024, 20:25","30 Sep 2024, 21:19","","Reverse Hyperextension",,"Going lighter and slower and it was much harder than just swinging",0,"normal",50,10,,,
"Post Yoga Legs","30 Sep 2024, 20:25","30 Sep 2024, 21:19","","Reverse Hyperextension",,"Going lighter and slower and it was much harder than just swinging",1,"normal",50,10,,,
"Post Yoga Legs","30 Sep 2024, 20:25","30 Sep 2024, 21:19","","Reverse Hyperextension",,"Going lighter and slower and it was much harder than just swinging",2,"normal",50,10,,,
"Knee Recovery","29 Sep 2024, 14:37","29 Sep 2024, 16:28","","Standing Calf Raise",2,"Superset with tib raises (KOT)",0,"normal",,25,,,
"Knee Recovery","29 Sep 2024, 14:37","29 Sep 2024, 16:28","","Standing Calf Raise",2,"Superset with tib raises (KOT)",1,"normal",,25,,,
"Knee Recovery","29 Sep 2024, 14:37","29 Sep 2024, 16:28","","Standing Calf Raise",2,"Superset with tib raises (KOT)",2,"normal",,25,,,
"Knee Recovery","29 Sep 2024, 14:37","29 Sep 2024, 16:28","","Stretching",,"90/90’s",0,"normal",,,,180,
"Knee Recovery","29 Sep 2024, 14:37","29 Sep 2024, 16:28","","Stretching",,"90/90’s",1,"normal",,,,180,
"Knee Recovery","29 Sep 2024, 14:37","29 Sep 2024, 16:28","","Stretching",,"90/90’s",2,"normal",,,,180,
"Knee Recovery","29 Sep 2024, 14:37","29 Sep 2024, 16:28","","Step Up",0,"Step downs 5 reps each side alternating",0,"normal",,20,,,
"Knee Recovery","29 Sep 2024, 14:37","29 Sep 2024, 16:28","","Step Up",0,"Step downs 5 reps each side alternating",1,"normal",,20,,,
"Knee Recovery","29 Sep 2024, 14:37","29 Sep 2024, 16:28","","Step Up",0,"Step downs 5 reps each side alternating",2,"normal",,20,,,
"Knee Recovery","29 Sep 2024, 14:37","29 Sep 2024, 16:28","","Step Up",0,"Step downs 5 reps each side alternating",3,"normal",,20,,,
"Knee Recovery","29 Sep 2024, 14:37","29 Sep 2024, 16:28","","Single Leg Romanian Deadlift (Dumbbell)",0,"Lost count ngl still just grabbing my balance",0,"normal",,10,,,
"Knee Recovery","29 Sep 2024, 14:37","29 Sep 2024, 16:28","","Single Leg Romanian Deadlift (Dumbbell)",0,"Lost count ngl still just grabbing my balance",1,"normal",,10,,,
"Knee Recovery","29 Sep 2024, 14:37","29 Sep 2024, 16:28","","Single Leg Romanian Deadlift (Dumbbell)",0,"Lost count ngl still just grabbing my balance",2,"normal",,10,,,
"Knee Recovery","29 Sep 2024, 14:37","29 Sep 2024, 16:28","","Single Leg Romanian Deadlift (Dumbbell)",0,"Lost count ngl still just grabbing my balance",3,"normal",,10,,,
"Knee Recovery","29 Sep 2024, 14:37","29 Sep 2024, 16:28","","Stretching",,"glute stretch and it band stretch",0,"normal",,,,300,
"Knee Recovery","29 Sep 2024, 14:37","29 Sep 2024, 16:28","","Wall Sit",1,"15 seconds each leg single leg (just foot slightly off ground)",0,"normal",,,,30,
"Knee Recovery","29 Sep 2024, 14:37","29 Sep 2024, 16:28","","Wall Sit",1,"15 seconds each leg single leg (just foot slightly off ground)",1,"normal",,,,30,
"Knee Recovery","29 Sep 2024, 14:37","29 Sep 2024, 16:28","","Wall Sit",1,"15 seconds each leg single leg (just foot slightly off ground)",2,"normal",,,,30,
"Knee Recovery","29 Sep 2024, 14:37","29 Sep 2024, 16:28","","Wall Sit",1,"15 seconds each leg single leg (just foot slightly off ground)",3,"normal",,,,30,
"Knee Recovery","29 Sep 2024, 14:37","29 Sep 2024, 16:28","","Stretching",,"Airplan stretch leg swings",0,"normal",,,,300,
"Knee Recovery","29 Sep 2024, 14:37","29 Sep 2024, 16:28","","Single Arm Lateral Raise (Cable)",,"Push on one leg PT exercise, 5 each side",0,"normal",,10,,,
"Knee Recovery","29 Sep 2024, 14:37","29 Sep 2024, 16:28","","Single Arm Lateral Raise (Cable)",,"Push on one leg PT exercise, 5 each side",1,"normal",,10,,,
"Knee Recovery","29 Sep 2024, 14:37","29 Sep 2024, 16:28","","Single Arm Lateral Raise (Cable)",,"Push on one leg PT exercise, 5 each side",2,"normal",,10,,,
"Knee Recovery","29 Sep 2024, 14:37","29 Sep 2024, 16:28","","Single Arm Lateral Raise (Cable)",,"Push on one leg PT exercise, 5 each side",3,"normal",,10,,,
"Knee Recovery","29 Sep 2024, 14:37","29 Sep 2024, 16:28","","Hip Abduction (Machine)",,"Right leg only some reps, then both. Not tracking weight just going for the stretch",0,"normal",,10,,,
"Knee Recovery","29 Sep 2024, 14:37","29 Sep 2024, 16:28","","Hip Abduction (Machine)",,"Right leg only some reps, then both. Not tracking weight just going for the stretch",1,"normal",,10,,,
"Knee Recovery","29 Sep 2024, 14:37","29 Sep 2024, 16:28","","Hip Abduction (Machine)",,"Right leg only some reps, then both. Not tracking weight just going for the stretch",2,"normal",,10,,,
"Knee Recovery","29 Sep 2024, 14:37","29 Sep 2024, 16:28","","Hip Adduction (Machine)",,"Left leg only some sides and then both. Just going for hypertrophy not tracking weight",0,"normal",,10,,,
"Knee Recovery","29 Sep 2024, 14:37","29 Sep 2024, 16:28","","Hip Adduction (Machine)",,"Left leg only some sides and then both. Just going for hypertrophy not tracking weight",1,"normal",,10,,,
"Knee Recovery","29 Sep 2024, 14:37","29 Sep 2024, 16:28","","Hip Adduction (Machine)",,"Left leg only some sides and then both. Just going for hypertrophy not tracking weight",2,"normal",,10,,,
"Nox","26 Sep 2024, 20:29","26 Sep 2024, 21:26","","Pull Up",,"Felt better than yday",0,"normal",,2,,,
"Nox","26 Sep 2024, 20:29","26 Sep 2024, 21:26","","Pull Up",,"Felt better than yday",1,"normal",,2,,,
"Nox","26 Sep 2024, 20:29","26 Sep 2024, 21:26","","Pull Up",,"Felt better than yday",2,"normal",,1,,,
"Nox","26 Sep 2024, 20:29","26 Sep 2024, 21:26","","Pull Up",,"Felt better than yday",3,"normal",,1,,,
"Nox","26 Sep 2024, 20:29","26 Sep 2024, 21:26","","Pull Up",,"Felt better than yday",4,"normal",,1,,,
"Nox","26 Sep 2024, 20:29","26 Sep 2024, 21:26","","Triceps Rope Pushdown",,"",0,"normal",35,12,,,
"Nox","26 Sep 2024, 20:29","26 Sep 2024, 21:26","","Triceps Rope Pushdown",,"",1,"normal",50,10,,,
"Nox","26 Sep 2024, 20:29","26 Sep 2024, 21:26","","Triceps Rope Pushdown",,"",2,"normal",50,10,,,
"Nox","26 Sep 2024, 20:29","26 Sep 2024, 21:26","","Triceps Rope Pushdown",,"",3,"normal",50,10,,,
"Nox","26 Sep 2024, 20:29","26 Sep 2024, 21:26","","Hang Clean",,"",0,"normal",135,5,,,
"Nox","26 Sep 2024, 20:29","26 Sep 2024, 21:26","","Hang Clean",,"",1,"normal",135,5,,,
"Nox","26 Sep 2024, 20:29","26 Sep 2024, 21:26","","Hang Clean",,"",2,"normal",135,5,,,
"Nox","26 Sep 2024, 20:29","26 Sep 2024, 21:26","","Seated Cable Row - V Grip (Cable)",,"",0,"normal",120,10,,,
"Nox","26 Sep 2024, 20:29","26 Sep 2024, 21:26","","Incline Bench Press (Dumbbell)",,"",0,"normal",80,8,,,
"Nox","26 Sep 2024, 20:29","26 Sep 2024, 21:26","","Incline Bench Press (Dumbbell)",,"",1,"normal",100,8,,,
"Nox","26 Sep 2024, 20:29","26 Sep 2024, 21:26","","Incline Bench Press (Dumbbell)",,"",2,"normal",100,10,,,
"Nox","26 Sep 2024, 20:29","26 Sep 2024, 21:26","","Incline Bench Press (Dumbbell)",,"",3,"normal",100,10,,,
"Nox","26 Sep 2024, 20:29","26 Sep 2024, 21:26","","Pullover (Machine)",,"Cable",0,"normal",65,8,,,
"Nox","26 Sep 2024, 20:29","26 Sep 2024, 21:26","","Pullover (Machine)",,"Cable",1,"failure",65,8,,,
"Nox","26 Sep 2024, 20:29","26 Sep 2024, 21:26","","Pullover (Machine)",,"Cable",2,"failure",65,8,,,
"Nox","26 Sep 2024, 20:29","26 Sep 2024, 21:26","","Preacher Curl (Barbell)",,"Damn this hard",0,"normal",45,5,,,
"Nox","26 Sep 2024, 20:29","26 Sep 2024, 21:26","","Preacher Curl (Barbell)",,"Damn this hard",1,"normal",45,5,,,
"Nox","26 Sep 2024, 20:29","26 Sep 2024, 21:26","","Lateral Raise (Dumbbell)",,"",0,"normal",40,10,,,
"Back","25 Sep 2024, 19:44","25 Sep 2024, 20:37","","Deadlift (Barbell)",,"",0,"warmup",135,5,,,
"Back","25 Sep 2024, 19:44","25 Sep 2024, 20:37","","Deadlift (Barbell)",,"",1,"warmup",185,5,,,
"Back","25 Sep 2024, 19:44","25 Sep 2024, 20:37","","Deadlift (Barbell)",,"",2,"normal",205,5,,,
"Back","25 Sep 2024, 19:44","25 Sep 2024, 20:37","","Deadlift (Barbell)",,"",3,"normal",225,5,,,
"Back","25 Sep 2024, 19:44","25 Sep 2024, 20:37","","Deadlift (Barbell)",,"",4,"normal",225,5,,,
"Back","25 Sep 2024, 19:44","25 Sep 2024, 20:37","","Deadlift (Barbell)",,"",5,"normal",235,5,,,
"Back","25 Sep 2024, 19:44","25 Sep 2024, 20:37","","Deadlift (Barbell)",,"",6,"normal",245,5,,,
"Back","25 Sep 2024, 19:44","25 Sep 2024, 20:37","","Iso-Lateral High Row (Machine)",,"Could get more volume than i thought. Felt a really nice stretch and used much of my back",0,"warmup",90,10,,,
"Back","25 Sep 2024, 19:44","25 Sep 2024, 20:37","","Iso-Lateral High Row (Machine)",,"Could get more volume than i thought. Felt a really nice stretch and used much of my back",1,"normal",160,10,,,
"Back","25 Sep 2024, 19:44","25 Sep 2024, 20:37","","Iso-Lateral High Row (Machine)",,"Could get more volume than i thought. Felt a really nice stretch and used much of my back",2,"normal",180,10,,,
"Back","25 Sep 2024, 19:44","25 Sep 2024, 20:37","","Iso-Lateral High Row (Machine)",,"Could get more volume than i thought. Felt a really nice stretch and used much of my back",3,"normal",180,10,,,
"Back","25 Sep 2024, 19:44","25 Sep 2024, 20:37","","Iso-Lateral High Row (Machine)",,"Could get more volume than i thought. Felt a really nice stretch and used much of my back",4,"normal",180,10,,,
"Back","25 Sep 2024, 19:44","25 Sep 2024, 20:37","","Iso-Lateral High Row (Machine)",,"Could get more volume than i thought. Felt a really nice stretch and used much of my back",5,"normal",180,10,,,
"Back","25 Sep 2024, 19:44","25 Sep 2024, 20:37","","EZ Bar Biceps Curl",,"7 each lower, upper, full range. Did with barbell, def too much weight lol — sloppy and terrible form",0,"normal",45,21,,,
"Back","25 Sep 2024, 19:44","25 Sep 2024, 20:37","","EZ Bar Biceps Curl",,"7 each lower, upper, full range. Did with barbell, def too much weight lol — sloppy and terrible form",1,"normal",45,21,,,
"Back","25 Sep 2024, 19:44","25 Sep 2024, 20:37","","Pull Up",,"Struggled to even do 1 lmao, just attempted the bottom half and then did some negatives. Left arm struggling maybe some shoulder issues",0,"normal",,2,,,
"Back","25 Sep 2024, 19:44","25 Sep 2024, 20:37","","Pull Up",,"Struggled to even do 1 lmao, just attempted the bottom half and then did some negatives. Left arm struggling maybe some shoulder issues",1,"normal",,2,,,
"Legs","24 Sep 2024, 07:25","24 Sep 2024, 08:34","","Squat (Barbell)",,"Legs feel fine, feel limited by wrist flexibility / upper body holding the weight",0,"warmup",135,5,,,
"Legs","24 Sep 2024, 07:25","24 Sep 2024, 08:34","","Squat (Barbell)",,"Legs feel fine, feel limited by wrist flexibility / upper body holding the weight",1,"warmup",135,5,,,
"Legs","24 Sep 2024, 07:25","24 Sep 2024, 08:34","","Squat (Barbell)",,"Legs feel fine, feel limited by wrist flexibility / upper body holding the weight",2,"normal",185,5,,,
"Legs","24 Sep 2024, 07:25","24 Sep 2024, 08:34","","Squat (Barbell)",,"Legs feel fine, feel limited by wrist flexibility / upper body holding the weight",3,"normal",195,5,,,
"Legs","24 Sep 2024, 07:25","24 Sep 2024, 08:34","","Squat (Barbell)",,"Legs feel fine, feel limited by wrist flexibility / upper body holding the weight",4,"normal",205,5,,,
"Legs","24 Sep 2024, 07:25","24 Sep 2024, 08:34","","Squat (Barbell)",,"Legs feel fine, feel limited by wrist flexibility / upper body holding the weight",5,"normal",205,5,,,
"Legs","24 Sep 2024, 07:25","24 Sep 2024, 08:34","","Squat (Barbell)",,"Legs feel fine, feel limited by wrist flexibility / upper body holding the weight",6,"normal",215,5,,,
"Legs","24 Sep 2024, 07:25","24 Sep 2024, 08:34","","Hip Thrust (Machine)",,"Megasussy counting bar as nothing setting 4",0,"normal",90,15,,,
"Legs","24 Sep 2024, 07:25","24 Sep 2024, 08:34","","Hip Thrust (Machine)",,"Megasussy counting bar as nothing setting 4",1,"normal",90,15,,,
"Legs","24 Sep 2024, 07:25","24 Sep 2024, 08:34","","Hip Thrust (Machine)",,"Megasussy counting bar as nothing setting 4",2,"normal",90,15,,,
"Legs","24 Sep 2024, 07:25","24 Sep 2024, 08:34","","Hip Abduction (Machine)",,"Deflate volume by 10x",0,"normal",11,10,,,
"Legs","24 Sep 2024, 07:25","24 Sep 2024, 08:34","","Hip Abduction (Machine)",,"Deflate volume by 10x",1,"normal",13,10,,,
"Legs","24 Sep 2024, 07:25","24 Sep 2024, 08:34","","Hip Abduction (Machine)",,"Deflate volume by 10x",2,"normal",14,10,,,
"Legs","24 Sep 2024, 07:25","24 Sep 2024, 08:34","","Split Squat (Dumbbell)",,"",0,"normal",70,10,,,
"Legs","24 Sep 2024, 07:25","24 Sep 2024, 08:34","","Split Squat (Dumbbell)",,"",1,"normal",70,10,,,
"Legs","24 Sep 2024, 07:25","24 Sep 2024, 08:34","","Split Squat (Dumbbell)",,"",2,"normal",70,10,,,
"Push","18 Sep 2024, 08:20","18 Sep 2024, 09:05","","Bench Press (Barbell)",,"Every set felt like pretty good form! Warmed up with bar and shoulder mobility sorta",0,"normal",135,5,,,
"Push","18 Sep 2024, 08:20","18 Sep 2024, 09:05","","Bench Press (Barbell)",,"Every set felt like pretty good form! Warmed up with bar and shoulder mobility sorta",1,"normal",135,5,,,
"Push","18 Sep 2024, 08:20","18 Sep 2024, 09:05","","Bench Press (Barbell)",,"Every set felt like pretty good form! Warmed up with bar and shoulder mobility sorta",2,"normal",155,5,,,
"Push","18 Sep 2024, 08:20","18 Sep 2024, 09:05","","Bench Press (Barbell)",,"Every set felt like pretty good form! Warmed up with bar and shoulder mobility sorta",3,"normal",155,5,,,
"Push","18 Sep 2024, 08:20","18 Sep 2024, 09:05","","Bench Press (Barbell)",,"Every set felt like pretty good form! Warmed up with bar and shoulder mobility sorta",4,"normal",175,5,,,
"Push","18 Sep 2024, 08:20","18 Sep 2024, 09:05","","Seated Shoulder Press (Machine)",,"",0,"normal",70,10,,,
"Push","18 Sep 2024, 08:20","18 Sep 2024, 09:05","","Seated Shoulder Press (Machine)",,"",1,"normal",70,10,,,
"Push","18 Sep 2024, 08:20","18 Sep 2024, 09:05","","Seated Shoulder Press (Machine)",,"",2,"normal",80,8,,,
"Push","18 Sep 2024, 08:20","18 Sep 2024, 09:05","","Lateral Raise (Dumbbell)",,"",0,"normal",40,10,,,
"Push","18 Sep 2024, 08:20","18 Sep 2024, 09:05","","Lateral Raise (Dumbbell)",,"",1,"normal",40,10,,,
"Push","18 Sep 2024, 08:20","18 Sep 2024, 09:05","","Lateral Raise (Dumbbell)",,"",2,"normal",40,10,,,
"Push","18 Sep 2024, 08:20","18 Sep 2024, 09:05","","Chest Dip (Assisted)",,"Negatives, so just subtracted “half” the effort",0,"normal",100,3,,,
"Push","18 Sep 2024, 08:20","18 Sep 2024, 09:05","","Chest Dip (Assisted)",,"Negatives, so just subtracted “half” the effort",1,"normal",100,3,,,
"Push","18 Sep 2024, 08:20","18 Sep 2024, 09:05","","Chest Dip (Assisted)",,"Negatives, so just subtracted “half” the effort",2,"normal",100,3,,,
"Push","18 Sep 2024, 08:20","18 Sep 2024, 09:05","","Triceps Extension (Barbell)",,"EZ Curl Bar",0,"normal",40,10,,,
"Push","18 Sep 2024, 08:20","18 Sep 2024, 09:05","","Triceps Extension (Barbell)",,"EZ Curl Bar",1,"normal",40,12,,,
"Push","18 Sep 2024, 08:20","18 Sep 2024, 09:05","","Triceps Extension (Barbell)",,"EZ Curl Bar",2,"normal",40,12,,,
"Back with lower body focus","17 Sep 2024, 19:50","17 Sep 2024, 20:53","","Deadlift (Barbell)",,"Just to warmup",0,"warmup",115,5,,,
"Back with lower body focus","17 Sep 2024, 19:50","17 Sep 2024, 20:53","","Deadlift (Barbell)",,"Just to warmup",1,"warmup",115,5,,,
"Back with lower body focus","17 Sep 2024, 19:50","17 Sep 2024, 20:53","","Deadlift (Barbell)",,"Just to warmup",2,"warmup",135,5,,,
"Back with lower body focus","17 Sep 2024, 19:50","17 Sep 2024, 20:53","","Deadlift High Pull",,"Explosive, just to warmup",0,"warmup",115,5,,,
"Back with lower body focus","17 Sep 2024, 19:50","17 Sep 2024, 20:53","","Deadlift High Pull",,"Explosive, just to warmup",1,"warmup",115,5,,,
"Back with lower body focus","17 Sep 2024, 19:50","17 Sep 2024, 20:53","","Deadlift High Pull",,"Explosive, just to warmup",2,"warmup",135,5,,,
"Back with lower body focus","17 Sep 2024, 19:50","17 Sep 2024, 20:53","","Clean",,"Getting my callouses back :3",0,"normal",135,5,,,
"Back with lower body focus","17 Sep 2024, 19:50","17 Sep 2024, 20:53","","Clean",,"Getting my callouses back :3",1,"normal",135,5,,,
"Back with lower body focus","17 Sep 2024, 19:50","17 Sep 2024, 20:53","","Clean",,"Getting my callouses back :3",2,"normal",155,5,,,
"Back with lower body focus","17 Sep 2024, 19:50","17 Sep 2024, 20:53","","Deadlift (Barbell)",,"For realsies this time",0,"normal",185,5,,,
"Back with lower body focus","17 Sep 2024, 19:50","17 Sep 2024, 20:53","","Deadlift (Barbell)",,"For realsies this time",1,"normal",205,5,,,
"Back with lower body focus","17 Sep 2024, 19:50","17 Sep 2024, 20:53","","Deadlift (Barbell)",,"For realsies this time",2,"normal",225,5,,,
"Back with lower body focus","17 Sep 2024, 19:50","17 Sep 2024, 20:53","","Deadlift (Barbell)",,"For realsies this time",3,"normal",225,5,,,
"Back with lower body focus","17 Sep 2024, 19:50","17 Sep 2024, 20:53","","Hip Thrust (Machine)",,"Megasussy counting bar as nothing setting 4",0,"normal",90,15,,,
"Back with lower body focus","17 Sep 2024, 19:50","17 Sep 2024, 20:53","","Hip Thrust (Machine)",,"Megasussy counting bar as nothing setting 4",1,"normal",90,15,,,
"Back with lower body focus","17 Sep 2024, 19:50","17 Sep 2024, 20:53","","Hip Thrust (Machine)",,"Megasussy counting bar as nothing setting 4",2,"normal",90,15,,,
"Back with lower body focus","17 Sep 2024, 19:50","17 Sep 2024, 20:53","","Hip Abduction (Machine)",,"Deflate volume by x10\n\nFelt harder than normal today for some reason",0,"normal",10,10,,,
"Back with lower body focus","17 Sep 2024, 19:50","17 Sep 2024, 20:53","","Hip Abduction (Machine)",,"Deflate volume by x10\n\nFelt harder than normal today for some reason",1,"normal",10,10,,,
"Back with lower body focus","17 Sep 2024, 19:50","17 Sep 2024, 20:53","","Hip Abduction (Machine)",,"Deflate volume by x10\n\nFelt harder than normal today for some reason",2,"normal",11,10,,,
"Back with lower body focus","17 Sep 2024, 19:50","17 Sep 2024, 20:53","","Hip Abduction (Machine)",,"Deflate volume by x10\n\nFelt harder than normal today for some reason",3,"normal",11,10,,,
"Quick Legs","16 Sep 2024, 22:52","16 Sep 2024, 23:25","Waiting for clothes to finish in the washer before moving to the dryer","Squat (Barbell)",,"Felt p good now that ivedone a ton of single leg strength PT type stuff",0,"warmup",115,8,,,
"Quick Legs","16 Sep 2024, 22:52","16 Sep 2024, 23:25","Waiting for clothes to finish in the washer before moving to the dryer","Squat (Barbell)",,"Felt p good now that ivedone a ton of single leg strength PT type stuff",1,"warmup",115,8,,,
"Quick Legs","16 Sep 2024, 22:52","16 Sep 2024, 23:25","Waiting for clothes to finish in the washer before moving to the dryer","Squat (Barbell)",,"Felt p good now that ivedone a ton of single leg strength PT type stuff",2,"normal",165,8,,,
"Quick Legs","16 Sep 2024, 22:52","16 Sep 2024, 23:25","Waiting for clothes to finish in the washer before moving to the dryer","Squat (Barbell)",,"Felt p good now that ivedone a ton of single leg strength PT type stuff",3,"normal",165,8,,,
"Quick Legs","16 Sep 2024, 22:52","16 Sep 2024, 23:25","Waiting for clothes to finish in the washer before moving to the dryer","Squat (Barbell)",,"Felt p good now that ivedone a ton of single leg strength PT type stuff",4,"normal",185,5,,,
"Quick Legs","16 Sep 2024, 22:52","16 Sep 2024, 23:25","Waiting for clothes to finish in the washer before moving to the dryer","Squat (Barbell)",,"Felt p good now that ivedone a ton of single leg strength PT type stuff",5,"normal",185,5,,,
"Quick Legs","16 Sep 2024, 22:52","16 Sep 2024, 23:25","Waiting for clothes to finish in the washer before moving to the dryer","Split Squat (Dumbbell)",,"",0,"normal",70,10,,,
"Quick Legs","16 Sep 2024, 22:52","16 Sep 2024, 23:25","Waiting for clothes to finish in the washer before moving to the dryer","Split Squat (Dumbbell)",,"",1,"normal",70,10,,,
"Hip and leg mobility","15 Sep 2024, 16:33","15 Sep 2024, 16:58","Butterflies, pigeons, dogs on fire hydrants, single leg step downs","Assisted Pistol Squats",,"",0,"normal",,20,,,
"Quick Sarms","14 Sep 2024, 18:48","14 Sep 2024, 18:59","Post run","Overhead Press (Dumbbell)",,"",0,"normal",70,10,,,
"Quick Sarms","14 Sep 2024, 18:48","14 Sep 2024, 18:59","Post run","Overhead Press (Dumbbell)",,"",1,"normal",70,10,,,
"Quick Sarms","14 Sep 2024, 18:48","14 Sep 2024, 18:59","Post run","Overhead Press (Dumbbell)",,"",2,"normal",70,10,,,
"Quick Sarms","14 Sep 2024, 18:48","14 Sep 2024, 18:59","Post run","Lateral Raise (Dumbbell)",,"",0,"normal",40,10,,,
"Quick Sarms","14 Sep 2024, 18:48","14 Sep 2024, 18:59","Post run","Lateral Raise (Dumbbell)",,"",1,"normal",40,10,,,
"Quick Sarms","14 Sep 2024, 18:48","14 Sep 2024, 18:59","Post run","Lateral Raise (Dumbbell)",,"",2,"normal",40,10,,,
"Quick Sarms","14 Sep 2024, 18:48","14 Sep 2024, 18:59","Post run","Pull Up",,"",0,"normal",,1,,,
"Quick Sarms","14 Sep 2024, 18:48","14 Sep 2024, 18:59","Post run","Pull Up",,"",1,"normal",,1,,,
"Quick Sarms","14 Sep 2024, 18:48","14 Sep 2024, 18:59","Post run","Pull Up",,"",2,"normal",,1,,,
"Quick Sarms","14 Sep 2024, 18:48","14 Sep 2024, 18:59","Post run","Pull Up",,"",3,"normal",,1,,,
"Quick Sarms","14 Sep 2024, 18:48","14 Sep 2024, 18:59","Post run","Pull Up",,"",4,"normal",,1,,,
"Quick Sarms","14 Sep 2024, 18:48","14 Sep 2024, 18:59","Post run","Rope Straight Arm Pulldown",,"",0,"normal",45,10,,,
"Quick Sarms","14 Sep 2024, 18:48","14 Sep 2024, 18:59","Post run","Rope Straight Arm Pulldown",,"",1,"normal",45,10,,,
"Quick Sarms","14 Sep 2024, 18:48","14 Sep 2024, 18:59","Post run","Rope Straight Arm Pulldown",,"",2,"normal",45,10,,,
"Quick Sarms","14 Sep 2024, 18:48","14 Sep 2024, 18:59","Post run","Triceps Rope Pushdown",,"",0,"normal",45,10,,,
"Quick Sarms","14 Sep 2024, 18:48","14 Sep 2024, 18:59","Post run","Triceps Rope Pushdown",,"",1,"normal",45,10,,,
"Quick Sarms","14 Sep 2024, 18:48","14 Sep 2024, 18:59","Post run","Triceps Rope Pushdown",,"",2,"normal",45,10,,,
"Fidi Back","12 Sep 2024, 08:06","12 Sep 2024, 09:10","Feeling sleepy so went slow / lighter","Clean",,"Sleepy — taking it slow",0,"warmup",95,5,,,
"Fidi Back","12 Sep 2024, 08:06","12 Sep 2024, 09:10","Feeling sleepy so went slow / lighter","Clean",,"Sleepy — taking it slow",1,"warmup",95,5,,,
"Fidi Back","12 Sep 2024, 08:06","12 Sep 2024, 09:10","Feeling sleepy so went slow / lighter","Clean",,"Sleepy — taking it slow",2,"normal",115,5,,,
"Fidi Back","12 Sep 2024, 08:06","12 Sep 2024, 09:10","Feeling sleepy so went slow / lighter","Clean",,"Sleepy — taking it slow",3,"normal",115,5,,,
"Fidi Back","12 Sep 2024, 08:06","12 Sep 2024, 09:10","Feeling sleepy so went slow / lighter","Clean",,"Sleepy — taking it slow",4,"normal",135,5,,,
"Fidi Back","12 Sep 2024, 08:06","12 Sep 2024, 09:10","Feeling sleepy so went slow / lighter","Clean",,"Sleepy — taking it slow",5,"normal",135,5,,,
"Fidi Back","12 Sep 2024, 08:06","12 Sep 2024, 09:10","Feeling sleepy so went slow / lighter","Deadlift (Barbell)",,"Focusing on form and more volume",0,"normal",135,8,,,
"Fidi Back","12 Sep 2024, 08:06","12 Sep 2024, 09:10","Feeling sleepy so went slow / lighter","Deadlift (Barbell)",,"Focusing on form and more volume",1,"normal",135,8,,,
"Fidi Back","12 Sep 2024, 08:06","12 Sep 2024, 09:10","Feeling sleepy so went slow / lighter","Deadlift (Barbell)",,"Focusing on form and more volume",2,"normal",185,8,,,
"Fidi Back","12 Sep 2024, 08:06","12 Sep 2024, 09:10","Feeling sleepy so went slow / lighter","Deadlift (Barbell)",,"Focusing on form and more volume",3,"normal",185,8,,,
"Fidi Back","12 Sep 2024, 08:06","12 Sep 2024, 09:10","Feeling sleepy so went slow / lighter","Lat Pulldown (Cable)",,"",0,"normal",121,10,,,
"Fidi Back","12 Sep 2024, 08:06","12 Sep 2024, 09:10","Feeling sleepy so went slow / lighter","Lat Pulldown (Cable)",,"",1,"normal",121,10,,,
"Fidi Back","12 Sep 2024, 08:06","12 Sep 2024, 09:10","Feeling sleepy so went slow / lighter","Lat Pulldown (Cable)",,"",2,"normal",121,10,,,
"Fidi Back","12 Sep 2024, 08:06","12 Sep 2024, 09:10","Feeling sleepy so went slow / lighter","Seated Cable Row - V Grip (Cable)",,"Taking it slower / form focus",0,"normal",126,10,,,
"Fidi Back","12 Sep 2024, 08:06","12 Sep 2024, 09:10","Feeling sleepy so went slow / lighter","Seated Cable Row - V Grip (Cable)",,"Taking it slower / form focus",1,"normal",126,10,,,
"Fidi Back","12 Sep 2024, 08:06","12 Sep 2024, 09:10","Feeling sleepy so went slow / lighter","Seated Cable Row - V Grip (Cable)",,"Taking it slower / form focus",2,"normal",126,10,,,
"Fidi Back","12 Sep 2024, 08:06","12 Sep 2024, 09:10","Feeling sleepy so went slow / lighter","Reverse Hyperextension",,"",0,"normal",90,10,,,
"Fidi Back","12 Sep 2024, 08:06","12 Sep 2024, 09:10","Feeling sleepy so went slow / lighter","Reverse Hyperextension",,"",1,"normal",90,10,,,
"Fidi Push","11 Sep 2024, 19:59","11 Sep 2024, 20:52","Feel tired so went easy on the compound and did more accessories","Incline Bench Press (Barbell)",,"Moved pretty slow — kinda tired dont wanna push myself too mcuh. Next time prob attempt this same progression",0,"normal",115,5,,,
"Fidi Push","11 Sep 2024, 19:59","11 Sep 2024, 20:52","Feel tired so went easy on the compound and did more accessories","Incline Bench Press (Barbell)",,"Moved pretty slow — kinda tired dont wanna push myself too mcuh. Next time prob attempt this same progression",1,"normal",135,5,,,
"Fidi Push","11 Sep 2024, 19:59","11 Sep 2024, 20:52","Feel tired so went easy on the compound and did more accessories","Incline Bench Press (Barbell)",,"Moved pretty slow — kinda tired dont wanna push myself too mcuh. Next time prob attempt this same progression",2,"normal",135,5,,,
"Fidi Push","11 Sep 2024, 19:59","11 Sep 2024, 20:52","Feel tired so went easy on the compound and did more accessories","Incline Bench Press (Barbell)",,"Moved pretty slow — kinda tired dont wanna push myself too mcuh. Next time prob attempt this same progression",3,"normal",145,5,,,
"Fidi Push","11 Sep 2024, 19:59","11 Sep 2024, 20:52","Feel tired so went easy on the compound and did more accessories","Incline Bench Press (Barbell)",,"Moved pretty slow — kinda tired dont wanna push myself too mcuh. Next time prob attempt this same progression",4,"normal",145,5,,,
"Fidi Push","11 Sep 2024, 19:59","11 Sep 2024, 20:52","Feel tired so went easy on the compound and did more accessories","Incline Bench Press (Barbell)",,"Moved pretty slow — kinda tired dont wanna push myself too mcuh. Next time prob attempt this same progression",5,"failure",115,8,,,
"Fidi Push","11 Sep 2024, 19:59","11 Sep 2024, 20:52","Feel tired so went easy on the compound and did more accessories","Iso-Lateral Chest Press (Machine)",,"Not counting start weight. Total half reps lmao. Pure ego lifting here and trying to just go as close to failure as possible.",0,"failure",90,8,,,
"Fidi Push","11 Sep 2024, 19:59","11 Sep 2024, 20:52","Feel tired so went easy on the compound and did more accessories","Iso-Lateral Chest Press (Machine)",,"Not counting start weight. Total half reps lmao. Pure ego lifting here and trying to just go as close to failure as possible.",1,"failure",90,10,,,
"Fidi Push","11 Sep 2024, 19:59","11 Sep 2024, 20:52","Feel tired so went easy on the compound and did more accessories","Iso-Lateral Chest Press (Machine)",,"Not counting start weight. Total half reps lmao. Pure ego lifting here and trying to just go as close to failure as possible.",2,"failure",90,10,,,
"Fidi Push","11 Sep 2024, 19:59","11 Sep 2024, 20:52","Feel tired so went easy on the compound and did more accessories","Overhead Press (Dumbbell)",,"",0,"normal",70,10,,,
"Fidi Push","11 Sep 2024, 19:59","11 Sep 2024, 20:52","Feel tired so went easy on the compound and did more accessories","Overhead Press (Dumbbell)",,"",1,"failure",75,10,,,
"Fidi Push","11 Sep 2024, 19:59","11 Sep 2024, 20:52","Feel tired so went easy on the compound and did more accessories","Overhead Press (Dumbbell)",,"",2,"failure",75,8,,,
"Fidi Push","11 Sep 2024, 19:59","11 Sep 2024, 20:52","Feel tired so went easy on the compound and did more accessories","Lateral Raise (Dumbbell)",,"",0,"normal",40,10,,,
"Fidi Push","11 Sep 2024, 19:59","11 Sep 2024, 20:52","Feel tired so went easy on the compound and did more accessories","Lateral Raise (Dumbbell)",,"",1,"normal",40,10,,,
"Fidi Push","11 Sep 2024, 19:59","11 Sep 2024, 20:52","Feel tired so went easy on the compound and did more accessories","Lateral Raise (Dumbbell)",,"",2,"normal",40,10,,,
"Fidi Push","11 Sep 2024, 19:59","11 Sep 2024, 20:52","Feel tired so went easy on the compound and did more accessories","Rope Straight Arm Pulldown",,"",0,"normal",44,10,,,
"Fidi Push","11 Sep 2024, 19:59","11 Sep 2024, 20:52","Feel tired so went easy on the compound and did more accessories","Rope Straight Arm Pulldown",,"",1,"normal",44,10,,,
"Fidi Push","11 Sep 2024, 19:59","11 Sep 2024, 20:52","Feel tired so went easy on the compound and did more accessories","Rope Straight Arm Pulldown",,"",2,"normal",44,10,,,
"Fidi Push","11 Sep 2024, 19:59","11 Sep 2024, 20:52","Feel tired so went easy on the compound and did more accessories","Rope Straight Arm Pulldown",,"",0,"normal",44,10,,,
"Fidi Push","11 Sep 2024, 19:59","11 Sep 2024, 20:52","Feel tired so went easy on the compound and did more accessories","Rope Straight Arm Pulldown",,"",1,"normal",44,10,,,
"Fidi Push","11 Sep 2024, 19:59","11 Sep 2024, 20:52","Feel tired so went easy on the compound and did more accessories","Rope Straight Arm Pulldown",,"",2,"normal",44,10,,,
"Fidi Push","11 Sep 2024, 19:59","11 Sep 2024, 20:52","Feel tired so went easy on the compound and did more accessories","Pull Up",,"",0,"normal",,1,,,
"Fidi Push","11 Sep 2024, 19:59","11 Sep 2024, 20:52","Feel tired so went easy on the compound and did more accessories","Pull Up",,"",1,"normal",,1,,,
"Fidi Push","11 Sep 2024, 19:59","11 Sep 2024, 20:52","Feel tired so went easy on the compound and did more accessories","Pull Up",,"",2,"normal",,1,,,
"Fidi Legs","10 Sep 2024, 08:03","10 Sep 2024, 09:00","","Assisted Pistol Squats",,"Started with leg mobility. Touchdown squats for knee recovery x10 each side. Also did pigeon stretch",0,"normal",,20,,,
"Fidi Legs","10 Sep 2024, 08:03","10 Sep 2024, 09:00","","Assisted Pistol Squats",,"Started with leg mobility. Touchdown squats for knee recovery x10 each side. Also did pigeon stretch",1,"normal",,20,,,
"Fidi Legs","10 Sep 2024, 08:03","10 Sep 2024, 09:00","","Assisted Pistol Squats",,"Started with leg mobility. Touchdown squats for knee recovery x10 each side. Also did pigeon stretch",2,"normal",,20,,,
"Fidi Legs","10 Sep 2024, 08:03","10 Sep 2024, 09:00","","Assisted Pistol Squats",,"Started with leg mobility. Touchdown squats for knee recovery x10 each side. Also did pigeon stretch",3,"normal",,20,,,
"Fidi Legs","10 Sep 2024, 08:03","10 Sep 2024, 09:00","","Squat (Barbell)",,"Didnt want to push the knee too much, so just lifted light. Did this with purple resistance band around my shins to help focus on form",0,"normal",135,5,,,
"Fidi Legs","10 Sep 2024, 08:03","10 Sep 2024, 09:00","","Squat (Barbell)",,"Didnt want to push the knee too much, so just lifted light. Did this with purple resistance band around my shins to help focus on form",1,"normal",135,5,,,
"Fidi Legs","10 Sep 2024, 08:03","10 Sep 2024, 09:00","","Squat (Barbell)",,"Didnt want to push the knee too much, so just lifted light. Did this with purple resistance band around my shins to help focus on form",2,"normal",135,8,,,
"Fidi Legs","10 Sep 2024, 08:03","10 Sep 2024, 09:00","","Squat (Barbell)",,"Didnt want to push the knee too much, so just lifted light. Did this with purple resistance band around my shins to help focus on form",3,"normal",135,8,,,
"Fidi Legs","10 Sep 2024, 08:03","10 Sep 2024, 09:00","","Hip Thrust (Machine)",,"Megasussy, counting bar as nothing. Setting 4.",0,"normal",90,15,,,
"Fidi Legs","10 Sep 2024, 08:03","10 Sep 2024, 09:00","","Hip Thrust (Machine)",,"Megasussy, counting bar as nothing. Setting 4.",1,"normal",90,15,,,
"Fidi Legs","10 Sep 2024, 08:03","10 Sep 2024, 09:00","","Hip Thrust (Machine)",,"Megasussy, counting bar as nothing. Setting 4.",2,"normal",90,15,,,
"Fidi Legs","10 Sep 2024, 08:03","10 Sep 2024, 09:00","","Seated Leg Curl (Machine)",,"100 = 10, deflating volume",0,"normal",10,10,,,
"Fidi Legs","10 Sep 2024, 08:03","10 Sep 2024, 09:00","","Seated Leg Curl (Machine)",,"100 = 10, deflating volume",1,"normal",16,10,,,
"Fidi Legs","10 Sep 2024, 08:03","10 Sep 2024, 09:00","","Seated Leg Curl (Machine)",,"100 = 10, deflating volume",2,"normal",16,10,,,
"Fidi Legs","10 Sep 2024, 08:03","10 Sep 2024, 09:00","","Seated Leg Curl (Machine)",,"100 = 10, deflating volume",3,"normal",18,10,,,
"Fidi Legs","10 Sep 2024, 08:03","10 Sep 2024, 09:00","","Split Squat (Dumbbell)",,"",0,"normal",70,10,,,
"Fidi Legs","10 Sep 2024, 08:03","10 Sep 2024, 09:00","","Split Squat (Dumbbell)",,"",1,"normal",70,10,,,
"Fidi Legs","10 Sep 2024, 08:03","10 Sep 2024, 09:00","","Split Squat (Dumbbell)",,"",2,"normal",70,10,,,
"Self prescribed PT","5 Sep 2024, 07:47","5 Sep 2024, 08:23","","Assisted Pistol Squats",,"Touchdown squats for knee recovery with resistance band x5 ea side then x10 ea side",0,"normal",,10,,,
"Self prescribed PT","5 Sep 2024, 07:47","5 Sep 2024, 08:23","","Assisted Pistol Squats",,"Touchdown squats for knee recovery with resistance band x5 ea side then x10 ea side",1,"normal",,10,,,
"Self prescribed PT","5 Sep 2024, 07:47","5 Sep 2024, 08:23","","Assisted Pistol Squats",,"Touchdown squats for knee recovery with resistance band x5 ea side then x10 ea side",2,"normal",,20,,,
"Self prescribed PT","5 Sep 2024, 07:47","5 Sep 2024, 08:23","","Assisted Pistol Squats",,"Touchdown squats for knee recovery with resistance band x5 ea side then x10 ea side",3,"normal",,20,,,
"Self prescribed PT","5 Sep 2024, 07:47","5 Sep 2024, 08:23","","Squat (Bodyweight)",,"With resistance band",0,"normal",,5,,,
"Self prescribed PT","5 Sep 2024, 07:47","5 Sep 2024, 08:23","","Squat (Bodyweight)",,"With resistance band",1,"normal",,5,,,
"Self prescribed PT","5 Sep 2024, 07:47","5 Sep 2024, 08:23","","Squat (Bodyweight)",,"With resistance band",2,"normal",,5,,,
"Self prescribed PT","5 Sep 2024, 07:47","5 Sep 2024, 08:23","","Squat (Bodyweight)",,"With resistance band",3,"normal",,5,,,
"Self prescribed PT","5 Sep 2024, 07:47","5 Sep 2024, 08:23","","Running",,"Running in place in front of mirror to watch form. Noticed that my left foot naturally points out at like 85 degrees and my right foot at a straight 90 which makes it easier for knees to cave jn.",0,"normal",,,,60,
"Posterior Chain","4 Sep 2024, 08:00","4 Sep 2024, 09:02","","Hip Abduction (Machine)",,"Deflate volume, 13 = 10",0,"normal",13,10,,,
"Posterior Chain","4 Sep 2024, 08:00","4 Sep 2024, 09:02","","Hip Abduction (Machine)",,"Deflate volume, 13 = 10",1,"normal",14,10,,,
"Posterior Chain","4 Sep 2024, 08:00","4 Sep 2024, 09:02","","Hip Abduction (Machine)",,"Deflate volume, 13 = 10",2,"normal",12,6,,,
"Posterior Chain","4 Sep 2024, 08:00","4 Sep 2024, 09:02","","Hip Abduction (Machine)",,"Deflate volume, 13 = 10",3,"normal",11,4,,,
"Posterior Chain","4 Sep 2024, 08:00","4 Sep 2024, 09:02","","Deadlift (Barbell)",,"Knee started feeling weird after last set, playing it safe",0,"normal",135,5,,,
"Posterior Chain","4 Sep 2024, 08:00","4 Sep 2024, 09:02","","Deadlift (Barbell)",,"Knee started feeling weird after last set, playing it safe",1,"normal",135,5,,,
"Posterior Chain","4 Sep 2024, 08:00","4 Sep 2024, 09:02","","Deadlift (Barbell)",,"Knee started feeling weird after last set, playing it safe",2,"normal",135,5,,,
"Posterior Chain","4 Sep 2024, 08:00","4 Sep 2024, 09:02","","Deadlift (Barbell)",,"Knee started feeling weird after last set, playing it safe",3,"normal",185,5,,,
"Posterior Chain","4 Sep 2024, 08:00","4 Sep 2024, 09:02","","Deadlift (Barbell)",,"Knee started feeling weird after last set, playing it safe",4,"normal",185,5,,,
"Posterior Chain","4 Sep 2024, 08:00","4 Sep 2024, 09:02","","Deadlift (Barbell)",,"Knee started feeling weird after last set, playing it safe",5,"normal",235,5,,,
"Posterior Chain","4 Sep 2024, 08:00","4 Sep 2024, 09:02","","Seated Cable Row - V Grip (Cable)",,"Swinging a lot lol",0,"normal",143,10,,,
"Posterior Chain","4 Sep 2024, 08:00","4 Sep 2024, 09:02","","Seated Cable Row - V Grip (Cable)",,"Swinging a lot lol",1,"normal",143,10,,,
"Posterior Chain","4 Sep 2024, 08:00","4 Sep 2024, 09:02","","Seated Cable Row - V Grip (Cable)",,"Swinging a lot lol",2,"normal",165,10,,,
"Posterior Chain","4 Sep 2024, 08:00","4 Sep 2024, 09:02","","Seated Cable Row - V Grip (Cable)",,"Swinging a lot lol",3,"normal",165,10,,,
"Posterior Chain","4 Sep 2024, 08:00","4 Sep 2024, 09:02","","Seated Leg Curl (Machine)",,"100 = 10 deflating volume, kinda half repped the last one",0,"normal",10,10,,,
"Posterior Chain","4 Sep 2024, 08:00","4 Sep 2024, 09:02","","Seated Leg Curl (Machine)",,"100 = 10 deflating volume, kinda half repped the last one",1,"normal",16,10,,,
"Posterior Chain","4 Sep 2024, 08:00","4 Sep 2024, 09:02","","Seated Leg Curl (Machine)",,"100 = 10 deflating volume, kinda half repped the last one",2,"normal",20,10,,,
"Posterior Chain","4 Sep 2024, 08:00","4 Sep 2024, 09:02","","Reverse Hyperextension",,"",0,"normal",90,10,,,
"Posterior Chain","4 Sep 2024, 08:00","4 Sep 2024, 09:02","","Reverse Hyperextension",,"",1,"normal",90,10,,,
"Posterior Chain","4 Sep 2024, 08:00","4 Sep 2024, 09:02","","Reverse Hyperextension",,"",2,"normal",90,10,,,
"Fidi Push","3 Sep 2024, 08:34","3 Sep 2024, 09:12","","Incline Bench Press (Barbell)",,"",0,"normal",115,5,,,
"Fidi Push","3 Sep 2024, 08:34","3 Sep 2024, 09:12","","Incline Bench Press (Barbell)",,"",1,"normal",125,5,,,
"Fidi Push","3 Sep 2024, 08:34","3 Sep 2024, 09:12","","Incline Bench Press (Barbell)",,"",2,"normal",125,5,,,
"Fidi Push","3 Sep 2024, 08:34","3 Sep 2024, 09:12","","Incline Bench Press (Barbell)",,"",3,"normal",135,5,,,
"Fidi Push","3 Sep 2024, 08:34","3 Sep 2024, 09:12","","Incline Bench Press (Barbell)",,"",4,"normal",135,5,,,
"Fidi Push","3 Sep 2024, 08:34","3 Sep 2024, 09:12","","Overhead Press (Dumbbell)",,"",0,"normal",60,10,,,
"Fidi Push","3 Sep 2024, 08:34","3 Sep 2024, 09:12","","Overhead Press (Dumbbell)",,"",1,"normal",70,10,,,
"Fidi Push","3 Sep 2024, 08:34","3 Sep 2024, 09:12","","Overhead Press (Dumbbell)",,"",2,"normal",70,10,,,
"Fidi Push","3 Sep 2024, 08:34","3 Sep 2024, 09:12","","Iso-Lateral Chest Press (Machine)",,"Narrow grip — they were kinda half reps tho",0,"normal",100,10,,,
"Fidi Push","3 Sep 2024, 08:34","3 Sep 2024, 09:12","","Iso-Lateral Chest Press (Machine)",,"Narrow grip — they were kinda half reps tho",1,"normal",100,10,,,
"Fidi Push","3 Sep 2024, 08:34","3 Sep 2024, 09:12","","Iso-Lateral Chest Press (Machine)",,"Narrow grip — they were kinda half reps tho",2,"normal",100,10,,,
"Fidi Push","3 Sep 2024, 08:34","3 Sep 2024, 09:12","","Clamshell",,"",0,"normal",,12,,,
"Post yoga","1 Sep 2024, 11:19","1 Sep 2024, 11:31","Just to log the fact that I went in the gym today — did yoga class and some biking","Sled Push",,"45 + 35",0,"normal",,,0.01,300,
"Post yoga","1 Sep 2024, 11:19","1 Sep 2024, 11:31","Just to log the fact that I went in the gym today — did yoga class and some biking","Hip Adduction (Machine)",,"Deflate volume, 150 = 15",0,"normal",15,15,,,
"Post yoga","1 Sep 2024, 11:19","1 Sep 2024, 11:31","Just to log the fact that I went in the gym today — did yoga class and some biking","Hip Adduction (Machine)",,"Deflate volume, 150 = 15",1,"normal",16,15,,,
"Post yoga","1 Sep 2024, 11:19","1 Sep 2024, 11:31","Just to log the fact that I went in the gym today — did yoga class and some biking","Hip Adduction (Machine)",,"Deflate volume, 150 = 15",2,"normal",17,15,,,
"Post yoga","1 Sep 2024, 11:19","1 Sep 2024, 11:31","Just to log the fact that I went in the gym today — did yoga class and some biking","Hip Adduction (Machine)",,"Deflate volume, 150 = 15",3,"normal",18,15,,,
"Chill","30 Aug 2024, 18:07","30 Aug 2024, 18:47","Did a lot of stretching in between","Rear Delt Reverse Fly (Cable)",,"",0,"normal",10,10,,,
"Chill","30 Aug 2024, 18:07","30 Aug 2024, 18:47","Did a lot of stretching in between","Rear Delt Reverse Fly (Cable)",,"",1,"normal",10,10,,,
"Chill","30 Aug 2024, 18:07","30 Aug 2024, 18:47","Did a lot of stretching in between","Rear Delt Reverse Fly (Cable)",,"",2,"normal",20,10,,,
"Chill","30 Aug 2024, 18:07","30 Aug 2024, 18:47","Did a lot of stretching in between","Rear Delt Reverse Fly (Cable)",,"",3,"normal",30,10,,,
"Chill","30 Aug 2024, 18:07","30 Aug 2024, 18:47","Did a lot of stretching in between","Rear Delt Reverse Fly (Cable)",,"",4,"normal",30,10,,,
"Chill","30 Aug 2024, 18:07","30 Aug 2024, 18:47","Did a lot of stretching in between","Low Cable Fly Crossovers",,"",0,"normal",30,10,,,
"Chill","30 Aug 2024, 18:07","30 Aug 2024, 18:47","Did a lot of stretching in between","Low Cable Fly Crossovers",,"",1,"normal",30,10,,,
"Chill","30 Aug 2024, 18:07","30 Aug 2024, 18:47","Did a lot of stretching in between","Low Cable Fly Crossovers",,"",2,"normal",30,10,,,
"Chill","30 Aug 2024, 18:07","30 Aug 2024, 18:47","Did a lot of stretching in between","Low Cable Fly Crossovers",,"",3,"normal",30,10,,,
"Chill","30 Aug 2024, 18:07","30 Aug 2024, 18:47","Did a lot of stretching in between","Split Squat (Dumbbell)",,"Supersetted with hip mobility and stretching",0,"normal",70,10,,,
"Chill","30 Aug 2024, 18:07","30 Aug 2024, 18:47","Did a lot of stretching in between","Split Squat (Dumbbell)",,"Supersetted with hip mobility and stretching",1,"normal",70,10,,,
"Chill","30 Aug 2024, 18:07","30 Aug 2024, 18:47","Did a lot of stretching in between","Split Squat (Dumbbell)",,"Supersetted with hip mobility and stretching",2,"normal",70,10,,,
"Chill","30 Aug 2024, 18:07","30 Aug 2024, 18:47","Did a lot of stretching in between","Leg Press Horizontal (Machine)",,"Deflating volume, 20 = 200, also bc the thing is a lil shaky so hard to hit depth",0,"normal",20,10,,,
"Chill","30 Aug 2024, 18:07","30 Aug 2024, 18:47","Did a lot of stretching in between","Leg Press Horizontal (Machine)",,"Deflating volume, 20 = 200, also bc the thing is a lil shaky so hard to hit depth",1,"normal",20,10,,,
"Chill","30 Aug 2024, 18:07","30 Aug 2024, 18:47","Did a lot of stretching in between","Leg Press Horizontal (Machine)",,"Deflating volume, 20 = 200, also bc the thing is a lil shaky so hard to hit depth",2,"normal",20,10,,,
"Push","29 Aug 2024, 07:57","29 Aug 2024, 08:55","","Incline Bench Press (Barbell)",,"",0,"normal",115,5,,,
"Push","29 Aug 2024, 07:57","29 Aug 2024, 08:55","","Incline Bench Press (Barbell)",,"",1,"normal",125,5,,,
"Push","29 Aug 2024, 07:57","29 Aug 2024, 08:55","","Incline Bench Press (Barbell)",,"",2,"normal",125,5,,,
"Push","29 Aug 2024, 07:57","29 Aug 2024, 08:55","","Incline Bench Press (Barbell)",,"",3,"normal",135,5,,,
"Push","29 Aug 2024, 07:57","29 Aug 2024, 08:55","","Incline Bench Press (Barbell)",,"",4,"normal",135,5,,,
"Push","29 Aug 2024, 07:57","29 Aug 2024, 08:55","","Incline Bench Press (Barbell)",,"",5,"normal",145,5,,,
"Push","29 Aug 2024, 07:57","29 Aug 2024, 08:55","","Iso-Lateral Chest Press (Machine)",,"Narrow grip",0,"normal",90,8,,,
"Push","29 Aug 2024, 07:57","29 Aug 2024, 08:55","","Iso-Lateral Chest Press (Machine)",,"Narrow grip",1,"normal",90,8,,,
"Push","29 Aug 2024, 07:57","29 Aug 2024, 08:55","","Iso-Lateral Chest Press (Machine)",,"Narrow grip",2,"normal",90,8,,,
"Push","29 Aug 2024, 07:57","29 Aug 2024, 08:55","","Iso-Lateral Chest Press (Machine)",,"Narrow grip",3,"normal",90,8,,,
"Push","29 Aug 2024, 07:57","29 Aug 2024, 08:55","","Overhead Press (Dumbbell)",,"",0,"normal",60,10,,,
"Push","29 Aug 2024, 07:57","29 Aug 2024, 08:55","","Overhead Press (Dumbbell)",,"",1,"normal",80,8,,,
"Push","29 Aug 2024, 07:57","29 Aug 2024, 08:55","","Overhead Press (Dumbbell)",,"",2,"normal",80,8,,,
"Push","29 Aug 2024, 07:57","29 Aug 2024, 08:55","","Overhead Press (Dumbbell)",,"",3,"normal",80,8,,,
"Posterior Chain","28 Aug 2024, 20:07","28 Aug 2024, 21:17","Big back day","Clean",,"Felt a lil full from dinner so 4th set didnt feel great — slowed down and kept the weight",0,"normal",115,5,,,
"Posterior Chain","28 Aug 2024, 20:07","28 Aug 2024, 21:17","Big back day","Clean",,"Felt a lil full from dinner so 4th set didnt feel great — slowed down and kept the weight",1,"normal",115,5,,,
"Posterior Chain","28 Aug 2024, 20:07","28 Aug 2024, 21:17","Big back day","Clean",,"Felt a lil full from dinner so 4th set didnt feel great — slowed down and kept the weight",2,"normal",135,5,,,
"Posterior Chain","28 Aug 2024, 20:07","28 Aug 2024, 21:17","Big back day","Clean",,"Felt a lil full from dinner so 4th set didnt feel great — slowed down and kept the weight",3,"normal",155,4,,,
"Posterior Chain","28 Aug 2024, 20:07","28 Aug 2024, 21:17","Big back day","Clean",,"Felt a lil full from dinner so 4th set didnt feel great — slowed down and kept the weight",4,"normal",155,4,,,
"Posterior Chain","28 Aug 2024, 20:07","28 Aug 2024, 21:17","Big back day","Clean",,"Felt a lil full from dinner so 4th set didnt feel great — slowed down and kept the weight",5,"normal",155,4,,,
"Posterior Chain","28 Aug 2024, 20:07","28 Aug 2024, 21:17","Big back day","Deadlift (Barbell)",,"",0,"normal",155,5,,,
"Posterior Chain","28 Aug 2024, 20:07","28 Aug 2024, 21:17","Big back day","Deadlift (Barbell)",,"",1,"normal",205,5,,,
"Posterior Chain","28 Aug 2024, 20:07","28 Aug 2024, 21:17","Big back day","Deadlift (Barbell)",,"",2,"normal",205,5,,,
"Posterior Chain","28 Aug 2024, 20:07","28 Aug 2024, 21:17","Big back day","Deadlift (Barbell)",,"",3,"normal",225,5,,,
"Posterior Chain","28 Aug 2024, 20:07","28 Aug 2024, 21:17","Big back day","Deadlift (Barbell)",,"",4,"normal",245,4,,,
"Posterior Chain","28 Aug 2024, 20:07","28 Aug 2024, 21:17","Big back day","Landmine Row",,"More of a spine stabilization exercise than anything",0,"normal",90,12,,,
"Posterior Chain","28 Aug 2024, 20:07","28 Aug 2024, 21:17","Big back day","Landmine Row",,"More of a spine stabilization exercise than anything",1,"normal",135,8,,,
"Posterior Chain","28 Aug 2024, 20:07","28 Aug 2024, 21:17","Big back day","Landmine Row",,"More of a spine stabilization exercise than anything",2,"normal",135,10,,,
"Posterior Chain","28 Aug 2024, 20:07","28 Aug 2024, 21:17","Big back day","Landmine Row",,"More of a spine stabilization exercise than anything",3,"normal",135,10,,,
"Posterior Chain","28 Aug 2024, 20:07","28 Aug 2024, 21:17","Big back day","Reverse Hyperextension",,"",0,"normal",100,10,,,
"Posterior Chain","28 Aug 2024, 20:07","28 Aug 2024, 21:17","Big back day","Reverse Hyperextension",,"",1,"normal",100,10,,,
"Posterior Chain","28 Aug 2024, 20:07","28 Aug 2024, 21:17","Big back day","Reverse Hyperextension",,"",2,"normal",100,10,,,
"Posterior Chain","28 Aug 2024, 20:07","28 Aug 2024, 21:17","Big back day","Pull Up",,"",0,"normal",,1,,,
"Posterior Chain","28 Aug 2024, 20:07","28 Aug 2024, 21:17","Big back day","Pull Up",,"",1,"normal",,1,,,
"Posterior Chain","28 Aug 2024, 20:07","28 Aug 2024, 21:17","Big back day","Pull Up",,"",2,"normal",,1,,,
"Legs","27 Aug 2024, 08:32","27 Aug 2024, 09:16","","Squat (Barbell)",,"Felt a lil unstable / uneven on my way down. May bring my squat shoes… need to stabilize core better",0,"normal",135,5,,,
"Legs","27 Aug 2024, 08:32","27 Aug 2024, 09:16","","Squat (Barbell)",,"Felt a lil unstable / uneven on my way down. May bring my squat shoes… need to stabilize core better",1,"normal",185,5,,,
"Legs","27 Aug 2024, 08:32","27 Aug 2024, 09:16","","Squat (Barbell)",,"Felt a lil unstable / uneven on my way down. May bring my squat shoes… need to stabilize core better",2,"normal",185,6,,,
"Legs","27 Aug 2024, 08:32","27 Aug 2024, 09:16","","Squat (Barbell)",,"Felt a lil unstable / uneven on my way down. May bring my squat shoes… need to stabilize core better",3,"normal",185,6,,,
"Legs","27 Aug 2024, 08:32","27 Aug 2024, 09:16","","Squat (Barbell)",,"Felt a lil unstable / uneven on my way down. May bring my squat shoes… need to stabilize core better",4,"normal",205,6,,,
"Legs","27 Aug 2024, 08:32","27 Aug 2024, 09:16","","Hip Thrust (Machine)",,"Megasussy, counting bar as nothing",0,"normal",70,15,,,
"Legs","27 Aug 2024, 08:32","27 Aug 2024, 09:16","","Hip Thrust (Machine)",,"Megasussy, counting bar as nothing",1,"normal",90,15,,,
"Legs","27 Aug 2024, 08:32","27 Aug 2024, 09:16","","Hip Thrust (Machine)",,"Megasussy, counting bar as nothing",2,"normal",90,15,,,
"Legs","27 Aug 2024, 08:32","27 Aug 2024, 09:16","","Hip Abduction (Machine)",,"Deflate volume, 110 = 11",0,"normal",11,10,,,
"Legs","27 Aug 2024, 08:32","27 Aug 2024, 09:16","","Hip Abduction (Machine)",,"Deflate volume, 110 = 11",1,"normal",12,10,,,
"Legs","27 Aug 2024, 08:32","27 Aug 2024, 09:16","","Hip Abduction (Machine)",,"Deflate volume, 110 = 11",2,"normal",13,10,,,
"Legs","27 Aug 2024, 08:32","27 Aug 2024, 09:16","","Hip Adduction (Machine)",,"Deflate volume, 140 = 14",0,"normal",14,10,,,
"Legs","27 Aug 2024, 08:32","27 Aug 2024, 09:16","","Hip Adduction (Machine)",,"Deflate volume, 140 = 14",1,"normal",14,10,,,
"Legs","27 Aug 2024, 08:32","27 Aug 2024, 09:16","","Hip Adduction (Machine)",,"Deflate volume, 140 = 14",2,"normal",14,10,,,
"Just to log the fact that I was in the gym","20 Aug 2024, 08:51","20 Aug 2024, 09:03","Did a hiit class today","Deadlift (Barbell)",,"Quick",0,"normal",135,5,,,
"Just to log the fact that I was in the gym","20 Aug 2024, 08:51","20 Aug 2024, 09:03","Did a hiit class today","Deadlift (Barbell)",,"Quick",1,"normal",205,5,,,
"Just to log the fact that I was in the gym","20 Aug 2024, 08:51","20 Aug 2024, 09:03","Did a hiit class today","Deadlift (Barbell)",,"Quick",2,"normal",205,5,,,
"Quick","19 Aug 2024, 08:18","19 Aug 2024, 08:31","Before a run","Lat Pulldown (Cable)",,"",0,"normal",120,8,,,
"Quick","19 Aug 2024, 08:18","19 Aug 2024, 08:31","Before a run","Lat Pulldown (Cable)",,"",1,"normal",120,8,,,
"Quick","19 Aug 2024, 08:18","19 Aug 2024, 08:31","Before a run","Lat Pulldown (Cable)",,"",2,"normal",120,10,,,
"Quick","19 Aug 2024, 08:18","19 Aug 2024, 08:31","Before a run","Lateral Raise (Dumbbell)",,"",0,"normal",40,8,,,
"Quick","19 Aug 2024, 08:18","19 Aug 2024, 08:31","Before a run","Lateral Raise (Dumbbell)",,"",1,"normal",40,10,,,
"Quick","19 Aug 2024, 08:18","19 Aug 2024, 08:31","Before a run","Lateral Raise (Dumbbell)",,"",2,"normal",40,10,,,
"Quick","19 Aug 2024, 08:18","19 Aug 2024, 08:31","Before a run","Low Cable Fly Crossovers",,"",0,"normal",30,10,,,
"Quick","19 Aug 2024, 08:18","19 Aug 2024, 08:31","Before a run","Low Cable Fly Crossovers",,"",1,"normal",30,10,,,
"Quick","19 Aug 2024, 08:18","19 Aug 2024, 08:31","Before a run","Low Cable Fly Crossovers",,"",2,"normal",30,10,,,
"Quick before spin class","18 Aug 2024, 10:13","18 Aug 2024, 10:26","","Iso-Lateral Chest Press (Machine)",,"Two 45’s each side",0,"normal",90,8,,,
"Quick before spin class","18 Aug 2024, 10:13","18 Aug 2024, 10:26","","Iso-Lateral Chest Press (Machine)",,"Two 45’s each side",1,"normal",90,8,,,
"Quick before spin class","18 Aug 2024, 10:13","18 Aug 2024, 10:26","","Iso-Lateral Chest Press (Machine)",,"Two 45’s each side",2,"normal",90,8,,,
"Quick before spin class","18 Aug 2024, 10:13","18 Aug 2024, 10:26","","Lat Pulldown (Machine)",,"45’s on each side",0,"normal",90,10,,,
"Quick before spin class","18 Aug 2024, 10:13","18 Aug 2024, 10:26","","Lat Pulldown (Machine)",,"45’s on each side",1,"normal",90,12,,,
"Quick before spin class","18 Aug 2024, 10:13","18 Aug 2024, 10:26","","Lat Pulldown (Machine)",,"45’s on each side",2,"normal",90,12,,,
"Quick before spin class","18 Aug 2024, 10:13","18 Aug 2024, 10:26","","Lat Pulldown (Machine)",,"45’s on each side",3,"normal",90,12,,,
"Quick","17 Aug 2024, 19:13","17 Aug 2024, 19:35","At home gym","Incline Bench Press (Barbell)",,"",0,"normal",115,5,,,
"Quick","17 Aug 2024, 19:13","17 Aug 2024, 19:35","At home gym","Incline Bench Press (Barbell)",,"",1,"normal",115,6,,,
"Quick","17 Aug 2024, 19:13","17 Aug 2024, 19:35","At home gym","Incline Bench Press (Barbell)",,"",2,"normal",115,8,,,
"Quick","17 Aug 2024, 19:13","17 Aug 2024, 19:35","At home gym","Pull Up",,"",0,"normal",,1,,,
"Quick","17 Aug 2024, 19:13","17 Aug 2024, 19:35","At home gym","Pull Up",,"",1,"normal",,1,,,
"Quick","17 Aug 2024, 19:13","17 Aug 2024, 19:35","At home gym","Pull Up",,"",2,"normal",,1,,,
"Quick","17 Aug 2024, 19:13","17 Aug 2024, 19:35","At home gym","Pull Up",,"",3,"normal",,1,,,
"Quick","17 Aug 2024, 19:13","17 Aug 2024, 19:35","At home gym","Pull Up",,"",4,"normal",,1,,,
"Quick","17 Aug 2024, 19:13","17 Aug 2024, 19:35","At home gym","Bent Over Row (Barbell)",,"Overhand, went fast",0,"normal",115,10,,,
"Quick","17 Aug 2024, 19:13","17 Aug 2024, 19:35","At home gym","Bent Over Row (Barbell)",,"Overhand, went fast",1,"normal",115,10,,,
"Quick","17 Aug 2024, 19:13","17 Aug 2024, 19:35","At home gym","Bent Over Row (Barbell)",,"Overhand, went fast",2,"normal",115,10,,,
"Quick","17 Aug 2024, 19:13","17 Aug 2024, 19:35","At home gym","Overhead Press (Dumbbell)",,"",0,"normal",80,8,,,
"Quick","17 Aug 2024, 19:13","17 Aug 2024, 19:35","At home gym","Overhead Press (Dumbbell)",,"",1,"normal",80,8,,,
"Quick","17 Aug 2024, 19:13","17 Aug 2024, 19:35","At home gym","Overhead Press (Dumbbell)",,"",2,"normal",80,8,,,
"Quick","17 Aug 2024, 19:13","17 Aug 2024, 19:35","At home gym","Lateral Raise (Dumbbell)",,"",0,"normal",40,8,,,
"Quick","17 Aug 2024, 19:13","17 Aug 2024, 19:35","At home gym","Lateral Raise (Dumbbell)",,"",1,"normal",40,10,,,
"Quick","17 Aug 2024, 19:13","17 Aug 2024, 19:35","At home gym","Lateral Raise (Dumbbell)",,"",2,"normal",40,10,,,
"Quick Pull","14 Aug 2024, 08:09","14 Aug 2024, 08:43","","Clean",,"",0,"normal",95,5,,,
"Quick Pull","14 Aug 2024, 08:09","14 Aug 2024, 08:43","","Clean",,"",1,"normal",145,3,,,
"Quick Pull","14 Aug 2024, 08:09","14 Aug 2024, 08:43","","Clean",,"",2,"normal",145,4,,,
"Quick Pull","14 Aug 2024, 08:09","14 Aug 2024, 08:43","","Clean",,"",3,"normal",145,5,,,
"Quick Pull","14 Aug 2024, 08:09","14 Aug 2024, 08:43","","Clean",,"",4,"normal",145,6,,,
"Quick Pull","14 Aug 2024, 08:09","14 Aug 2024, 08:43","","Seated Cable Row - V Grip (Cable)",,"",0,"normal",126,10,,,
"Quick Pull","14 Aug 2024, 08:09","14 Aug 2024, 08:43","","Seated Cable Row - V Grip (Cable)",,"",1,"normal",143,10,,,
"Quick Pull","14 Aug 2024, 08:09","14 Aug 2024, 08:43","","Seated Cable Row - V Grip (Cable)",,"",2,"normal",143,10,,,
"Quick Pull","14 Aug 2024, 08:09","14 Aug 2024, 08:43","","Seated Cable Row - V Grip (Cable)",,"",3,"normal",143,10,,,
"Quick Pull","14 Aug 2024, 08:09","14 Aug 2024, 08:43","","Pull Up",,"Sprinkled these in randomly tjrougjout the day",0,"normal",,1,,,
"Quick Pull","14 Aug 2024, 08:09","14 Aug 2024, 08:43","","Pull Up",,"Sprinkled these in randomly tjrougjout the day",1,"normal",,1,,,
"Quick Pull","14 Aug 2024, 08:09","14 Aug 2024, 08:43","","Pull Up",,"Sprinkled these in randomly tjrougjout the day",2,"normal",,1,,,
"Quick Pull","14 Aug 2024, 08:09","14 Aug 2024, 08:43","","Pull Up",,"Sprinkled these in randomly tjrougjout the day",3,"normal",,1,,,
"Quick Pull","14 Aug 2024, 08:09","14 Aug 2024, 08:43","","Pull Up",,"Sprinkled these in randomly tjrougjout the day",4,"normal",,1,,,
"Legs","13 Aug 2024, 06:58","13 Aug 2024, 07:34","","Squat (Barbell)",,"Low bar at da apartment gym. Slow morning still waking up i dont like morning workouts .-.",0,"normal",115,5,,,
"Legs","13 Aug 2024, 06:58","13 Aug 2024, 07:34","","Squat (Barbell)",,"Low bar at da apartment gym. Slow morning still waking up i dont like morning workouts .-.",1,"normal",115,5,,,
"Legs","13 Aug 2024, 06:58","13 Aug 2024, 07:34","","Squat (Barbell)",,"Low bar at da apartment gym. Slow morning still waking up i dont like morning workouts .-.",2,"normal",115,5,,,
"Legs","13 Aug 2024, 06:58","13 Aug 2024, 07:34","","Squat (Barbell)",,"Low bar at da apartment gym. Slow morning still waking up i dont like morning workouts .-.",3,"normal",165,5,,,
"Legs","13 Aug 2024, 06:58","13 Aug 2024, 07:34","","Squat (Barbell)",,"Low bar at da apartment gym. Slow morning still waking up i dont like morning workouts .-.",4,"normal",165,5,,,
"Legs","13 Aug 2024, 06:58","13 Aug 2024, 07:34","","Squat (Barbell)",,"Low bar at da apartment gym. Slow morning still waking up i dont like morning workouts .-.",5,"normal",165,8,,,
"Legs","13 Aug 2024, 06:58","13 Aug 2024, 07:34","","Low Cable Fly Crossovers",,"",0,"normal",30,5,,,
"Legs","13 Aug 2024, 06:58","13 Aug 2024, 07:34","","Low Cable Fly Crossovers",,"",1,"normal",30,10,,,
"Legs","13 Aug 2024, 06:58","13 Aug 2024, 07:34","","Low Cable Fly Crossovers",,"",2,"normal",30,10,,,
"Legs","13 Aug 2024, 06:58","13 Aug 2024, 07:34","","Low Cable Fly Crossovers",,"",3,"normal",30,10,,,
"Legs","13 Aug 2024, 06:58","13 Aug 2024, 07:34","","Lunge (Dumbbell)",,"",0,"normal",70,16,,,
"Legs","13 Aug 2024, 06:58","13 Aug 2024, 07:34","","Lunge (Dumbbell)",,"",1,"normal",70,20,,,
"Legs","13 Aug 2024, 06:58","13 Aug 2024, 07:34","","Lunge (Dumbbell)",,"",2,"normal",70,20,,,
"Legs","13 Aug 2024, 06:58","13 Aug 2024, 07:34","","Lunge (Dumbbell)",,"",3,"normal",70,20,,,
"Legs","13 Aug 2024, 06:58","13 Aug 2024, 07:34","","Triceps Rope Pushdown",,"",0,"normal",45,6,,,
"Legs","13 Aug 2024, 06:58","13 Aug 2024, 07:34","","Triceps Rope Pushdown",,"",1,"normal",45,10,,,
"Legs","13 Aug 2024, 06:58","13 Aug 2024, 07:34","","Triceps Rope Pushdown",,"",2,"normal",45,10,,,
"Legs","13 Aug 2024, 06:58","13 Aug 2024, 07:34","","Rope Straight Arm Pulldown",,"",0,"normal",45,6,,,
"Legs","13 Aug 2024, 06:58","13 Aug 2024, 07:34","","Rope Straight Arm Pulldown",,"",1,"normal",45,10,,,
"Legs","13 Aug 2024, 06:58","13 Aug 2024, 07:34","","Rope Straight Arm Pulldown",,"",2,"normal",45,10,,,
"Quik","9 Aug 2024, 20:12","9 Aug 2024, 20:35","","Overhead Press (Barbell)",,"",0,"normal",70,5,,,
"Quik","9 Aug 2024, 20:12","9 Aug 2024, 20:35","","Overhead Press (Barbell)",,"",1,"normal",70,5,,,
"Quik","9 Aug 2024, 20:12","9 Aug 2024, 20:35","","Overhead Press (Barbell)",,"",2,"normal",70,6,,,
"Quik","9 Aug 2024, 20:12","9 Aug 2024, 20:35","","Overhead Press (Barbell)",,"",3,"normal",70,6,,,
"Quik","9 Aug 2024, 20:12","9 Aug 2024, 20:35","","Overhead Press (Barbell)",,"",4,"normal",70,8,,,
"Quik","9 Aug 2024, 20:12","9 Aug 2024, 20:35","","Front Raise (Dumbbell)",,"",0,"normal",40,6,,,
"Quik","9 Aug 2024, 20:12","9 Aug 2024, 20:35","","Front Raise (Dumbbell)",,"",1,"normal",40,6,,,
"Quik","9 Aug 2024, 20:12","9 Aug 2024, 20:35","","Front Raise (Dumbbell)",,"",2,"normal",40,6,,,
"Quik","9 Aug 2024, 20:12","9 Aug 2024, 20:35","","Lateral Raise (Dumbbell)",,"",0,"normal",40,8,,,
"Quik","9 Aug 2024, 20:12","9 Aug 2024, 20:35","","Lateral Raise (Dumbbell)",,"",1,"normal",40,8,,,
"Quik","9 Aug 2024, 20:12","9 Aug 2024, 20:35","","Lateral Raise (Dumbbell)",,"",2,"normal",40,8,,,
"Quik","9 Aug 2024, 20:12","9 Aug 2024, 20:35","","Lateral Raise (Cable)",,"Bands only",0,"normal",10,10,,,
"Quik","9 Aug 2024, 20:12","9 Aug 2024, 20:35","","Lateral Raise (Cable)",,"Bands only",1,"normal",20,8,,,
"Quik","9 Aug 2024, 20:12","9 Aug 2024, 20:35","","Lateral Raise (Cable)",,"Bands only",2,"normal",20,8,,,
"Ben Dover","8 Aug 2024, 19:31","8 Aug 2024, 20:11","Most exercises were done bent over 😘. Last day of crunch free trial. Space is huge and lots of available equipment. Think I’ll sign up and hopefully this helps me get back on my grind","Bent Over Row (Barbell)",,"Underhand focusing on TUT",0,"normal",95,10,,,
"Ben Dover","8 Aug 2024, 19:31","8 Aug 2024, 20:11","Most exercises were done bent over 😘. Last day of crunch free trial. Space is huge and lots of available equipment. Think I’ll sign up and hopefully this helps me get back on my grind","Bent Over Row (Barbell)",,"Underhand focusing on TUT",1,"normal",115,10,,,
"Ben Dover","8 Aug 2024, 19:31","8 Aug 2024, 20:11","Most exercises were done bent over 😘. Last day of crunch free trial. Space is huge and lots of available equipment. Think I’ll sign up and hopefully this helps me get back on my grind","Bent Over Row (Barbell)",,"Underhand focusing on TUT",2,"normal",115,10,,,
"Ben Dover","8 Aug 2024, 19:31","8 Aug 2024, 20:11","Most exercises were done bent over 😘. Last day of crunch free trial. Space is huge and lots of available equipment. Think I’ll sign up and hopefully this helps me get back on my grind","Bent Over Row (Barbell)",,"Underhand focusing on TUT",3,"normal",115,10,,,
"Ben Dover","8 Aug 2024, 19:31","8 Aug 2024, 20:11","Most exercises were done bent over 😘. Last day of crunch free trial. Space is huge and lots of available equipment. Think I’ll sign up and hopefully this helps me get back on my grind","Rear Delt Reverse Fly (Dumbbell)",,"",0,"normal",20,10,,,
"Ben Dover","8 Aug 2024, 19:31","8 Aug 2024, 20:11","Most exercises were done bent over 😘. Last day of crunch free trial. Space is huge and lots of available equipment. Think I’ll sign up and hopefully this helps me get back on my grind","Rear Delt Reverse Fly (Dumbbell)",,"",1,"normal",50,6,,,
"Ben Dover","8 Aug 2024, 19:31","8 Aug 2024, 20:11","Most exercises were done bent over 😘. Last day of crunch free trial. Space is huge and lots of available equipment. Think I’ll sign up and hopefully this helps me get back on my grind","Rear Delt Reverse Fly (Dumbbell)",,"",2,"normal",50,6,,,
"Ben Dover","8 Aug 2024, 19:31","8 Aug 2024, 20:11","Most exercises were done bent over 😘. Last day of crunch free trial. Space is huge and lots of available equipment. Think I’ll sign up and hopefully this helps me get back on my grind","Rear Delt Reverse Fly (Dumbbell)",,"",3,"normal",50,6,,,
"Ben Dover","8 Aug 2024, 19:31","8 Aug 2024, 20:11","Most exercises were done bent over 😘. Last day of crunch free trial. Space is huge and lots of available equipment. Think I’ll sign up and hopefully this helps me get back on my grind","Reverse Hyperextension",,"",0,"normal",50,6,,,
"Ben Dover","8 Aug 2024, 19:31","8 Aug 2024, 20:11","Most exercises were done bent over 😘. Last day of crunch free trial. Space is huge and lots of available equipment. Think I’ll sign up and hopefully this helps me get back on my grind","Reverse Hyperextension",,"",1,"normal",50,10,,,
"Ben Dover","8 Aug 2024, 19:31","8 Aug 2024, 20:11","Most exercises were done bent over 😘. Last day of crunch free trial. Space is huge and lots of available equipment. Think I’ll sign up and hopefully this helps me get back on my grind","Reverse Hyperextension",,"",2,"normal",100,10,,,
"Ben Dover","8 Aug 2024, 19:31","8 Aug 2024, 20:11","Most exercises were done bent over 😘. Last day of crunch free trial. Space is huge and lots of available equipment. Think I’ll sign up and hopefully this helps me get back on my grind","Reverse Hyperextension",,"",3,"normal",100,10,,,
"Ben Dover","8 Aug 2024, 19:31","8 Aug 2024, 20:11","Most exercises were done bent over 😘. Last day of crunch free trial. Space is huge and lots of available equipment. Think I’ll sign up and hopefully this helps me get back on my grind","Rope Straight Arm Pulldown",0,"",0,"normal",44,10,,,
"Ben Dover","8 Aug 2024, 19:31","8 Aug 2024, 20:11","Most exercises were done bent over 😘. Last day of crunch free trial. Space is huge and lots of available equipment. Think I’ll sign up and hopefully this helps me get back on my grind","Rope Straight Arm Pulldown",0,"",1,"normal",49.5,10,,,
"Ben Dover","8 Aug 2024, 19:31","8 Aug 2024, 20:11","Most exercises were done bent over 😘. Last day of crunch free trial. Space is huge and lots of available equipment. Think I’ll sign up and hopefully this helps me get back on my grind","Rope Straight Arm Pulldown",0,"",2,"normal",49.5,10,,,
"Ben Dover","8 Aug 2024, 19:31","8 Aug 2024, 20:11","Most exercises were done bent over 😘. Last day of crunch free trial. Space is huge and lots of available equipment. Think I’ll sign up and hopefully this helps me get back on my grind","Triceps Rope Pushdown",0,"",0,"normal",44,10,,,
"Ben Dover","8 Aug 2024, 19:31","8 Aug 2024, 20:11","Most exercises were done bent over 😘. Last day of crunch free trial. Space is huge and lots of available equipment. Think I’ll sign up and hopefully this helps me get back on my grind","Triceps Rope Pushdown",0,"",1,"normal",49.5,10,,,
"Ben Dover","8 Aug 2024, 19:31","8 Aug 2024, 20:11","Most exercises were done bent over 😘. Last day of crunch free trial. Space is huge and lots of available equipment. Think I’ll sign up and hopefully this helps me get back on my grind","Triceps Rope Pushdown",0,"",2,"normal",49.5,10,,,
"Ben Dover","8 Aug 2024, 19:31","8 Aug 2024, 20:11","Most exercises were done bent over 😘. Last day of crunch free trial. Space is huge and lots of available equipment. Think I’ll sign up and hopefully this helps me get back on my grind","Pull Up",,"From a dead hang start. Getting better!",0,"normal",,1,,,
"Ben Dover","8 Aug 2024, 19:31","8 Aug 2024, 20:11","Most exercises were done bent over 😘. Last day of crunch free trial. Space is huge and lots of available equipment. Think I’ll sign up and hopefully this helps me get back on my grind","Pull Up",,"From a dead hang start. Getting better!",1,"normal",,1,,,
"Ben Dover","8 Aug 2024, 19:31","8 Aug 2024, 20:11","Most exercises were done bent over 😘. Last day of crunch free trial. Space is huge and lots of available equipment. Think I’ll sign up and hopefully this helps me get back on my grind","Pull Up",,"From a dead hang start. Getting better!",2,"normal",,1,,,
"Crunch trial day 3","7 Aug 2024, 07:53","7 Aug 2024, 08:44","Tried midtown East a lil smaller but still solid","Clean",,"Got stronger with each set 🤝",0,"normal",95,5,,,
"Crunch trial day 3","7 Aug 2024, 07:53","7 Aug 2024, 08:44","Tried midtown East a lil smaller but still solid","Clean",,"Got stronger with each set 🤝",1,"normal",145,3,,,
"Crunch trial day 3","7 Aug 2024, 07:53","7 Aug 2024, 08:44","Tried midtown East a lil smaller but still solid","Clean",,"Got stronger with each set 🤝",2,"normal",145,3,,,
"Crunch trial day 3","7 Aug 2024, 07:53","7 Aug 2024, 08:44","Tried midtown East a lil smaller but still solid","Clean",,"Got stronger with each set 🤝",3,"normal",145,4,,,
"Crunch trial day 3","7 Aug 2024, 07:53","7 Aug 2024, 08:44","Tried midtown East a lil smaller but still solid","Clean",,"Got stronger with each set 🤝",4,"normal",145,5,,,
"Crunch trial day 3","7 Aug 2024, 07:53","7 Aug 2024, 08:44","Tried midtown East a lil smaller but still solid","Bench Press (Barbell)",,"",0,"normal",135,5,,,
"Crunch trial day 3","7 Aug 2024, 07:53","7 Aug 2024, 08:44","Tried midtown East a lil smaller but still solid","Bench Press (Barbell)",,"",1,"normal",155,5,,,
"Crunch trial day 3","7 Aug 2024, 07:53","7 Aug 2024, 08:44","Tried midtown East a lil smaller but still solid","Bench Press (Barbell)",,"",2,"normal",155,5,,,
"Crunch trial day 3","7 Aug 2024, 07:53","7 Aug 2024, 08:44","Tried midtown East a lil smaller but still solid","Bench Press (Barbell)",,"",3,"normal",165,5,,,
"Crunch trial day 3","7 Aug 2024, 07:53","7 Aug 2024, 08:44","Tried midtown East a lil smaller but still solid","Bench Press (Barbell)",,"",4,"normal",135,8,,,
"Crunch trial day 3","7 Aug 2024, 07:53","7 Aug 2024, 08:44","Tried midtown East a lil smaller but still solid","Overhead Press (Dumbbell)",,"",0,"normal",70,10,,,
"Crunch trial day 3","7 Aug 2024, 07:53","7 Aug 2024, 08:44","Tried midtown East a lil smaller but still solid","Overhead Press (Dumbbell)",,"",1,"normal",70,10,,,
"Crunch trial day 3","7 Aug 2024, 07:53","7 Aug 2024, 08:44","Tried midtown East a lil smaller but still solid","Overhead Press (Dumbbell)",,"",2,"normal",70,10,,,
"Crunch trial day 3","7 Aug 2024, 07:53","7 Aug 2024, 08:44","Tried midtown East a lil smaller but still solid","Hip Thrust (Machine)",,"Megasussy - counting bar as nothing",0,"normal",70,10,,,
"Crunch trial day 3","7 Aug 2024, 07:53","7 Aug 2024, 08:44","Tried midtown East a lil smaller but still solid","Hip Thrust (Machine)",,"Megasussy - counting bar as nothing",1,"normal",70,10,,,
"Crunch trial day 3","7 Aug 2024, 07:53","7 Aug 2024, 08:44","Tried midtown East a lil smaller but still solid","Hip Thrust (Machine)",,"Megasussy - counting bar as nothing",2,"normal",70,10,,,
"Crunch free trial day 2","6 Aug 2024, 19:20","6 Aug 2024, 20:10","Not bad","Hack Squat (Machine)",,"Light but hamstring got hella sore from the depth lol",0,"normal",135,6,,,
"Crunch free trial day 2","6 Aug 2024, 19:20","6 Aug 2024, 20:10","Not bad","Hack Squat (Machine)",,"Light but hamstring got hella sore from the depth lol",1,"normal",135,6,,,
"Crunch free trial day 2","6 Aug 2024, 19:20","6 Aug 2024, 20:10","Not bad","Hack Squat (Machine)",,"Light but hamstring got hella sore from the depth lol",2,"normal",135,6,,,
"Crunch free trial day 2","6 Aug 2024, 19:20","6 Aug 2024, 20:10","Not bad","Deadlift (Barbell)",,"Still got it sorta 🤝💪\n\nFeels nice to drop weights and have a mirror to look at when deadlifting \n\nCan feel my hips rising first though, need to brace more \n\nFinish with 10x focus on form",0,"normal",135,5,,,
"Crunch free trial day 2","6 Aug 2024, 19:20","6 Aug 2024, 20:10","Not bad","Deadlift (Barbell)",,"Still got it sorta 🤝💪\n\nFeels nice to drop weights and have a mirror to look at when deadlifting \n\nCan feel my hips rising first though, need to brace more \n\nFinish with 10x focus on form",1,"normal",135,5,,,
"Crunch free trial day 2","6 Aug 2024, 19:20","6 Aug 2024, 20:10","Not bad","Deadlift (Barbell)",,"Still got it sorta 🤝💪\n\nFeels nice to drop weights and have a mirror to look at when deadlifting \n\nCan feel my hips rising first though, need to brace more \n\nFinish with 10x focus on form",2,"normal",185,5,,,
"Crunch free trial day 2","6 Aug 2024, 19:20","6 Aug 2024, 20:10","Not bad","Deadlift (Barbell)",,"Still got it sorta 🤝💪\n\nFeels nice to drop weights and have a mirror to look at when deadlifting \n\nCan feel my hips rising first though, need to brace more \n\nFinish with 10x focus on form",3,"normal",225,5,,,
"Crunch free trial day 2","6 Aug 2024, 19:20","6 Aug 2024, 20:10","Not bad","Deadlift (Barbell)",,"Still got it sorta 🤝💪\n\nFeels nice to drop weights and have a mirror to look at when deadlifting \n\nCan feel my hips rising first though, need to brace more \n\nFinish with 10x focus on form",4,"normal",225,5,,,
"Crunch free trial day 2","6 Aug 2024, 19:20","6 Aug 2024, 20:10","Not bad","Deadlift (Barbell)",,"Still got it sorta 🤝💪\n\nFeels nice to drop weights and have a mirror to look at when deadlifting \n\nCan feel my hips rising first though, need to brace more \n\nFinish with 10x focus on form",5,"dropset",135,10,,,
"Crunch free trial day 2","6 Aug 2024, 19:20","6 Aug 2024, 20:10","Not bad","Front Squat",,"",0,"normal",135,5,,,
"Crunch free trial day 2","6 Aug 2024, 19:20","6 Aug 2024, 20:10","Not bad","Front Squat",,"",1,"normal",135,5,,,
"Crunch free trial day 2","6 Aug 2024, 19:20","6 Aug 2024, 20:10","Not bad","Front Squat",,"",2,"normal",135,5,,,
"Crunch free trial","1 Aug 2024, 20:04","1 Aug 2024, 21:03","Pretty nice think I’m gonna send it on a membership","Clean",,"",0,"normal",95,5,,,
"Crunch free trial","1 Aug 2024, 20:04","1 Aug 2024, 21:03","Pretty nice think I’m gonna send it on a membership","Clean",,"",1,"normal",115,5,,,
"Crunch free trial","1 Aug 2024, 20:04","1 Aug 2024, 21:03","Pretty nice think I’m gonna send it on a membership","Clean",,"",2,"normal",115,3,,,
"Crunch free trial","1 Aug 2024, 20:04","1 Aug 2024, 21:03","Pretty nice think I’m gonna send it on a membership","Clean",,"",3,"normal",135,5,,,
"Crunch free trial","1 Aug 2024, 20:04","1 Aug 2024, 21:03","Pretty nice think I’m gonna send it on a membership","Bench Press (Barbell)",,"",0,"normal",135,5,,,
"Crunch free trial","1 Aug 2024, 20:04","1 Aug 2024, 21:03","Pretty nice think I’m gonna send it on a membership","Bench Press (Barbell)",,"",1,"normal",155,5,,,
"Crunch free trial","1 Aug 2024, 20:04","1 Aug 2024, 21:03","Pretty nice think I’m gonna send it on a membership","Bench Press (Barbell)",,"",2,"normal",185,2,,,
"Crunch free trial","1 Aug 2024, 20:04","1 Aug 2024, 21:03","Pretty nice think I’m gonna send it on a membership","Hip Abduction (Machine)",,"",0,"normal",80,10,,,
"Crunch free trial","1 Aug 2024, 20:04","1 Aug 2024, 21:03","Pretty nice think I’m gonna send it on a membership","Hip Abduction (Machine)",,"",1,"normal",90,10,,,
"Crunch free trial","1 Aug 2024, 20:04","1 Aug 2024, 21:03","Pretty nice think I’m gonna send it on a membership","Hip Abduction (Machine)",,"",2,"normal",100,10,,,
"Crunch free trial","1 Aug 2024, 20:04","1 Aug 2024, 21:03","Pretty nice think I’m gonna send it on a membership","Hip Abduction (Machine)",,"",3,"normal",110,10,,,
"Crunch free trial","1 Aug 2024, 20:04","1 Aug 2024, 21:03","Pretty nice think I’m gonna send it on a membership","Hip Abduction (Machine)",,"",4,"normal",110,10,,,
"Crunch free trial","1 Aug 2024, 20:04","1 Aug 2024, 21:03","Pretty nice think I’m gonna send it on a membership","Seated Cable Row - V Grip (Cable)",,"Feels lighter than it should but this is what the labels said 🤷‍♂️",0,"normal",110,12,,,
"Crunch free trial","1 Aug 2024, 20:04","1 Aug 2024, 21:03","Pretty nice think I’m gonna send it on a membership","Seated Cable Row - V Grip (Cable)",,"Feels lighter than it should but this is what the labels said 🤷‍♂️",1,"normal",121,15,,,
"Crunch free trial","1 Aug 2024, 20:04","1 Aug 2024, 21:03","Pretty nice think I’m gonna send it on a membership","Seated Cable Row - V Grip (Cable)",,"Feels lighter than it should but this is what the labels said 🤷‍♂️",2,"normal",143,10,,,
"Crunch free trial","1 Aug 2024, 20:04","1 Aug 2024, 21:03","Pretty nice think I’m gonna send it on a membership","Shoulder Press (Dumbbell)",,"",0,"normal",40,10,,,
"Crunch free trial","1 Aug 2024, 20:04","1 Aug 2024, 21:03","Pretty nice think I’m gonna send it on a membership","Shoulder Press (Dumbbell)",,"",1,"normal",50,8,,,
"Crunch free trial","1 Aug 2024, 20:04","1 Aug 2024, 21:03","Pretty nice think I’m gonna send it on a membership","Shoulder Press (Dumbbell)",,"",2,"normal",50,8,,,
"Quick accessories","30 Jul 2024, 22:59","30 Jul 2024, 23:20","Did 1 hour incline treadmill as a digestion walk","Lat Pulldown (Cable)",,"Sore af from yday",0,"normal",120,8,,,
"Quick accessories","30 Jul 2024, 22:59","30 Jul 2024, 23:20","Did 1 hour incline treadmill as a digestion walk","Lat Pulldown (Cable)",,"Sore af from yday",1,"normal",120,8,,,
"Quick accessories","30 Jul 2024, 22:59","30 Jul 2024, 23:20","Did 1 hour incline treadmill as a digestion walk","Lat Pulldown (Cable)",,"Sore af from yday",2,"normal",120,8,,,
"Quick accessories","30 Jul 2024, 22:59","30 Jul 2024, 23:20","Did 1 hour incline treadmill as a digestion walk","Lateral Raise (Dumbbell)",,"Dumbell only",0,"normal",40,8,,,
"Quick accessories","30 Jul 2024, 22:59","30 Jul 2024, 23:20","Did 1 hour incline treadmill as a digestion walk","Lateral Raise (Dumbbell)",,"Dumbell only",1,"normal",40,8,,,
"Quick accessories","30 Jul 2024, 22:59","30 Jul 2024, 23:20","Did 1 hour incline treadmill as a digestion walk","Lateral Raise (Dumbbell)",,"Dumbell only",2,"normal",40,8,,,
"Quick accessories","30 Jul 2024, 22:59","30 Jul 2024, 23:20","Did 1 hour incline treadmill as a digestion walk","Shoulder Press (Dumbbell)",,"",0,"normal",40,10,,,
"Quick accessories","30 Jul 2024, 22:59","30 Jul 2024, 23:20","Did 1 hour incline treadmill as a digestion walk","Shoulder Press (Dumbbell)",,"",1,"normal",40,10,,,
"Quick accessories","30 Jul 2024, 22:59","30 Jul 2024, 23:20","Did 1 hour incline treadmill as a digestion walk","Shoulder Press (Dumbbell)",,"",2,"normal",40,10,,,
"Quick accessories","30 Jul 2024, 22:59","30 Jul 2024, 23:20","Did 1 hour incline treadmill as a digestion walk","Triceps Extension (Dumbbell)",,"Two 20’s",0,"normal",40,10,,,
"Quick accessories","30 Jul 2024, 22:59","30 Jul 2024, 23:20","Did 1 hour incline treadmill as a digestion walk","Triceps Extension (Dumbbell)",,"Two 20’s",1,"normal",40,10,,,
"Quick accessories","30 Jul 2024, 22:59","30 Jul 2024, 23:20","Did 1 hour incline treadmill as a digestion walk","Triceps Extension (Dumbbell)",,"Two 20’s",2,"normal",40,10,,,
"First 10k plus volume day in a while","29 Jul 2024, 22:47","29 Jul 2024, 23:32","Getting back into it for real this time","Deadlift (Barbell)",,"",0,"warmup",115,7,,,
"First 10k plus volume day in a while","29 Jul 2024, 22:47","29 Jul 2024, 23:32","Getting back into it for real this time","Deadlift (Barbell)",,"",1,"normal",165,7,,,
"First 10k plus volume day in a while","29 Jul 2024, 22:47","29 Jul 2024, 23:32","Getting back into it for real this time","Deadlift (Barbell)",,"",2,"normal",205,5,,,
"First 10k plus volume day in a while","29 Jul 2024, 22:47","29 Jul 2024, 23:32","Getting back into it for real this time","Deadlift (Barbell)",,"",3,"normal",205,5,,,
"First 10k plus volume day in a while","29 Jul 2024, 22:47","29 Jul 2024, 23:32","Getting back into it for real this time","Deadlift (Barbell)",,"",4,"normal",205,6,,,
"First 10k plus volume day in a while","29 Jul 2024, 22:47","29 Jul 2024, 23:32","Getting back into it for real this time","Bent Over Row (Barbell)",,"Underhand. Focusing on breathing to increase TUT",0,"normal",115,10,,,
"First 10k plus volume day in a while","29 Jul 2024, 22:47","29 Jul 2024, 23:32","Getting back into it for real this time","Bent Over Row (Barbell)",,"Underhand. Focusing on breathing to increase TUT",1,"normal",115,10,,,
"First 10k plus volume day in a while","29 Jul 2024, 22:47","29 Jul 2024, 23:32","Getting back into it for real this time","Bent Over Row (Barbell)",,"Underhand. Focusing on breathing to increase TUT",2,"normal",115,10,,,
"First 10k plus volume day in a while","29 Jul 2024, 22:47","29 Jul 2024, 23:32","Getting back into it for real this time","Bent Over Row (Barbell)",,"Underhand. Focusing on breathing to increase TUT",3,"normal",115,10,,,
"First 10k plus volume day in a while","29 Jul 2024, 22:47","29 Jul 2024, 23:32","Getting back into it for real this time","Straight Arm Lat Pulldown (Cable)",,"",0,"normal",40,15,,,
"First 10k plus volume day in a while","29 Jul 2024, 22:47","29 Jul 2024, 23:32","Getting back into it for real this time","Straight Arm Lat Pulldown (Cable)",,"",1,"normal",40,15,,,
"First 10k plus volume day in a while","29 Jul 2024, 22:47","29 Jul 2024, 23:32","Getting back into it for real this time","Straight Arm Lat Pulldown (Cable)",,"",2,"normal",40,15,,,
"First 10k plus volume day in a while","29 Jul 2024, 22:47","29 Jul 2024, 23:32","Getting back into it for real this time","Triceps Rope Pushdown",,"Regular; terrible form on these",0,"normal",40,15,,,
"First 10k plus volume day in a while","29 Jul 2024, 22:47","29 Jul 2024, 23:32","Getting back into it for real this time","Triceps Rope Pushdown",,"Regular; terrible form on these",1,"normal",40,15,,,
"First 10k plus volume day in a while","29 Jul 2024, 22:47","29 Jul 2024, 23:32","Getting back into it for real this time","Triceps Rope Pushdown",,"Regular; terrible form on these",2,"normal",40,15,,,
"Doomscrolling","28 Jul 2024, 19:48","28 Jul 2024, 20:36","Doing a home Harrisburg workout. Mixed up resistance bands with dumbbells and it was pretty nice. Spent a lot of time scrolling though oops","Lunge (Dumbbell)",0,"Reverse lunge",0,"normal",80,16,,,
"Doomscrolling","28 Jul 2024, 19:48","28 Jul 2024, 20:36","Doing a home Harrisburg workout. Mixed up resistance bands with dumbbells and it was pretty nice. Spent a lot of time scrolling though oops","Lunge (Dumbbell)",0,"Reverse lunge",1,"normal",80,16,,,
"Doomscrolling","28 Jul 2024, 19:48","28 Jul 2024, 20:36","Doing a home Harrisburg workout. Mixed up resistance bands with dumbbells and it was pretty nice. Spent a lot of time scrolling though oops","Lunge (Dumbbell)",0,"Reverse lunge",2,"normal",80,16,,,
"Doomscrolling","28 Jul 2024, 19:48","28 Jul 2024, 20:36","Doing a home Harrisburg workout. Mixed up resistance bands with dumbbells and it was pretty nice. Spent a lot of time scrolling though oops","Lunge (Dumbbell)",0,"Reverse lunge",3,"normal",80,16,,,
"Doomscrolling","28 Jul 2024, 19:48","28 Jul 2024, 20:36","Doing a home Harrisburg workout. Mixed up resistance bands with dumbbells and it was pretty nice. Spent a lot of time scrolling though oops","Incline Bench Press (Dumbbell)",0,"+40lbs resistance bands but gonna count it as +10 since it didn’t feel like that much?",0,"normal",40,8,,,
"Doomscrolling","28 Jul 2024, 19:48","28 Jul 2024, 20:36","Doing a home Harrisburg workout. Mixed up resistance bands with dumbbells and it was pretty nice. Spent a lot of time scrolling though oops","Incline Bench Press (Dumbbell)",0,"+40lbs resistance bands but gonna count it as +10 since it didn’t feel like that much?",1,"normal",40,12,,,
"Doomscrolling","28 Jul 2024, 19:48","28 Jul 2024, 20:36","Doing a home Harrisburg workout. Mixed up resistance bands with dumbbells and it was pretty nice. Spent a lot of time scrolling though oops","Incline Bench Press (Dumbbell)",0,"+40lbs resistance bands but gonna count it as +10 since it didn’t feel like that much?",2,"normal",100,10,,,
"Doomscrolling","28 Jul 2024, 19:48","28 Jul 2024, 20:36","Doing a home Harrisburg workout. Mixed up resistance bands with dumbbells and it was pretty nice. Spent a lot of time scrolling though oops","Incline Bench Press (Dumbbell)",0,"+40lbs resistance bands but gonna count it as +10 since it didn’t feel like that much?",3,"normal",100,13,,,
"Doomscrolling","28 Jul 2024, 19:48","28 Jul 2024, 20:36","Doing a home Harrisburg workout. Mixed up resistance bands with dumbbells and it was pretty nice. Spent a lot of time scrolling though oops","Lateral Raise (Dumbbell)",,"With 5lb resistance band not logging extra weight",0,"normal",30,10,,,
"Doomscrolling","28 Jul 2024, 19:48","28 Jul 2024, 20:36","Doing a home Harrisburg workout. Mixed up resistance bands with dumbbells and it was pretty nice. Spent a lot of time scrolling though oops","Lateral Raise (Dumbbell)",,"With 5lb resistance band not logging extra weight",1,"normal",30,12,,,
"Got distracted","23 Jul 2024, 23:13","24 Jul 2024, 00:00","Prob took like 30 min but got distracted on instagram","Pull Up",,"From a dead hang start. Reslly felt it in the scapula or whatever that joint thing is called",0,"normal",,1,,,
"Got distracted","23 Jul 2024, 23:13","24 Jul 2024, 00:00","Prob took like 30 min but got distracted on instagram","Pull Up",,"From a dead hang start. Reslly felt it in the scapula or whatever that joint thing is called",1,"normal",,1,,,
"Got distracted","23 Jul 2024, 23:13","24 Jul 2024, 00:00","Prob took like 30 min but got distracted on instagram","Pull Up",,"From a dead hang start. Reslly felt it in the scapula or whatever that joint thing is called",2,"normal",,1,,,
"Got distracted","23 Jul 2024, 23:13","24 Jul 2024, 00:00","Prob took like 30 min but got distracted on instagram","Pull Up",,"From a dead hang start. Reslly felt it in the scapula or whatever that joint thing is called",3,"normal",,1,,,
"Got distracted","23 Jul 2024, 23:13","24 Jul 2024, 00:00","Prob took like 30 min but got distracted on instagram","Cable Fly Crossovers",,"",0,"normal",40,10,,,
"Got distracted","23 Jul 2024, 23:13","24 Jul 2024, 00:00","Prob took like 30 min but got distracted on instagram","Cable Fly Crossovers",,"",1,"normal",50,10,,,
"Got distracted","23 Jul 2024, 23:13","24 Jul 2024, 00:00","Prob took like 30 min but got distracted on instagram","Cable Fly Crossovers",,"",2,"normal",60,10,,,
"Got distracted","23 Jul 2024, 23:13","24 Jul 2024, 00:00","Prob took like 30 min but got distracted on instagram","Cable Fly Crossovers",,"",3,"normal",60,10,,,
"Got distracted","23 Jul 2024, 23:13","24 Jul 2024, 00:00","Prob took like 30 min but got distracted on instagram","Rear Delt Reverse Fly (Cable)",,"20 = 10lb each arm",0,"normal",10,10,,,
"Got distracted","23 Jul 2024, 23:13","24 Jul 2024, 00:00","Prob took like 30 min but got distracted on instagram","Rear Delt Reverse Fly (Cable)",,"20 = 10lb each arm",1,"normal",20,10,,,
"Got distracted","23 Jul 2024, 23:13","24 Jul 2024, 00:00","Prob took like 30 min but got distracted on instagram","Rear Delt Reverse Fly (Cable)",,"20 = 10lb each arm",2,"normal",30,10,,,
"Got distracted","23 Jul 2024, 23:13","24 Jul 2024, 00:00","Prob took like 30 min but got distracted on instagram","Rear Delt Reverse Fly (Cable)",,"20 = 10lb each arm",3,"normal",30,10,,,
"Got distracted","23 Jul 2024, 23:13","24 Jul 2024, 00:00","Prob took like 30 min but got distracted on instagram","Incline Bench Press (Barbell)",,"",0,"normal",115,5,,,
"Got distracted","23 Jul 2024, 23:13","24 Jul 2024, 00:00","Prob took like 30 min but got distracted on instagram","Incline Bench Press (Barbell)",,"",1,"normal",115,5,,,
"Got distracted","23 Jul 2024, 23:13","24 Jul 2024, 00:00","Prob took like 30 min but got distracted on instagram","Incline Bench Press (Barbell)",,"",2,"normal",115,5,,,
"Getting some movement in","22 Jul 2024, 23:57","23 Jul 2024, 00:17","Forgot to leave my apartment the whole day again… need to get my shit together","Squat (Barbell)",,"",0,"normal",115,5,,,
"Getting some movement in","22 Jul 2024, 23:57","23 Jul 2024, 00:17","Forgot to leave my apartment the whole day again… need to get my shit together","Squat (Barbell)",,"",1,"normal",115,5,,,
"Getting some movement in","22 Jul 2024, 23:57","23 Jul 2024, 00:17","Forgot to leave my apartment the whole day again… need to get my shit together","Squat (Barbell)",,"",2,"normal",115,5,,,
"Getting some movement in","22 Jul 2024, 23:57","23 Jul 2024, 00:17","Forgot to leave my apartment the whole day again… need to get my shit together","Overhead Press (Dumbbell)",,"",0,"normal",60,10,,,
"Getting some movement in","22 Jul 2024, 23:57","23 Jul 2024, 00:17","Forgot to leave my apartment the whole day again… need to get my shit together","Overhead Press (Dumbbell)",,"",1,"normal",60,10,,,
"Getting some movement in","22 Jul 2024, 23:57","23 Jul 2024, 00:17","Forgot to leave my apartment the whole day again… need to get my shit together","Overhead Press (Dumbbell)",,"",2,"normal",60,10,,,
"Getting some movement in","22 Jul 2024, 23:57","23 Jul 2024, 00:17","Forgot to leave my apartment the whole day again… need to get my shit together","Negative Pull Up",,"",0,"normal",,5,,,
"Getting some movement in","22 Jul 2024, 23:57","23 Jul 2024, 00:17","Forgot to leave my apartment the whole day again… need to get my shit together","Negative Pull Up",,"",1,"normal",,5,,,
"Getting some movement in","22 Jul 2024, 23:57","23 Jul 2024, 00:17","Forgot to leave my apartment the whole day again… need to get my shit together","Negative Pull Up",,"",2,"normal",,5,,,
"Getting some movement in","22 Jul 2024, 23:57","23 Jul 2024, 00:17","Forgot to leave my apartment the whole day again… need to get my shit together","Triceps Rope Pushdown",,"Overhead",0,"normal",40,8,,,
"Getting some movement in","22 Jul 2024, 23:57","23 Jul 2024, 00:17","Forgot to leave my apartment the whole day again… need to get my shit together","Triceps Rope Pushdown",,"Overhead",1,"normal",40,8,,,
"Getting some movement in","22 Jul 2024, 23:57","23 Jul 2024, 00:17","Forgot to leave my apartment the whole day again… need to get my shit together","Face Pull",,"",0,"normal",40,8,,,
"Getting some movement in","22 Jul 2024, 23:57","23 Jul 2024, 00:17","Forgot to leave my apartment the whole day again… need to get my shit together","Face Pull",,"",1,"normal",40,8,,,
"Getting some movement in","22 Jul 2024, 23:57","23 Jul 2024, 00:17","Forgot to leave my apartment the whole day again… need to get my shit together","Rope Straight Arm Pulldown",,"",0,"normal",40,8,,,
"Getting some movement in","22 Jul 2024, 23:57","23 Jul 2024, 00:17","Forgot to leave my apartment the whole day again… need to get my shit together","Rope Straight Arm Pulldown",,"",1,"normal",40,8,,,
"Quick Lift","17 Jul 2024, 22:44","17 Jul 2024, 23:15","Whole workout was with bar and 25’s on each side. Ending with some incline walking","Overhead Press (Barbell)",,"",0,"normal",70,6,,,
"Quick Lift","17 Jul 2024, 22:44","17 Jul 2024, 23:15","Whole workout was with bar and 25’s on each side. Ending with some incline walking","Overhead Press (Barbell)",,"",1,"normal",70,8,,,
"Quick Lift","17 Jul 2024, 22:44","17 Jul 2024, 23:15","Whole workout was with bar and 25’s on each side. Ending with some incline walking","Overhead Press (Barbell)",,"",2,"normal",70,8,,,
"Quick Lift","17 Jul 2024, 22:44","17 Jul 2024, 23:15","Whole workout was with bar and 25’s on each side. Ending with some incline walking","Reverse Lunge (Barbell)",,"x5 each side, then x6 each side",0,"normal",70,10,,,
"Quick Lift","17 Jul 2024, 22:44","17 Jul 2024, 23:15","Whole workout was with bar and 25’s on each side. Ending with some incline walking","Reverse Lunge (Barbell)",,"x5 each side, then x6 each side",1,"normal",70,12,,,
"Quick Lift","17 Jul 2024, 22:44","17 Jul 2024, 23:15","Whole workout was with bar and 25’s on each side. Ending with some incline walking","Reverse Lunge (Barbell)",,"x5 each side, then x6 each side",2,"normal",70,10,,,
"Quick Lift","17 Jul 2024, 22:44","17 Jul 2024, 23:15","Whole workout was with bar and 25’s on each side. Ending with some incline walking","Negative Pull Up",,"",0,"normal",,5,,,
"Quick Lift","17 Jul 2024, 22:44","17 Jul 2024, 23:15","Whole workout was with bar and 25’s on each side. Ending with some incline walking","Negative Pull Up",,"",1,"normal",,5,,,
"Quick Lift","17 Jul 2024, 22:44","17 Jul 2024, 23:15","Whole workout was with bar and 25’s on each side. Ending with some incline walking","Negative Pull Up",,"",2,"normal",,5,,,
"Quick Lift","17 Jul 2024, 22:44","17 Jul 2024, 23:15","Whole workout was with bar and 25’s on each side. Ending with some incline walking","Upright Row (Barbell)",,"A little bit of swing",0,"normal",70,6,,,
"Quick Lift","17 Jul 2024, 22:44","17 Jul 2024, 23:15","Whole workout was with bar and 25’s on each side. Ending with some incline walking","Upright Row (Barbell)",,"A little bit of swing",1,"normal",70,6,,,
"Quick Lift","17 Jul 2024, 22:44","17 Jul 2024, 23:15","Whole workout was with bar and 25’s on each side. Ending with some incline walking","Upright Row (Barbell)",,"A little bit of swing",2,"normal",70,6,,,
"Getting some movement","15 Jul 2024, 22:43","15 Jul 2024, 23:02","Sat around all day, getting some movement in shoutout Clara for the encouragement","Squat (Barbell)",,"",0,"normal",115,5,,,
"Getting some movement","15 Jul 2024, 22:43","15 Jul 2024, 23:02","Sat around all day, getting some movement in shoutout Clara for the encouragement","Squat (Barbell)",,"",1,"normal",115,5,,,
"Getting some movement","15 Jul 2024, 22:43","15 Jul 2024, 23:02","Sat around all day, getting some movement in shoutout Clara for the encouragement","Squat (Barbell)",,"",2,"normal",115,5,,,
"Getting some movement","15 Jul 2024, 22:43","15 Jul 2024, 23:02","Sat around all day, getting some movement in shoutout Clara for the encouragement","Clean",,"",0,"normal",115,3,,,
"Getting some movement","15 Jul 2024, 22:43","15 Jul 2024, 23:02","Sat around all day, getting some movement in shoutout Clara for the encouragement","Clean",,"",1,"normal",115,3,,,
"Getting some movement","15 Jul 2024, 22:43","15 Jul 2024, 23:02","Sat around all day, getting some movement in shoutout Clara for the encouragement","Clean",,"",2,"normal",115,3,,,
"Getting some movement","15 Jul 2024, 22:43","15 Jul 2024, 23:02","Sat around all day, getting some movement in shoutout Clara for the encouragement","Overhead Press (Dumbbell)",,"",0,"normal",60,10,,,
"Getting some movement","15 Jul 2024, 22:43","15 Jul 2024, 23:02","Sat around all day, getting some movement in shoutout Clara for the encouragement","Overhead Press (Dumbbell)",,"",1,"normal",60,10,,,
"Getting some movement","15 Jul 2024, 22:43","15 Jul 2024, 23:02","Sat around all day, getting some movement in shoutout Clara for the encouragement","Overhead Press (Dumbbell)",,"",2,"normal",60,10,,,
"Quick full body","29 Jun 2024, 12:23","29 Jun 2024, 12:56","Been a bit out of it recently hopefully back into it","Squat (Barbell)",,"Low - counting the bar as 25",0,"warmup",115,5,,,
"Quick full body","29 Jun 2024, 12:23","29 Jun 2024, 12:56","Been a bit out of it recently hopefully back into it","Squat (Barbell)",,"Low - counting the bar as 25",1,"normal",115,5,,,
"Quick full body","29 Jun 2024, 12:23","29 Jun 2024, 12:56","Been a bit out of it recently hopefully back into it","Squat (Barbell)",,"Low - counting the bar as 25",2,"normal",165,5,,,
"Quick full body","29 Jun 2024, 12:23","29 Jun 2024, 12:56","Been a bit out of it recently hopefully back into it","Squat (Barbell)",,"Low - counting the bar as 25",3,"normal",165,5,,,
"Quick full body","29 Jun 2024, 12:23","29 Jun 2024, 12:56","Been a bit out of it recently hopefully back into it","Squat (Barbell)",,"Low - counting the bar as 25",4,"normal",205,3,,,
"Quick full body","29 Jun 2024, 12:23","29 Jun 2024, 12:56","Been a bit out of it recently hopefully back into it","Clean",,"",0,"normal",115,5,,,
"Quick full body","29 Jun 2024, 12:23","29 Jun 2024, 12:56","Been a bit out of it recently hopefully back into it","Clean",,"",1,"normal",115,5,,,
"Quick full body","29 Jun 2024, 12:23","29 Jun 2024, 12:56","Been a bit out of it recently hopefully back into it","Clean",,"",2,"normal",115,5,,,
"Quick full body","29 Jun 2024, 12:23","29 Jun 2024, 12:56","Been a bit out of it recently hopefully back into it","Lateral Raise (Dumbbell)",,"",0,"normal",40,10,,,
"Quick full body","29 Jun 2024, 12:23","29 Jun 2024, 12:56","Been a bit out of it recently hopefully back into it","Overhead Press (Dumbbell)",,"",0,"normal",70,10,,,
"Been a bit","24 Jun 2024, 08:24","24 Jun 2024, 08:56","Slacking off recently, taking it slow and easing back into things","Squat (Barbell)",,"Low bar - counting the bar as 25",0,"normal",115,6,,,
"Been a bit","24 Jun 2024, 08:24","24 Jun 2024, 08:56","Slacking off recently, taking it slow and easing back into things","Squat (Barbell)",,"Low bar - counting the bar as 25",1,"normal",115,6,,,
"Been a bit","24 Jun 2024, 08:24","24 Jun 2024, 08:56","Slacking off recently, taking it slow and easing back into things","Squat (Barbell)",,"Low bar - counting the bar as 25",2,"normal",165,6,,,
"Been a bit","24 Jun 2024, 08:24","24 Jun 2024, 08:56","Slacking off recently, taking it slow and easing back into things","Squat (Barbell)",,"Low bar - counting the bar as 25",3,"normal",165,6,,,
"Upper","15 Jun 2024, 10:29","15 Jun 2024, 11:37","Forgot to stop my workout lol was just half an hour. Haven’t lifted in a few days :( work been tough","Incline Bench Press (Barbell)",0,"",0,"normal",115,5,,,
"Upper","15 Jun 2024, 10:29","15 Jun 2024, 11:37","Forgot to stop my workout lol was just half an hour. Haven’t lifted in a few days :( work been tough","Incline Bench Press (Barbell)",0,"",1,"normal",115,7,,,
"Upper","15 Jun 2024, 10:29","15 Jun 2024, 11:37","Forgot to stop my workout lol was just half an hour. Haven’t lifted in a few days :( work been tough","Incline Bench Press (Barbell)",0,"",2,"normal",115,5,,,
"Upper","15 Jun 2024, 10:29","15 Jun 2024, 11:37","Forgot to stop my workout lol was just half an hour. Haven’t lifted in a few days :( work been tough","Incline Bench Press (Barbell)",0,"",3,"normal",115,5,,,
"Upper","15 Jun 2024, 10:29","15 Jun 2024, 11:37","Forgot to stop my workout lol was just half an hour. Haven’t lifted in a few days :( work been tough","Triceps Extension (Dumbbell)",0,"",0,"normal",40,10,,,
"Upper","15 Jun 2024, 10:29","15 Jun 2024, 11:37","Forgot to stop my workout lol was just half an hour. Haven’t lifted in a few days :( work been tough","Triceps Extension (Dumbbell)",0,"",1,"normal",40,10,,,
"Upper","15 Jun 2024, 10:29","15 Jun 2024, 11:37","Forgot to stop my workout lol was just half an hour. Haven’t lifted in a few days :( work been tough","Triceps Extension (Dumbbell)",0,"",2,"normal",40,10,,,
"Upper","15 Jun 2024, 10:29","15 Jun 2024, 11:37","Forgot to stop my workout lol was just half an hour. Haven’t lifted in a few days :( work been tough","Seated Row (Machine)",,"",0,"normal",120,12,,,
"Upper","15 Jun 2024, 10:29","15 Jun 2024, 11:37","Forgot to stop my workout lol was just half an hour. Haven’t lifted in a few days :( work been tough","Seated Row (Machine)",,"",1,"normal",130,12,,,
"Upper","15 Jun 2024, 10:29","15 Jun 2024, 11:37","Forgot to stop my workout lol was just half an hour. Haven’t lifted in a few days :( work been tough","Seated Row (Machine)",,"",2,"normal",140,12,,,
"Upper","15 Jun 2024, 10:29","15 Jun 2024, 11:37","Forgot to stop my workout lol was just half an hour. Haven’t lifted in a few days :( work been tough","Rope Straight Arm Pulldown",,"",0,"normal",40,15,,,
"Upper","15 Jun 2024, 10:29","15 Jun 2024, 11:37","Forgot to stop my workout lol was just half an hour. Haven’t lifted in a few days :( work been tough","Rope Straight Arm Pulldown",,"",1,"normal",40,15,,,
"Upper","15 Jun 2024, 10:29","15 Jun 2024, 11:37","Forgot to stop my workout lol was just half an hour. Haven’t lifted in a few days :( work been tough","Rope Straight Arm Pulldown",,"",2,"normal",40,15,,,
"Upper","15 Jun 2024, 10:29","15 Jun 2024, 11:37","Forgot to stop my workout lol was just half an hour. Haven’t lifted in a few days :( work been tough","Triceps Rope Pushdown",,"",0,"normal",40,15,,,
"Upper","15 Jun 2024, 10:29","15 Jun 2024, 11:37","Forgot to stop my workout lol was just half an hour. Haven’t lifted in a few days :( work been tough","Triceps Rope Pushdown",,"",1,"normal",40,15,,,
"Upper","15 Jun 2024, 10:29","15 Jun 2024, 11:37","Forgot to stop my workout lol was just half an hour. Haven’t lifted in a few days :( work been tough","Triceps Rope Pushdown",,"",2,"normal",40,15,,,
"Upper","15 Jun 2024, 10:29","15 Jun 2024, 11:37","Forgot to stop my workout lol was just half an hour. Haven’t lifted in a few days :( work been tough","Face Pull",,"",0,"normal",40,15,,,
"Upper","15 Jun 2024, 10:29","15 Jun 2024, 11:37","Forgot to stop my workout lol was just half an hour. Haven’t lifted in a few days :( work been tough","Face Pull",,"",1,"normal",40,15,,,
"Upper","15 Jun 2024, 10:29","15 Jun 2024, 11:37","Forgot to stop my workout lol was just half an hour. Haven’t lifted in a few days :( work been tough","Face Pull",,"",2,"normal",40,15,,,
"Upper","15 Jun 2024, 10:29","15 Jun 2024, 11:37","Forgot to stop my workout lol was just half an hour. Haven’t lifted in a few days :( work been tough","Lateral Raise (Dumbbell)",,"",0,"normal",40,10,,,
"Upper","15 Jun 2024, 10:29","15 Jun 2024, 11:37","Forgot to stop my workout lol was just half an hour. Haven’t lifted in a few days :( work been tough","Lateral Raise (Dumbbell)",,"",1,"normal",40,10,,,
"Upper","15 Jun 2024, 10:29","15 Jun 2024, 11:37","Forgot to stop my workout lol was just half an hour. Haven’t lifted in a few days :( work been tough","Lateral Raise (Dumbbell)",,"",2,"normal",40,10,,,
"Upper","15 Jun 2024, 10:29","15 Jun 2024, 11:37","Forgot to stop my workout lol was just half an hour. Haven’t lifted in a few days :( work been tough","Rear Delt Reverse Fly (Dumbbell)",,"",0,"normal",40,10,,,
"Upper","15 Jun 2024, 10:29","15 Jun 2024, 11:37","Forgot to stop my workout lol was just half an hour. Haven’t lifted in a few days :( work been tough","Rear Delt Reverse Fly (Dumbbell)",,"",1,"normal",40,10,,,
"Morning legs","11 Jun 2024, 07:12","11 Jun 2024, 07:56","Went heavier on squat and it was hard; so less volume. Did an extra set of lunges to “make up” for it. Those felt good","Squat (Barbell)",,"Low bar - counting the bar as 25",0,"warmup",115,6,,,
"Morning legs","11 Jun 2024, 07:12","11 Jun 2024, 07:56","Went heavier on squat and it was hard; so less volume. Did an extra set of lunges to “make up” for it. Those felt good","Squat (Barbell)",,"Low bar - counting the bar as 25",1,"normal",165,6,,,
"Morning legs","11 Jun 2024, 07:12","11 Jun 2024, 07:56","Went heavier on squat and it was hard; so less volume. Did an extra set of lunges to “make up” for it. Those felt good","Squat (Barbell)",,"Low bar - counting the bar as 25",2,"normal",215,5,,,
"Morning legs","11 Jun 2024, 07:12","11 Jun 2024, 07:56","Went heavier on squat and it was hard; so less volume. Did an extra set of lunges to “make up” for it. Those felt good","Squat (Barbell)",,"Low bar - counting the bar as 25",3,"normal",215,5,,,
"Morning legs","11 Jun 2024, 07:12","11 Jun 2024, 07:56","Went heavier on squat and it was hard; so less volume. Did an extra set of lunges to “make up” for it. Those felt good","Squat (Barbell)",,"Low bar - counting the bar as 25",4,"normal",215,5,,,
"Morning legs","11 Jun 2024, 07:12","11 Jun 2024, 07:56","Went heavier on squat and it was hard; so less volume. Did an extra set of lunges to “make up” for it. Those felt good","Reverse Lunge (Dumbbell)",,"40 + 40 = 80 each side; x10 reps each leg so 20",0,"normal",80,20,,,
"Morning legs","11 Jun 2024, 07:12","11 Jun 2024, 07:56","Went heavier on squat and it was hard; so less volume. Did an extra set of lunges to “make up” for it. Those felt good","Reverse Lunge (Dumbbell)",,"40 + 40 = 80 each side; x10 reps each leg so 20",1,"normal",80,20,,,
"Morning legs","11 Jun 2024, 07:12","11 Jun 2024, 07:56","Went heavier on squat and it was hard; so less volume. Did an extra set of lunges to “make up” for it. Those felt good","Reverse Lunge (Dumbbell)",,"40 + 40 = 80 each side; x10 reps each leg so 20",2,"normal",80,20,,,
"Morning legs","11 Jun 2024, 07:12","11 Jun 2024, 07:56","Went heavier on squat and it was hard; so less volume. Did an extra set of lunges to “make up” for it. Those felt good","Reverse Lunge (Dumbbell)",,"40 + 40 = 80 each side; x10 reps each leg so 20",3,"normal",80,20,,,
"Quick sarms and leg mobility","10 Jun 2024, 08:30","10 Jun 2024, 08:58","","Single Leg Hip Thrust",,"",0,"normal",,20,,,
"Quick sarms and leg mobility","10 Jun 2024, 08:30","10 Jun 2024, 08:58","","Single Leg Hip Thrust",,"",1,"normal",,20,,,
"Quick sarms and leg mobility","10 Jun 2024, 08:30","10 Jun 2024, 08:58","","Single Leg Hip Thrust",,"",2,"normal",,20,,,
"Quick sarms and leg mobility","10 Jun 2024, 08:30","10 Jun 2024, 08:58","","Single Leg Romanian Deadlift (Dumbbell)",,"",0,"normal",20,10,,,
"Quick sarms and leg mobility","10 Jun 2024, 08:30","10 Jun 2024, 08:58","","Single Leg Romanian Deadlift (Dumbbell)",,"",1,"normal",20,10,,,
"Quick sarms and leg mobility","10 Jun 2024, 08:30","10 Jun 2024, 08:58","","Single Leg Romanian Deadlift (Dumbbell)",,"",2,"normal",15,10,,,
"Quick sarms and leg mobility","10 Jun 2024, 08:30","10 Jun 2024, 08:58","","Incline Bench Press (Dumbbell)",,"",0,"warmup",70,10,,,
"Quick sarms and leg mobility","10 Jun 2024, 08:30","10 Jun 2024, 08:58","","Incline Bench Press (Dumbbell)",,"",1,"normal",100,10,,,
"Quick sarms and leg mobility","10 Jun 2024, 08:30","10 Jun 2024, 08:58","","Incline Bench Press (Dumbbell)",,"",2,"normal",100,10,,,
"Quick sarms and leg mobility","10 Jun 2024, 08:30","10 Jun 2024, 08:58","","Incline Bench Press (Dumbbell)",,"",3,"normal",100,10,,,
"Quick sarms and leg mobility","10 Jun 2024, 08:30","10 Jun 2024, 08:58","","Lateral Raise (Dumbbell)",,"",0,"normal",40,10,,,
"Quick sarms and leg mobility","10 Jun 2024, 08:30","10 Jun 2024, 08:58","","Lateral Raise (Dumbbell)",,"",1,"normal",40,10,,,
"Quick sarms and leg mobility","10 Jun 2024, 08:30","10 Jun 2024, 08:58","","Lateral Raise (Dumbbell)",,"",2,"normal",40,10,,,
"Quick sarms and leg mobility","10 Jun 2024, 08:30","10 Jun 2024, 08:58","","Lateral Raise (Dumbbell)",,"",3,"normal",40,10,,,
"Quick sarms and leg mobility","10 Jun 2024, 08:30","10 Jun 2024, 08:58","","Face Pull",,"",0,"normal",40,15,,,
"Quick sarms and leg mobility","10 Jun 2024, 08:30","10 Jun 2024, 08:58","","Face Pull",,"",1,"normal",40,15,,,
"Quick sarms and leg mobility","10 Jun 2024, 08:30","10 Jun 2024, 08:58","","Triceps Rope Pushdown",,"",0,"normal",40,15,,,
"Quick sarms and leg mobility","10 Jun 2024, 08:30","10 Jun 2024, 08:58","","Triceps Rope Pushdown",,"",1,"normal",40,15,,,
"Quick sarms and leg mobility","10 Jun 2024, 08:30","10 Jun 2024, 08:58","","Rope Straight Arm Pulldown",,"",0,"normal",40,15,,,
"Quick sarms and leg mobility","10 Jun 2024, 08:30","10 Jun 2024, 08:58","","Rope Straight Arm Pulldown",,"",1,"normal",40,15,,,
"Quick Full Body","9 Jun 2024, 20:00","9 Jun 2024, 20:13","So I can justify sitting and watching TV for the next two hours","Squat (Barbell)",,"High bar (normally do low bar)",0,"normal",115,10,,,
"Quick Full Body","9 Jun 2024, 20:00","9 Jun 2024, 20:13","So I can justify sitting and watching TV for the next two hours","Squat (Barbell)",,"High bar (normally do low bar)",1,"normal",115,10,,,
"Quick Full Body","9 Jun 2024, 20:00","9 Jun 2024, 20:13","So I can justify sitting and watching TV for the next two hours","Negative Pull Up",,"",0,"normal",,5,,,
"Quick Full Body","9 Jun 2024, 20:00","9 Jun 2024, 20:13","So I can justify sitting and watching TV for the next two hours","Negative Pull Up",,"",1,"normal",,5,,,
"Quick Full Body","9 Jun 2024, 20:00","9 Jun 2024, 20:13","So I can justify sitting and watching TV for the next two hours","Overhead Press (Dumbbell)",,"",0,"normal",70,10,,,
"Quick Full Body","9 Jun 2024, 20:00","9 Jun 2024, 20:13","So I can justify sitting and watching TV for the next two hours","Overhead Press (Dumbbell)",,"",1,"normal",70,10,,,
"Quick Full Body","9 Jun 2024, 20:00","9 Jun 2024, 20:13","So I can justify sitting and watching TV for the next two hours","Clean",,"",0,"normal",115,3,,,
"Quick Full Body","9 Jun 2024, 20:00","9 Jun 2024, 20:13","So I can justify sitting and watching TV for the next two hours","Clean",,"",1,"normal",115,3,,,
"Post Run Push","7 Jun 2024, 08:48","7 Jun 2024, 09:18","Felt good, coffee def helped","Incline Bench Press (Barbell)",,"",0,"normal",115,5,,,
"Post Run Push","7 Jun 2024, 08:48","7 Jun 2024, 09:18","Felt good, coffee def helped","Incline Bench Press (Barbell)",,"",1,"normal",115,8,,,
"Post Run Push","7 Jun 2024, 08:48","7 Jun 2024, 09:18","Felt good, coffee def helped","Incline Bench Press (Barbell)",,"",2,"normal",115,8,,,
"Post Run Push","7 Jun 2024, 08:48","7 Jun 2024, 09:18","Felt good, coffee def helped","Incline Bench Press (Barbell)",,"",3,"normal",115,8,,,
"Post Run Push","7 Jun 2024, 08:48","7 Jun 2024, 09:18","Felt good, coffee def helped","Lateral Raise (Dumbbell)",,"",0,"normal",50,10,,,
"Post Run Push","7 Jun 2024, 08:48","7 Jun 2024, 09:18","Felt good, coffee def helped","Lateral Raise (Dumbbell)",,"",1,"normal",50,10,,,
"Post Run Push","7 Jun 2024, 08:48","7 Jun 2024, 09:18","Felt good, coffee def helped","Lateral Raise (Dumbbell)",,"",2,"normal",50,10,,,
"Post Run Push","7 Jun 2024, 08:48","7 Jun 2024, 09:18","Felt good, coffee def helped","Triceps Rope Pushdown",,"",0,"normal",35,15,,,
"Post Run Push","7 Jun 2024, 08:48","7 Jun 2024, 09:18","Felt good, coffee def helped","Triceps Rope Pushdown",,"",1,"normal",40,15,,,
"Post Run Push","7 Jun 2024, 08:48","7 Jun 2024, 09:18","Felt good, coffee def helped","Triceps Rope Pushdown",,"",2,"normal",40,15,,,
"Post Run Push","7 Jun 2024, 08:48","7 Jun 2024, 09:18","Felt good, coffee def helped","Straight Arm Lat Pulldown (Cable)",,"",0,"normal",35,15,,,
"Post Run Push","7 Jun 2024, 08:48","7 Jun 2024, 09:18","Felt good, coffee def helped","Straight Arm Lat Pulldown (Cable)",,"",1,"normal",40,15,,,
"Post Run Push","7 Jun 2024, 08:48","7 Jun 2024, 09:18","Felt good, coffee def helped","Straight Arm Lat Pulldown (Cable)",,"",2,"normal",40,15,,,
"Post Run Push","7 Jun 2024, 08:48","7 Jun 2024, 09:18","Felt good, coffee def helped","Face Pull",,"",0,"normal",35,15,,,
"Post Run Push","7 Jun 2024, 08:48","7 Jun 2024, 09:18","Felt good, coffee def helped","Face Pull",,"",1,"normal",40,15,,,
"Post Run Push","7 Jun 2024, 08:48","7 Jun 2024, 09:18","Felt good, coffee def helped","Face Pull",,"",2,"normal",40,15,,,
"Pull","6 Jun 2024, 07:15","6 Jun 2024, 07:55","Deadlifts felt p good; have some weird front knee pain","Lat Pulldown (Cable)",,"",0,"normal",120,10,,,
"Pull","6 Jun 2024, 07:15","6 Jun 2024, 07:55","Deadlifts felt p good; have some weird front knee pain","Lat Pulldown (Cable)",,"",1,"normal",120,10,,,
"Pull","6 Jun 2024, 07:15","6 Jun 2024, 07:55","Deadlifts felt p good; have some weird front knee pain","Lat Pulldown (Cable)",,"",2,"normal",120,10,,,
"Pull","6 Jun 2024, 07:15","6 Jun 2024, 07:55","Deadlifts felt p good; have some weird front knee pain","Seated Row (Machine)",,"",0,"normal",120,12,,,
"Pull","6 Jun 2024, 07:15","6 Jun 2024, 07:55","Deadlifts felt p good; have some weird front knee pain","Seated Row (Machine)",,"",1,"normal",120,12,,,
"Pull","6 Jun 2024, 07:15","6 Jun 2024, 07:55","Deadlifts felt p good; have some weird front knee pain","Seated Row (Machine)",,"",2,"normal",120,12,,,
"Pull","6 Jun 2024, 07:15","6 Jun 2024, 07:55","Deadlifts felt p good; have some weird front knee pain","Bent Over Row (Barbell)",,"",0,"normal",75,15,,,
"Pull","6 Jun 2024, 07:15","6 Jun 2024, 07:55","Deadlifts felt p good; have some weird front knee pain","Bent Over Row (Barbell)",,"",1,"normal",75,15,,,
"Pull","6 Jun 2024, 07:15","6 Jun 2024, 07:55","Deadlifts felt p good; have some weird front knee pain","Bent Over Row (Barbell)",,"",2,"normal",75,15,,,
"Pull","6 Jun 2024, 07:15","6 Jun 2024, 07:55","Deadlifts felt p good; have some weird front knee pain","Deadlift (Barbell)",,"",0,"warmup",115,6,,,
"Pull","6 Jun 2024, 07:15","6 Jun 2024, 07:55","Deadlifts felt p good; have some weird front knee pain","Deadlift (Barbell)",,"",1,"warmup",165,6,,,
"Pull","6 Jun 2024, 07:15","6 Jun 2024, 07:55","Deadlifts felt p good; have some weird front knee pain","Deadlift (Barbell)",,"",2,"normal",215,6,,,
"Pull","6 Jun 2024, 07:15","6 Jun 2024, 07:55","Deadlifts felt p good; have some weird front knee pain","Deadlift (Barbell)",,"",3,"normal",215,6,,,
"Pull","6 Jun 2024, 07:15","6 Jun 2024, 07:55","Deadlifts felt p good; have some weird front knee pain","Deadlift (Barbell)",,"",4,"normal",215,6,,,
"Morning Legs","4 Jun 2024, 07:12","4 Jun 2024, 08:04","","Single Leg Romanian Deadlift (Dumbbell)",,"20lbs kettlebell x5 each side",0,"warmup",20,10,,,
"Morning Legs","4 Jun 2024, 07:12","4 Jun 2024, 08:04","","Squat (Smith Machine)",,"Warming up while someone else was using the rack - smith machine bar is 45",0,"warmup",135,5,,,
"Morning Legs","4 Jun 2024, 07:12","4 Jun 2024, 08:04","","Squat (Smith Machine)",,"Warming up while someone else was using the rack - smith machine bar is 45",1,"warmup",135,5,,,
"Morning Legs","4 Jun 2024, 07:12","4 Jun 2024, 08:04","","Squat (Barbell)",,"Low bar - counting bar as 25, so 205 is two plates. \n\nMissed a few days of lifting yesterday so feeling a lil weak today. Last set felt strong tho",0,"warmup",115,5,,,
"Morning Legs","4 Jun 2024, 07:12","4 Jun 2024, 08:04","","Squat (Barbell)",,"Low bar - counting bar as 25, so 205 is two plates. \n\nMissed a few days of lifting yesterday so feeling a lil weak today. Last set felt strong tho",1,"normal",165,6,,,
"Morning Legs","4 Jun 2024, 07:12","4 Jun 2024, 08:04","","Squat (Barbell)",,"Low bar - counting bar as 25, so 205 is two plates. \n\nMissed a few days of lifting yesterday so feeling a lil weak today. Last set felt strong tho",2,"normal",205,5,,,
"Morning Legs","4 Jun 2024, 07:12","4 Jun 2024, 08:04","","Squat (Barbell)",,"Low bar - counting bar as 25, so 205 is two plates. \n\nMissed a few days of lifting yesterday so feeling a lil weak today. Last set felt strong tho",3,"normal",205,5,,,
"Morning Legs","4 Jun 2024, 07:12","4 Jun 2024, 08:04","","Squat (Barbell)",,"Low bar - counting bar as 25, so 205 is two plates. \n\nMissed a few days of lifting yesterday so feeling a lil weak today. Last set felt strong tho",4,"normal",205,5,,,
"Morning Legs","4 Jun 2024, 07:12","4 Jun 2024, 08:04","","Reverse Lunge (Dumbbell)",,"40 + 40 = 80. Use a yoga mat and spread feet the width of one and touch ground with knee for depth. 20 reps = 10 each side",0,"normal",80,20,,,
"Morning Legs","4 Jun 2024, 07:12","4 Jun 2024, 08:04","","Reverse Lunge (Dumbbell)",,"40 + 40 = 80. Use a yoga mat and spread feet the width of one and touch ground with knee for depth. 20 reps = 10 each side",1,"normal",80,20,,,
"Derping around w clara","2 Jun 2024, 10:59","2 Jun 2024, 11:12","","Negative Pull Up",,"",0,"normal",,5,,,
"Derping around w clara","2 Jun 2024, 10:59","2 Jun 2024, 11:12","","Negative Pull Up",,"",1,"normal",,5,,,
"Derping around w clara","2 Jun 2024, 10:59","2 Jun 2024, 11:12","","Negative Pull Up",,"",2,"normal",,5,,,
"Derping around w clara","2 Jun 2024, 10:59","2 Jun 2024, 11:12","","Bent Over Row (Barbell)",,"",0,"normal",75,15,,,
"Derping around w clara","2 Jun 2024, 10:59","2 Jun 2024, 11:12","","Bent Over Row (Barbell)",,"",1,"normal",75,15,,,
"Derping around w clara","2 Jun 2024, 10:59","2 Jun 2024, 11:12","","Bent Over Row (Barbell)",,"",2,"normal",75,15,,,
"Derping around w clara","2 Jun 2024, 10:59","2 Jun 2024, 11:12","","Bent Over Row (Barbell)",,"",3,"normal",75,15,,,
"Derping around w clara","2 Jun 2024, 10:59","2 Jun 2024, 11:12","","Lateral Raise (Dumbbell)",,"",0,"normal",40,10,,,
"Derping around w clara","2 Jun 2024, 10:59","2 Jun 2024, 11:12","","Lateral Raise (Dumbbell)",,"",1,"normal",40,10,,,
"Quick push","31 May 2024, 08:59","31 May 2024, 09:16","Incline bc didn’t have time to just do bench and then shoulders","Incline Bench Press (Barbell)",,"",0,"normal",115,5,,,
"Quick push","31 May 2024, 08:59","31 May 2024, 09:16","Incline bc didn’t have time to just do bench and then shoulders","Incline Bench Press (Barbell)",,"",1,"normal",115,7,,,
"Quick push","31 May 2024, 08:59","31 May 2024, 09:16","Incline bc didn’t have time to just do bench and then shoulders","Incline Bench Press (Barbell)",,"",2,"normal",115,7,,,
"Quick push","31 May 2024, 08:59","31 May 2024, 09:16","Incline bc didn’t have time to just do bench and then shoulders","Incline Bench Press (Barbell)",,"",3,"normal",115,8,,,
"Leg/Pull","30 May 2024, 07:18","30 May 2024, 07:53","Did a bit of both cuz I missed a few days 😭","Squat (Barbell)",,"Suprised i managed to do the same amount but haven’t lifited in a few days so makes sense. Shirt material made the bar feel like it was slipping",0,"warmup",115,6,,,
"Leg/Pull","30 May 2024, 07:18","30 May 2024, 07:53","Did a bit of both cuz I missed a few days 😭","Squat (Barbell)",,"Suprised i managed to do the same amount but haven’t lifited in a few days so makes sense. Shirt material made the bar feel like it was slipping",1,"normal",165,6,,,
"Leg/Pull","30 May 2024, 07:18","30 May 2024, 07:53","Did a bit of both cuz I missed a few days 😭","Squat (Barbell)",,"Suprised i managed to do the same amount but haven’t lifited in a few days so makes sense. Shirt material made the bar feel like it was slipping",2,"normal",205,6,,,
"Leg/Pull","30 May 2024, 07:18","30 May 2024, 07:53","Did a bit of both cuz I missed a few days 😭","Squat (Barbell)",,"Suprised i managed to do the same amount but haven’t lifited in a few days so makes sense. Shirt material made the bar feel like it was slipping",3,"normal",205,6,,,
"Leg/Pull","30 May 2024, 07:18","30 May 2024, 07:53","Did a bit of both cuz I missed a few days 😭","Deadlift (Barbell)",,"",0,"warmup",115,6,,,
"Leg/Pull","30 May 2024, 07:18","30 May 2024, 07:53","Did a bit of both cuz I missed a few days 😭","Deadlift (Barbell)",,"",1,"normal",205,6,,,
"Leg/Pull","30 May 2024, 07:18","30 May 2024, 07:53","Did a bit of both cuz I missed a few days 😭","Deadlift (Barbell)",,"",2,"normal",205,6,,,
"Leg/Pull","30 May 2024, 07:18","30 May 2024, 07:53","Did a bit of both cuz I missed a few days 😭","Deadlift (Barbell)",,"",3,"normal",205,8,,,
"Derping around","27 May 2024, 11:25","27 May 2024, 11:50","","Lat Pulldown (Cable)",,"",0,"normal",120,12,,,
"Derping around","27 May 2024, 11:25","27 May 2024, 11:50","","Lat Pulldown (Cable)",,"",1,"normal",120,12,,,
"Derping around","27 May 2024, 11:25","27 May 2024, 11:50","","Lat Pulldown (Cable)",,"",2,"normal",110,10,,,
"Derping around","27 May 2024, 11:25","27 May 2024, 11:50","","Single Leg Romanian Deadlift (Dumbbell)",,"20lb kettlebell, x5 each side",0,"normal",20,10,,,
"Derping around","27 May 2024, 11:25","27 May 2024, 11:50","","Incline Bench Press (Barbell)",,"",0,"normal",115,5,,,
"Derping around","27 May 2024, 11:25","27 May 2024, 11:50","","Incline Bench Press (Barbell)",,"",1,"normal",115,7,,,
"Derping around","27 May 2024, 11:25","27 May 2024, 11:50","","Incline Bench Press (Barbell)",,"",2,"normal",115,7,,,
"Derping around","27 May 2024, 11:25","27 May 2024, 11:50","","Overhead Press (Dumbbell)",,"",0,"normal",60,10,,,
"Derping around","27 May 2024, 11:25","27 May 2024, 11:50","","Overhead Press (Dumbbell)",,"",1,"normal",70,10,,,
"Derping around","27 May 2024, 11:25","27 May 2024, 11:50","","Overhead Press (Dumbbell)",,"",2,"normal",70,10,,,
"Derping around","27 May 2024, 11:25","27 May 2024, 11:50","","Front Raise (Dumbbell)",,"",0,"normal",40,8,,,
"Derping around","27 May 2024, 11:25","27 May 2024, 11:50","","Front Raise (Dumbbell)",,"",1,"normal",40,8,,,
"Derping around","27 May 2024, 11:25","27 May 2024, 11:50","","Front Raise (Dumbbell)",,"",2,"normal",40,8,,,
"Derping around","27 May 2024, 11:25","27 May 2024, 11:50","","Triceps Rope Pushdown",,"",0,"normal",35,12,,,
"Derping around","27 May 2024, 11:25","27 May 2024, 11:50","","Triceps Rope Pushdown",,"",1,"normal",35,12,,,
"Derping around","27 May 2024, 11:25","27 May 2024, 11:50","","Rope Straight Arm Pulldown",,"",0,"normal",35,12,,,
"Derping around","27 May 2024, 11:25","27 May 2024, 11:50","","Rope Straight Arm Pulldown",,"",1,"normal",35,12,,,
"Derping around","27 May 2024, 11:25","27 May 2024, 11:50","","Face Pull",,"",0,"normal",35,12,,,
"Derping around","27 May 2024, 11:25","27 May 2024, 11:50","","Face Pull",,"",1,"normal",35,12,,,
"Push","23 May 2024, 07:21","23 May 2024, 08:09","Moving more weight but feeling sleepy so took longer rest in between sets 😴","Bench Press (Barbell)",,"Weight about the same but increased volume and form is much better and more controlled!",0,"warmup",115,5,,,
"Push","23 May 2024, 07:21","23 May 2024, 08:09","Moving more weight but feeling sleepy so took longer rest in between sets 😴","Bench Press (Barbell)",,"Weight about the same but increased volume and form is much better and more controlled!",1,"normal",155,5,,,
"Push","23 May 2024, 07:21","23 May 2024, 08:09","Moving more weight but feeling sleepy so took longer rest in between sets 😴","Bench Press (Barbell)",,"Weight about the same but increased volume and form is much better and more controlled!",2,"normal",155,5,,,
"Push","23 May 2024, 07:21","23 May 2024, 08:09","Moving more weight but feeling sleepy so took longer rest in between sets 😴","Bench Press (Barbell)",,"Weight about the same but increased volume and form is much better and more controlled!",3,"normal",165,5,,,
"Push","23 May 2024, 07:21","23 May 2024, 08:09","Moving more weight but feeling sleepy so took longer rest in between sets 😴","Bench Press (Barbell)",,"Weight about the same but increased volume and form is much better and more controlled!",4,"normal",165,5,,,
"Push","23 May 2024, 07:21","23 May 2024, 08:09","Moving more weight but feeling sleepy so took longer rest in between sets 😴","Incline Bench Press (Barbell)",,"Stronger and less volume than last week but took much longer rest in between",0,"normal",115,5,,,
"Push","23 May 2024, 07:21","23 May 2024, 08:09","Moving more weight but feeling sleepy so took longer rest in between sets 😴","Incline Bench Press (Barbell)",,"Stronger and less volume than last week but took much longer rest in between",1,"normal",115,7,,,
"Push","23 May 2024, 07:21","23 May 2024, 08:09","Moving more weight but feeling sleepy so took longer rest in between sets 😴","Incline Bench Press (Barbell)",,"Stronger and less volume than last week but took much longer rest in between",2,"normal",115,7,,,
"Push","23 May 2024, 07:21","23 May 2024, 08:09","Moving more weight but feeling sleepy so took longer rest in between sets 😴","Incline Bench Press (Barbell)",,"Stronger and less volume than last week but took much longer rest in between",3,"normal",115,8,,,
"Push","23 May 2024, 07:21","23 May 2024, 08:09","Moving more weight but feeling sleepy so took longer rest in between sets 😴","Lateral Raise (Cable)",,"Single Arm, 5lbs cable + 5lbs dumbell. 10lbs reps each side",0,"normal",10,20,,,
"Push","23 May 2024, 07:21","23 May 2024, 08:09","Moving more weight but feeling sleepy so took longer rest in between sets 😴","Lateral Raise (Cable)",,"Single Arm, 5lbs cable + 5lbs dumbell. 10lbs reps each side",1,"normal",15,14,,,
"Push","23 May 2024, 07:21","23 May 2024, 08:09","Moving more weight but feeling sleepy so took longer rest in between sets 😴","Triceps Rope Pushdown",,"",0,"normal",35,12,,,
"Push","23 May 2024, 07:21","23 May 2024, 08:09","Moving more weight but feeling sleepy so took longer rest in between sets 😴","Triceps Rope Pushdown",,"",1,"normal",35,12,,,
"Push","23 May 2024, 07:21","23 May 2024, 08:09","Moving more weight but feeling sleepy so took longer rest in between sets 😴","Rope Straight Arm Pulldown",,"",0,"normal",35,12,,,
"Push","23 May 2024, 07:21","23 May 2024, 08:09","Moving more weight but feeling sleepy so took longer rest in between sets 😴","Rope Straight Arm Pulldown",,"",1,"normal",35,12,,,
"Pull","22 May 2024, 07:22","22 May 2024, 08:02","","Deadlift (Barbell)",,"Form started falling a part a little once i hit 225, back was rounding a little. Last set i just focused on form",0,"warmup",115,6,,,
"Pull","22 May 2024, 07:22","22 May 2024, 08:02","","Deadlift (Barbell)",,"Form started falling a part a little once i hit 225, back was rounding a little. Last set i just focused on form",1,"warmup",115,6,,,
"Pull","22 May 2024, 07:22","22 May 2024, 08:02","","Deadlift (Barbell)",,"Form started falling a part a little once i hit 225, back was rounding a little. Last set i just focused on form",2,"warmup",165,6,,,
"Pull","22 May 2024, 07:22","22 May 2024, 08:02","","Deadlift (Barbell)",,"Form started falling a part a little once i hit 225, back was rounding a little. Last set i just focused on form",3,"normal",205,6,,,
"Pull","22 May 2024, 07:22","22 May 2024, 08:02","","Deadlift (Barbell)",,"Form started falling a part a little once i hit 225, back was rounding a little. Last set i just focused on form",4,"normal",225,5,,,
"Pull","22 May 2024, 07:22","22 May 2024, 08:02","","Deadlift (Barbell)",,"Form started falling a part a little once i hit 225, back was rounding a little. Last set i just focused on form",5,"normal",225,5,,,
"Pull","22 May 2024, 07:22","22 May 2024, 08:02","","Deadlift (Barbell)",,"Form started falling a part a little once i hit 225, back was rounding a little. Last set i just focused on form",6,"normal",225,2,,,
"Pull","22 May 2024, 07:22","22 May 2024, 08:02","","Hang Clean",,"",0,"normal",135,5,,,
"Pull","22 May 2024, 07:22","22 May 2024, 08:02","","Hang Clean",,"",1,"normal",135,5,,,
"Pull","22 May 2024, 07:22","22 May 2024, 08:02","","Hang Clean",,"",2,"normal",135,5,,,
"Pull","22 May 2024, 07:22","22 May 2024, 08:02","","Scapular Pull Ups",,"",0,"normal",,10,,,
"Pull","22 May 2024, 07:22","22 May 2024, 08:02","","Scapular Pull Ups",,"",1,"normal",,10,,,
"Pull","22 May 2024, 07:22","22 May 2024, 08:02","","Negative Pull Up",,"",0,"normal",,5,,,
"Pull","22 May 2024, 07:22","22 May 2024, 08:02","","Negative Pull Up",,"",1,"normal",,5,,,
"Pull","22 May 2024, 07:22","22 May 2024, 08:02","","Seated Row (Machine)",,"",0,"normal",120,12,,,
"Pull","22 May 2024, 07:22","22 May 2024, 08:02","","Seated Row (Machine)",,"",1,"normal",130,12,,,
"Pull","22 May 2024, 07:22","22 May 2024, 08:02","","Seated Row (Machine)",,"",2,"normal",130,12,,,
"Morning Legs","21 May 2024, 07:09","21 May 2024, 07:49","Did a squat pyramid thing and didn’t record 5-10 min mobility / warmup","Squat (Barbell)",,"Low bar - was not exepcting to lift this much. Slowly getting back in lifting shape 🫣\n\nThe growth will probably plateau soon tho",0,"warmup",115,6,,,
"Morning Legs","21 May 2024, 07:09","21 May 2024, 07:49","Did a squat pyramid thing and didn’t record 5-10 min mobility / warmup","Squat (Barbell)",,"Low bar - was not exepcting to lift this much. Slowly getting back in lifting shape 🫣\n\nThe growth will probably plateau soon tho",1,"normal",165,6,,,
"Morning Legs","21 May 2024, 07:09","21 May 2024, 07:49","Did a squat pyramid thing and didn’t record 5-10 min mobility / warmup","Squat (Barbell)",,"Low bar - was not exepcting to lift this much. Slowly getting back in lifting shape 🫣\n\nThe growth will probably plateau soon tho",2,"normal",205,6,,,
"Morning Legs","21 May 2024, 07:09","21 May 2024, 07:49","Did a squat pyramid thing and didn’t record 5-10 min mobility / warmup","Squat (Barbell)",,"Low bar - was not exepcting to lift this much. Slowly getting back in lifting shape 🫣\n\nThe growth will probably plateau soon tho",3,"normal",205,5,,,
"Morning Legs","21 May 2024, 07:09","21 May 2024, 07:49","Did a squat pyramid thing and didn’t record 5-10 min mobility / warmup","Squat (Barbell)",,"Low bar - was not exepcting to lift this much. Slowly getting back in lifting shape 🫣\n\nThe growth will probably plateau soon tho",4,"normal",165,6,,,
"Morning Legs","21 May 2024, 07:09","21 May 2024, 07:49","Did a squat pyramid thing and didn’t record 5-10 min mobility / warmup","Squat (Barbell)",,"Low bar - was not exepcting to lift this much. Slowly getting back in lifting shape 🫣\n\nThe growth will probably plateau soon tho",5,"normal",115,6,,,
"Morning Legs","21 May 2024, 07:09","21 May 2024, 07:49","Did a squat pyramid thing and didn’t record 5-10 min mobility / warmup","Reverse Lunge (Dumbbell)",,"40 + 40 = 80. Use a yoga mat and spread feet the width of one and touch ground with knee for depth. 20 reps = 10 each side",0,"normal",80,20,,,
"Morning Legs","21 May 2024, 07:09","21 May 2024, 07:49","Did a squat pyramid thing and didn’t record 5-10 min mobility / warmup","Reverse Lunge (Dumbbell)",,"40 + 40 = 80. Use a yoga mat and spread feet the width of one and touch ground with knee for depth. 20 reps = 10 each side",1,"normal",80,20,,,
"Morning Legs","21 May 2024, 07:09","21 May 2024, 07:49","Did a squat pyramid thing and didn’t record 5-10 min mobility / warmup","Reverse Lunge (Dumbbell)",,"40 + 40 = 80. Use a yoga mat and spread feet the width of one and touch ground with knee for depth. 20 reps = 10 each side",2,"normal",80,20,,,
"Leg mobility and light sarms","17 May 2024, 08:40","17 May 2024, 09:03","Gonna go on a run now!","Lunge",,"KOT bodyweight 10 each side",0,"normal",,20,,,
"Leg mobility and light sarms","17 May 2024, 08:40","17 May 2024, 09:03","Gonna go on a run now!","Lunge",,"KOT bodyweight 10 each side",1,"normal",,20,,,
"Leg mobility and light sarms","17 May 2024, 08:40","17 May 2024, 09:03","Gonna go on a run now!","Lunge",,"KOT bodyweight 10 each side",2,"normal",,20,,,
"Leg mobility and light sarms","17 May 2024, 08:40","17 May 2024, 09:03","Gonna go on a run now!","Single Leg Hip Thrust",,"Bodyweight",0,"normal",,20,,,
"Leg mobility and light sarms","17 May 2024, 08:40","17 May 2024, 09:03","Gonna go on a run now!","Single Leg Hip Thrust",,"Bodyweight",1,"normal",,20,,,
"Leg mobility and light sarms","17 May 2024, 08:40","17 May 2024, 09:03","Gonna go on a run now!","Single Leg Hip Thrust",,"Bodyweight",2,"normal",,20,,,
"Leg mobility and light sarms","17 May 2024, 08:40","17 May 2024, 09:03","Gonna go on a run now!","Single Leg Romanian Deadlift (Dumbbell)",,"x5 each side, 15lb kettlebell",0,"normal",15,10,,,
"Leg mobility and light sarms","17 May 2024, 08:40","17 May 2024, 09:03","Gonna go on a run now!","Single Leg Romanian Deadlift (Dumbbell)",,"x5 each side, 15lb kettlebell",1,"normal",15,10,,,
"Leg mobility and light sarms","17 May 2024, 08:40","17 May 2024, 09:03","Gonna go on a run now!","Single Leg Romanian Deadlift (Dumbbell)",,"x5 each side, 15lb kettlebell",2,"normal",15,10,,,
"Leg mobility and light sarms","17 May 2024, 08:40","17 May 2024, 09:03","Gonna go on a run now!","Reverse Curl (Dumbbell)",,"20 + 20 = 40",0,"normal",40,10,,,
"Leg mobility and light sarms","17 May 2024, 08:40","17 May 2024, 09:03","Gonna go on a run now!","Reverse Curl (Dumbbell)",,"20 + 20 = 40",1,"normal",40,10,,,
"Leg mobility and light sarms","17 May 2024, 08:40","17 May 2024, 09:03","Gonna go on a run now!","Reverse Curl (Dumbbell)",,"20 + 20 = 40",2,"normal",40,10,,,
"Leg mobility and light sarms","17 May 2024, 08:40","17 May 2024, 09:03","Gonna go on a run now!","Lateral Raise (Dumbbell)",,"20 + 20 = 40",0,"normal",40,10,,,
"Leg mobility and light sarms","17 May 2024, 08:40","17 May 2024, 09:03","Gonna go on a run now!","Lateral Raise (Dumbbell)",,"20 + 20 = 40",1,"normal",40,10,,,
"Leg mobility and light sarms","17 May 2024, 08:40","17 May 2024, 09:03","Gonna go on a run now!","Lateral Raise (Dumbbell)",,"20 + 20 = 40",2,"normal",40,10,,,
"Leg mobility and light sarms","17 May 2024, 08:40","17 May 2024, 09:03","Gonna go on a run now!","Clamshell",,"",0,"normal",,12,,,
"Leg mobility and light sarms","17 May 2024, 08:40","17 May 2024, 09:03","Gonna go on a run now!","Clamshell",,"",1,"normal",,12,,,
"Push","16 May 2024, 07:15","16 May 2024, 07:57","","Bench Press (Barbell)",,"Barely got the last set, elbows started flaring out",0,"warmup",115,5,,,
"Push","16 May 2024, 07:15","16 May 2024, 07:57","","Bench Press (Barbell)",,"Barely got the last set, elbows started flaring out",1,"normal",145,5,,,
"Push","16 May 2024, 07:15","16 May 2024, 07:57","","Bench Press (Barbell)",,"Barely got the last set, elbows started flaring out",2,"normal",155,5,,,
"Push","16 May 2024, 07:15","16 May 2024, 07:57","","Bench Press (Barbell)",,"Barely got the last set, elbows started flaring out",3,"normal",165,5,,,
"Push","16 May 2024, 07:15","16 May 2024, 07:57","","Incline Bench Press (Barbell)",,"Closer grip here. Missed 7th rep of last set",0,"normal",115,5,,,
"Push","16 May 2024, 07:15","16 May 2024, 07:57","","Incline Bench Press (Barbell)",,"Closer grip here. Missed 7th rep of last set",1,"normal",115,5,,,
"Push","16 May 2024, 07:15","16 May 2024, 07:57","","Incline Bench Press (Barbell)",,"Closer grip here. Missed 7th rep of last set",2,"normal",115,7,,,
"Push","16 May 2024, 07:15","16 May 2024, 07:57","","Incline Bench Press (Barbell)",,"Closer grip here. Missed 7th rep of last set",3,"failure",115,7,,,
"Push","16 May 2024, 07:15","16 May 2024, 07:57","","Lateral Raise (Cable)",,"Single Arm, 5lbs cable + 5lbs dumbell. 10lbs reps each side",0,"normal",10,20,,,
"Push","16 May 2024, 07:15","16 May 2024, 07:57","","Lateral Raise (Cable)",,"Single Arm, 5lbs cable + 5lbs dumbell. 10lbs reps each side",1,"normal",15,14,,,
"Push","16 May 2024, 07:15","16 May 2024, 07:57","","Triceps Rope Pushdown",,"",0,"normal",35,12,,,
"Push","16 May 2024, 07:15","16 May 2024, 07:57","","Triceps Rope Pushdown",,"",1,"normal",35,12,,,
"Push","16 May 2024, 07:15","16 May 2024, 07:57","","Rope Straight Arm Pulldown",,"",0,"normal",35,12,,,
"Push","16 May 2024, 07:15","16 May 2024, 07:57","","Rope Straight Arm Pulldown",,"",1,"normal",35,12,,,
"Pull","15 May 2024, 07:14","15 May 2024, 07:58","Weights are moving faster again, getting back into it 💪","Spinning",,"",0,"normal",,,,120,
"Pull","15 May 2024, 07:14","15 May 2024, 07:58","Weights are moving faster again, getting back into it 💪","Seated Row (Machine)",,"Did two sets then switched to deadlift then back fo seated row",0,"normal",120,12,,,
"Pull","15 May 2024, 07:14","15 May 2024, 07:58","Weights are moving faster again, getting back into it 💪","Seated Row (Machine)",,"Did two sets then switched to deadlift then back fo seated row",1,"normal",130,12,,,
"Pull","15 May 2024, 07:14","15 May 2024, 07:58","Weights are moving faster again, getting back into it 💪","Seated Row (Machine)",,"Did two sets then switched to deadlift then back fo seated row",2,"normal",130,12,,,
"Pull","15 May 2024, 07:14","15 May 2024, 07:58","Weights are moving faster again, getting back into it 💪","Seated Row (Machine)",,"Did two sets then switched to deadlift then back fo seated row",3,"normal",130,12,,,
"Pull","15 May 2024, 07:14","15 May 2024, 07:58","Weights are moving faster again, getting back into it 💪","Deadlift (Barbell)",,"",0,"warmup",115,6,,,
"Pull","15 May 2024, 07:14","15 May 2024, 07:58","Weights are moving faster again, getting back into it 💪","Deadlift (Barbell)",,"",1,"warmup",165,5,,,
"Pull","15 May 2024, 07:14","15 May 2024, 07:58","Weights are moving faster again, getting back into it 💪","Deadlift (Barbell)",,"",2,"normal",205,5,,,
"Pull","15 May 2024, 07:14","15 May 2024, 07:58","Weights are moving faster again, getting back into it 💪","Deadlift (Barbell)",,"",3,"normal",205,6,,,
"Pull","15 May 2024, 07:14","15 May 2024, 07:58","Weights are moving faster again, getting back into it 💪","Deadlift (Barbell)",,"",4,"normal",205,6,,,
"Pull","15 May 2024, 07:14","15 May 2024, 07:58","Weights are moving faster again, getting back into it 💪","Hang Clean",,"",0,"normal",115,5,,,
"Pull","15 May 2024, 07:14","15 May 2024, 07:58","Weights are moving faster again, getting back into it 💪","Hang Clean",,"",1,"normal",135,5,,,
"Pull","15 May 2024, 07:14","15 May 2024, 07:58","Weights are moving faster again, getting back into it 💪","Hang Clean",,"",2,"normal",135,5,,,
"Pull","15 May 2024, 07:14","15 May 2024, 07:58","Weights are moving faster again, getting back into it 💪","Scapular Pull Ups",,"",0,"normal",,10,,,
"Pull","15 May 2024, 07:14","15 May 2024, 07:58","Weights are moving faster again, getting back into it 💪","Scapular Pull Ups",,"",1,"normal",,10,,,
"Pull","15 May 2024, 07:14","15 May 2024, 07:58","Weights are moving faster again, getting back into it 💪","Negative Pull Up",,"",0,"normal",,5,,,
"Pull","15 May 2024, 07:14","15 May 2024, 07:58","Weights are moving faster again, getting back into it 💪","Negative Pull Up",,"",1,"normal",,5,,,
"Morning Legs","14 May 2024, 07:11","14 May 2024, 07:55","Feeling better","Sled Push",,"Walking backward on treadmill",0,"normal",,,0.06,150,
"Morning Legs","14 May 2024, 07:11","14 May 2024, 07:55","Feeling better","Squat (Barbell)",,"Low bar",0,"warmup",115,6,,,
"Morning Legs","14 May 2024, 07:11","14 May 2024, 07:55","Feeling better","Squat (Barbell)",,"Low bar",1,"normal",165,6,,,
"Morning Legs","14 May 2024, 07:11","14 May 2024, 07:55","Feeling better","Squat (Barbell)",,"Low bar",2,"normal",185,6,,,
"Morning Legs","14 May 2024, 07:11","14 May 2024, 07:55","Feeling better","Squat (Barbell)",,"Low bar",3,"normal",195,6,,,
"Morning Legs","14 May 2024, 07:11","14 May 2024, 07:55","Feeling better","Reverse Lunge (Dumbbell)",,"30 + 30 = 60. Use a yoga mat and spread feet the width of one and touch ground with knee for depth. 20 reps = 10 each side",0,"normal",60,20,,,
"Morning Legs","14 May 2024, 07:11","14 May 2024, 07:55","Feeling better","Reverse Lunge (Dumbbell)",,"30 + 30 = 60. Use a yoga mat and spread feet the width of one and touch ground with knee for depth. 20 reps = 10 each side",1,"normal",80,20,,,
"Morning Legs","14 May 2024, 07:11","14 May 2024, 07:55","Feeling better","Reverse Lunge (Dumbbell)",,"30 + 30 = 60. Use a yoga mat and spread feet the width of one and touch ground with knee for depth. 20 reps = 10 each side",2,"normal",80,20,,,
"Morning Legs","14 May 2024, 07:11","14 May 2024, 07:55","Feeling better","Clamshell",,"",0,"normal",,12,,,
"Morning Legs","14 May 2024, 07:11","14 May 2024, 07:55","Feeling better","Clamshell",,"",1,"normal",,12,,,
"Morning Legs","14 May 2024, 07:11","14 May 2024, 07:55","Feeling better","Clamshell",,"",2,"normal",,12,,,
"Push","9 May 2024, 07:17","9 May 2024, 07:47","","Incline Bench Press (Dumbbell)",,"",0,"warmup",30,10,,,
"Push","9 May 2024, 07:17","9 May 2024, 07:47","","Incline Bench Press (Dumbbell)",,"",1,"warmup",80,10,,,
"Push","9 May 2024, 07:17","9 May 2024, 07:47","","Incline Bench Press (Dumbbell)",,"",2,"normal",100,10,,,
"Push","9 May 2024, 07:17","9 May 2024, 07:47","","Incline Bench Press (Dumbbell)",,"",3,"normal",100,10,,,
"Push","9 May 2024, 07:17","9 May 2024, 07:47","","Incline Bench Press (Dumbbell)",,"",4,"normal",100,8,,,
"Push","9 May 2024, 07:17","9 May 2024, 07:47","","Bench Press (Barbell)",,"",0,"warmup",115,5,,,
"Push","9 May 2024, 07:17","9 May 2024, 07:47","","Bench Press (Barbell)",,"",1,"normal",145,5,,,
"Push","9 May 2024, 07:17","9 May 2024, 07:47","","Bench Press (Barbell)",,"",2,"normal",145,5,,,
"Push","9 May 2024, 07:17","9 May 2024, 07:47","","Bench Press (Barbell)",,"",3,"normal",145,5,,,
"Pull","8 May 2024, 07:21","8 May 2024, 07:57","","Sled Push",,"Walking backward on treadmill",0,"normal",,,0.03,150,
"Pull","8 May 2024, 07:21","8 May 2024, 07:57","","Deadlift (Barbell)",,"",0,"warmup",115,6,,,
"Pull","8 May 2024, 07:21","8 May 2024, 07:57","","Deadlift (Barbell)",,"",1,"warmup",165,5,,,
"Pull","8 May 2024, 07:21","8 May 2024, 07:57","","Deadlift (Barbell)",,"",2,"normal",205,5,,,
"Pull","8 May 2024, 07:21","8 May 2024, 07:57","","Deadlift (Barbell)",,"",3,"normal",205,5,,,
"Pull","8 May 2024, 07:21","8 May 2024, 07:57","","Deadlift (Barbell)",,"",4,"normal",205,5,,,
"Pull","8 May 2024, 07:21","8 May 2024, 07:57","","Seated Row (Machine)",,"",0,"normal",120,12,,,
"Pull","8 May 2024, 07:21","8 May 2024, 07:57","","Seated Row (Machine)",,"",1,"normal",130,12,,,
"Pull","8 May 2024, 07:21","8 May 2024, 07:57","","Seated Row (Machine)",,"",2,"normal",130,12,,,
"Pull","8 May 2024, 07:21","8 May 2024, 07:57","","Seated Row (Machine)",,"",3,"normal",130,12,,,
"Pull","8 May 2024, 07:21","8 May 2024, 07:57","","Scapular Pull Ups",,"",0,"normal",,10,,,
"Pull","8 May 2024, 07:21","8 May 2024, 07:57","","Scapular Pull Ups",,"",1,"normal",,10,,,
"Pull","8 May 2024, 07:21","8 May 2024, 07:57","","Negative Pull Up",,"",0,"normal",,5,,,
"Pull","8 May 2024, 07:21","8 May 2024, 07:57","","Negative Pull Up",,"",1,"normal",,5,,,
"Morning Legs","7 May 2024, 07:01","7 May 2024, 07:42","Weight doesn’t move as well as it did in college hahaha. Single leg strength is so much better now tho and the low bar squat is feeling not bad","Sled Push",,"Walking backward on treadmill",0,"normal",,,0.06,300,
"Morning Legs","7 May 2024, 07:01","7 May 2024, 07:42","Weight doesn’t move as well as it did in college hahaha. Single leg strength is so much better now tho and the low bar squat is feeling not bad","Squat (Barbell)",,"Low bar",0,"warmup",115,6,,,
"Morning Legs","7 May 2024, 07:01","7 May 2024, 07:42","Weight doesn’t move as well as it did in college hahaha. Single leg strength is so much better now tho and the low bar squat is feeling not bad","Squat (Barbell)",,"Low bar",1,"normal",165,6,,,
"Morning Legs","7 May 2024, 07:01","7 May 2024, 07:42","Weight doesn’t move as well as it did in college hahaha. Single leg strength is so much better now tho and the low bar squat is feeling not bad","Squat (Barbell)",,"Low bar",2,"normal",185,4,,,
"Morning Legs","7 May 2024, 07:01","7 May 2024, 07:42","Weight doesn’t move as well as it did in college hahaha. Single leg strength is so much better now tho and the low bar squat is feeling not bad","Squat (Barbell)",,"Low bar",3,"normal",185,5,,,
"Morning Legs","7 May 2024, 07:01","7 May 2024, 07:42","Weight doesn’t move as well as it did in college hahaha. Single leg strength is so much better now tho and the low bar squat is feeling not bad","Reverse Lunge (Dumbbell)",,"20 + 20 = 40. Use a yoga mat and spread feet the width of one and touch ground with knee for depth",0,"normal",40,20,,,
"Morning Legs","7 May 2024, 07:01","7 May 2024, 07:42","Weight doesn’t move as well as it did in college hahaha. Single leg strength is so much better now tho and the low bar squat is feeling not bad","Reverse Lunge (Dumbbell)",,"20 + 20 = 40. Use a yoga mat and spread feet the width of one and touch ground with knee for depth",1,"normal",60,20,,,
"Morning Legs","7 May 2024, 07:01","7 May 2024, 07:42","Weight doesn’t move as well as it did in college hahaha. Single leg strength is so much better now tho and the low bar squat is feeling not bad","Reverse Lunge (Dumbbell)",,"20 + 20 = 40. Use a yoga mat and spread feet the width of one and touch ground with knee for depth",2,"normal",60,20,,,
"Morning Legs","7 May 2024, 07:01","7 May 2024, 07:42","Weight doesn’t move as well as it did in college hahaha. Single leg strength is so much better now tho and the low bar squat is feeling not bad","Clamshell",,"",0,"normal",,12,,,
"Morning Legs","7 May 2024, 07:01","7 May 2024, 07:42","Weight doesn’t move as well as it did in college hahaha. Single leg strength is so much better now tho and the low bar squat is feeling not bad","Clamshell",,"",1,"normal",,12,,,
"Morning Legs","7 May 2024, 07:01","7 May 2024, 07:42","Weight doesn’t move as well as it did in college hahaha. Single leg strength is so much better now tho and the low bar squat is feeling not bad","Clamshell",,"",2,"normal",,12,,,
"Mobility, Core, Sarms","6 May 2024, 08:12","6 May 2024, 08:54","Trying to get back into it","Sled Push",,"Walking backward on treadmill",0,"normal",,,0.05,180,
"Mobility, Core, Sarms","6 May 2024, 08:12","6 May 2024, 08:54","Trying to get back into it","Sit Up",,"",0,"normal",,20,,,
"Mobility, Core, Sarms","6 May 2024, 08:12","6 May 2024, 08:54","Trying to get back into it","Sit Up",,"",1,"normal",,20,,,
"Mobility, Core, Sarms","6 May 2024, 08:12","6 May 2024, 08:54","Trying to get back into it","Russian Twist (Bodyweight)",,"1 rep = touching both sides",0,"normal",,20,,,
"Mobility, Core, Sarms","6 May 2024, 08:12","6 May 2024, 08:54","Trying to get back into it","Russian Twist (Bodyweight)",,"1 rep = touching both sides",1,"normal",,20,,,
"Mobility, Core, Sarms","6 May 2024, 08:12","6 May 2024, 08:54","Trying to get back into it","Heel Taps",,"1 rep = touching both sides",0,"normal",,20,,,
"Mobility, Core, Sarms","6 May 2024, 08:12","6 May 2024, 08:54","Trying to get back into it","Heel Taps",,"1 rep = touching both sides",1,"normal",,20,,,
"Mobility, Core, Sarms","6 May 2024, 08:12","6 May 2024, 08:54","Trying to get back into it","Side Bend (Dumbbell)",,"1 rep = left side and right side",0,"normal",35,20,,,
"Mobility, Core, Sarms","6 May 2024, 08:12","6 May 2024, 08:54","Trying to get back into it","Side Bend (Dumbbell)",,"1 rep = left side and right side",1,"normal",35,20,,,
"Mobility, Core, Sarms","6 May 2024, 08:12","6 May 2024, 08:54","Trying to get back into it","Clamshell",,"With gray resistance band",0,"normal",,12,,,
"Mobility, Core, Sarms","6 May 2024, 08:12","6 May 2024, 08:54","Trying to get back into it","Clamshell",,"With gray resistance band",1,"normal",,12,,,
"Mobility, Core, Sarms","6 May 2024, 08:12","6 May 2024, 08:54","Trying to get back into it","Lateral Raise (Dumbbell)",,"15 + 15 = 30",0,"normal",30,10,,,
"Mobility, Core, Sarms","6 May 2024, 08:12","6 May 2024, 08:54","Trying to get back into it","Lateral Raise (Dumbbell)",,"15 + 15 = 30",1,"normal",30,10,,,
"Mobility, Core, Sarms","6 May 2024, 08:12","6 May 2024, 08:54","Trying to get back into it","Lateral Raise (Dumbbell)",,"15 + 15 = 30",2,"normal",30,10,,,
"Mobility, Core, Sarms","6 May 2024, 08:12","6 May 2024, 08:54","Trying to get back into it","Rear Delt Reverse Fly (Dumbbell)",,"",0,"normal",30,10,,,
"Mobility, Core, Sarms","6 May 2024, 08:12","6 May 2024, 08:54","Trying to get back into it","Rear Delt Reverse Fly (Dumbbell)",,"",1,"normal",30,10,,,
"Mobility, Core, Sarms","6 May 2024, 08:12","6 May 2024, 08:54","Trying to get back into it","Rear Delt Reverse Fly (Dumbbell)",,"",2,"normal",30,10,,,
"Mobility, Core, Sarms","6 May 2024, 08:12","6 May 2024, 08:54","Trying to get back into it","Front Raise (Dumbbell)",,"",0,"normal",30,10,,,
"Mobility, Core, Sarms","6 May 2024, 08:12","6 May 2024, 08:54","Trying to get back into it","Front Raise (Dumbbell)",,"",1,"normal",30,10,,,
"Mobility, Core, Sarms","6 May 2024, 08:12","6 May 2024, 08:54","Trying to get back into it","Front Raise (Dumbbell)",,"",2,"normal",30,10,,,
"Mobility, Core, Sarms","6 May 2024, 08:12","6 May 2024, 08:54","Trying to get back into it","Overhead Press (Smith Machine)",,"Seated",0,"normal",75,6,,,
"Mobility, Core, Sarms","6 May 2024, 08:12","6 May 2024, 08:54","Trying to get back into it","Overhead Press (Smith Machine)",,"Seated",1,"normal",75,6,,,
"Mobility, Core, Sarms","6 May 2024, 08:12","6 May 2024, 08:54","Trying to get back into it","Overhead Press (Smith Machine)",,"Seated",2,"normal",75,6,,,
"Evening workout 🏋️","29 Sep 2023, 21:17","29 Sep 2023, 21:44","","Lat Pulldown (Cable)",0,"",0,"normal",80,10,,,
"Evening workout 🏋️","29 Sep 2023, 21:17","29 Sep 2023, 21:44","","Lat Pulldown (Cable)",0,"",1,"normal",90,10,,,
"Evening workout 🏋️","29 Sep 2023, 21:17","29 Sep 2023, 21:44","","Lat Pulldown (Cable)",0,"",2,"normal",100,10,,,
"Evening workout 🏋️","29 Sep 2023, 21:17","29 Sep 2023, 21:44","","Seated Row (Machine)",0,"",0,"normal",80,10,,,
"Evening workout 🏋️","29 Sep 2023, 21:17","29 Sep 2023, 21:44","","Seated Row (Machine)",0,"",1,"normal",90,10,,,
"Evening workout 🏋️","29 Sep 2023, 21:17","29 Sep 2023, 21:44","","Seated Row (Machine)",0,"",2,"normal",100,10,,,
"Evening workout 🏋️","29 Sep 2023, 21:17","29 Sep 2023, 21:44","","Overhead Press (Dumbbell)",1,"",0,"normal",70,10,,,
"Evening workout 🏋️","29 Sep 2023, 21:17","29 Sep 2023, 21:44","","Overhead Press (Dumbbell)",1,"",1,"normal",70,10,,,
"Evening workout 🏋️","29 Sep 2023, 21:17","29 Sep 2023, 21:44","","Overhead Press (Dumbbell)",1,"",2,"normal",70,10,,,
"Evening workout 🏋️","29 Sep 2023, 21:17","29 Sep 2023, 21:44","","Triceps Extension (Dumbbell)",1,"",0,"normal",35,12,,,
"Evening workout 🏋️","29 Sep 2023, 21:17","29 Sep 2023, 21:44","","Triceps Extension (Dumbbell)",1,"",1,"normal",35,12,,,
"Evening workout 🏋️","29 Sep 2023, 21:17","29 Sep 2023, 21:44","","Triceps Extension (Dumbbell)",1,"",2,"normal",35,12,,,
"Evening workout 🏋️","29 Sep 2023, 21:17","29 Sep 2023, 21:44","","Front Raise (Dumbbell)",2,"",0,"normal",30,10,,,
"Evening workout 🏋️","29 Sep 2023, 21:17","29 Sep 2023, 21:44","","Front Raise (Dumbbell)",2,"",1,"normal",30,10,,,
"Evening workout 🏋️","29 Sep 2023, 21:17","29 Sep 2023, 21:44","","Front Raise (Dumbbell)",2,"",2,"normal",30,10,,,
"Evening workout 🏋️","29 Sep 2023, 21:17","29 Sep 2023, 21:44","","Lateral Raise (Dumbbell)",2,"",0,"normal",30,10,,,
"Evening workout 🏋️","29 Sep 2023, 21:17","29 Sep 2023, 21:44","","Lateral Raise (Dumbbell)",2,"",1,"normal",30,10,,,
"Evening workout 🏋️","29 Sep 2023, 21:17","29 Sep 2023, 21:44","","Lateral Raise (Dumbbell)",2,"",2,"normal",30,10,,,
"Evening workout 🏋️","29 Sep 2023, 21:17","29 Sep 2023, 21:44","","Leg Press Horizontal (Machine)",,"",0,"normal",20,12,,,
"Evening workout 🏋️","29 Sep 2023, 21:17","29 Sep 2023, 21:44","","Leg Press Horizontal (Machine)",,"",1,"normal",20,12,,,
"Evening workout 🏋️","29 Sep 2023, 21:17","29 Sep 2023, 21:44","","Leg Press Horizontal (Machine)",,"",2,"normal",20,12,,,
"Afternoon workout 💪","23 Sep 2023, 14:53","23 Sep 2023, 16:05","","Bench Press (Barbell)",,"",0,"warmup",135,6,,,
"Afternoon workout 💪","23 Sep 2023, 14:53","23 Sep 2023, 16:05","","Bench Press (Barbell)",,"",1,"normal",165,6,,,
"Afternoon workout 💪","23 Sep 2023, 14:53","23 Sep 2023, 16:05","","Bench Press (Barbell)",,"",2,"normal",165,8,,,
"Afternoon workout 💪","23 Sep 2023, 14:53","23 Sep 2023, 16:05","","Bench Press (Barbell)",,"",3,"normal",165,8,,,
"Afternoon workout 💪","23 Sep 2023, 14:53","23 Sep 2023, 16:05","","Incline Bench Press (Dumbbell)",,"",0,"normal",90,10,,,
"Afternoon workout 💪","23 Sep 2023, 14:53","23 Sep 2023, 16:05","","Incline Bench Press (Dumbbell)",,"",1,"normal",100,10,,,
"Afternoon workout 💪","23 Sep 2023, 14:53","23 Sep 2023, 16:05","","Incline Bench Press (Dumbbell)",,"",2,"normal",100,12,,,
"Afternoon workout 💪","23 Sep 2023, 14:53","23 Sep 2023, 16:05","","Triceps Extension (Dumbbell)",,"",0,"normal",35,12,,,
"Afternoon workout 💪","23 Sep 2023, 14:53","23 Sep 2023, 16:05","","Triceps Extension (Dumbbell)",,"",1,"normal",40,12,,,
"Afternoon workout 💪","23 Sep 2023, 14:53","23 Sep 2023, 16:05","","Triceps Extension (Dumbbell)",,"",2,"normal",45,12,,,
"Afternoon workout 💪","23 Sep 2023, 14:53","23 Sep 2023, 16:05","","Cable Fly Crossovers",,"",0,"normal",45,15,,,
"Afternoon workout 💪","23 Sep 2023, 14:53","23 Sep 2023, 16:05","","Cable Fly Crossovers",,"",1,"normal",55,15,,,
"Afternoon workout 💪","23 Sep 2023, 14:53","23 Sep 2023, 16:05","","Cable Fly Crossovers",,"",2,"normal",65,10,,,
"Afternoon workout 💪","23 Sep 2023, 14:53","23 Sep 2023, 16:05","","Triceps Rope Pushdown",,"",0,"normal",32.5,12,,,
"Afternoon workout 💪","23 Sep 2023, 14:53","23 Sep 2023, 16:05","","Triceps Rope Pushdown",,"",1,"normal",37.5,12,,,
"Afternoon workout 💪","23 Sep 2023, 14:53","23 Sep 2023, 16:05","","Triceps Rope Pushdown",,"",2,"normal",37.5,10,,,
"Power Pull","13 Sep 2023, 07:26","13 Sep 2023, 07:49","","Bent Over Row (Barbell)",0,"",0,"normal",115,12,,,
"Power Pull","13 Sep 2023, 07:26","13 Sep 2023, 07:49","","Bent Over Row (Barbell)",0,"",1,"normal",135,10,,,
"Power Pull","13 Sep 2023, 07:26","13 Sep 2023, 07:49","","Bent Over Row (Barbell)",0,"",2,"normal",155,9,,,
"Power Pull","13 Sep 2023, 07:26","13 Sep 2023, 07:49","","Bent Over Row (Barbell)",0,"",3,"normal",165,8,,,
"Power Pull","13 Sep 2023, 07:26","13 Sep 2023, 07:49","","Romanian Deadlift (Barbell)",0,"",0,"normal",115,8,,,
"Power Pull","13 Sep 2023, 07:26","13 Sep 2023, 07:49","","Romanian Deadlift (Barbell)",0,"",1,"normal",135,8,,,
"Power Pull","13 Sep 2023, 07:26","13 Sep 2023, 07:49","","Romanian Deadlift (Barbell)",0,"",2,"normal",155,8,,,
"Power Pull","13 Sep 2023, 07:26","13 Sep 2023, 07:49","","Romanian Deadlift (Barbell)",0,"",3,"normal",165,8,,,
"Power Push","12 Sep 2023, 07:17","12 Sep 2023, 07:56","","Bench Press (Barbell)",,"",0,"warmup",115,10,,,
"Power Push","12 Sep 2023, 07:17","12 Sep 2023, 07:56","","Bench Press (Barbell)",,"",1,"normal",165,7,,,
"Power Push","12 Sep 2023, 07:17","12 Sep 2023, 07:56","","Bench Press (Barbell)",,"",2,"normal",175,6,,,
"Power Push","12 Sep 2023, 07:17","12 Sep 2023, 07:56","","Bench Press (Barbell)",,"",3,"normal",185,5,,,
"Power Push","12 Sep 2023, 07:17","12 Sep 2023, 07:56","","Bench Press (Barbell)",,"",4,"normal",195,3,,,
"Power Push","12 Sep 2023, 07:17","12 Sep 2023, 07:56","","Seated Overhead Press (Dumbbell)",,"",0,"normal",100,6,,,
"Power Push","12 Sep 2023, 07:17","12 Sep 2023, 07:56","","Seated Overhead Press (Dumbbell)",,"",1,"normal",100,8,,,
"Power Push","12 Sep 2023, 07:17","12 Sep 2023, 07:56","","Seated Overhead Press (Dumbbell)",,"",2,"normal",100,8,,,
"Little but if everything","8 Sep 2023, 19:21","8 Sep 2023, 20:02","","Bench Press (Barbell)",,"",0,"warmup",115,6,,,
"Little but if everything","8 Sep 2023, 19:21","8 Sep 2023, 20:02","","Bench Press (Barbell)",,"",1,"warmup",115,6,,,
"Little but if everything","8 Sep 2023, 19:21","8 Sep 2023, 20:02","","Bench Press (Barbell)",,"",2,"normal",165,5,,,
"Little but if everything","8 Sep 2023, 19:21","8 Sep 2023, 20:02","","Bench Press (Barbell)",,"",3,"normal",165,7,,,
"Little but if everything","8 Sep 2023, 19:21","8 Sep 2023, 20:02","","Bench Press (Barbell)",,"",4,"normal",165,7,,,
"Little but if everything","8 Sep 2023, 19:21","8 Sep 2023, 20:02","","Bent Over Row (Barbell)",,"",0,"normal",115,10,,,
"Little but if everything","8 Sep 2023, 19:21","8 Sep 2023, 20:02","","Bent Over Row (Barbell)",,"",1,"normal",135,10,,,
"Little but if everything","8 Sep 2023, 19:21","8 Sep 2023, 20:02","","Bent Over Row (Barbell)",,"",2,"normal",135,10,,,
"Little but if everything","8 Sep 2023, 19:21","8 Sep 2023, 20:02","","Shrug (Smith Machine)",,"De-inflating volume 135 = 14",0,"normal",14,15,,,
"Little but if everything","8 Sep 2023, 19:21","8 Sep 2023, 20:02","","Shrug (Smith Machine)",,"De-inflating volume 135 = 14",1,"normal",14,10,,,
"Little but if everything","8 Sep 2023, 19:21","8 Sep 2023, 20:02","","Shrug (Smith Machine)",,"De-inflating volume 135 = 14",2,"normal",14,10,,,
"Little but if everything","8 Sep 2023, 19:21","8 Sep 2023, 20:02","","Front Raise (Dumbbell)",,"",0,"normal",30,10,,,
"Little but if everything","8 Sep 2023, 19:21","8 Sep 2023, 20:02","","Front Raise (Dumbbell)",,"",1,"normal",30,10,,,
"Little but if everything","8 Sep 2023, 19:21","8 Sep 2023, 20:02","","Front Raise (Dumbbell)",,"",2,"normal",30,10,,,
"Little but if everything","8 Sep 2023, 19:21","8 Sep 2023, 20:02","","Reverse Curl (Dumbbell)",,"",0,"normal",30,10,,,
"Little but if everything","8 Sep 2023, 19:21","8 Sep 2023, 20:02","","Reverse Curl (Dumbbell)",,"",1,"normal",30,10,,,
"Little but if everything","8 Sep 2023, 19:21","8 Sep 2023, 20:02","","Reverse Curl (Dumbbell)",,"",2,"normal",30,10,,,
"Little but if everything","8 Sep 2023, 19:21","8 Sep 2023, 20:02","","Skullcrusher (Barbell)",,"Ez curl bar",0,"normal",30,15,,,
"Little but if everything","8 Sep 2023, 19:21","8 Sep 2023, 20:02","","Skullcrusher (Barbell)",,"Ez curl bar",1,"normal",30,15,,,
"Little but if everything","8 Sep 2023, 19:21","8 Sep 2023, 20:02","","Skullcrusher (Barbell)",,"Ez curl bar",2,"normal",30,15,,,
"Little but if everything","8 Sep 2023, 19:21","8 Sep 2023, 20:02","","Hip Adduction (Machine)",,"Deflate volume, 140 = 14",0,"normal",14,10,,,
"Little but if everything","8 Sep 2023, 19:21","8 Sep 2023, 20:02","","Hip Adduction (Machine)",,"Deflate volume, 140 = 14",1,"normal",14,10,,,
"Little but if everything","8 Sep 2023, 19:21","8 Sep 2023, 20:02","","Hip Adduction (Machine)",,"Deflate volume, 140 = 14",2,"normal",14,10,,,
"Little but if everything","8 Sep 2023, 19:21","8 Sep 2023, 20:02","","Hip Abduction (Machine)",,"Deflate volume, 140 = 14",0,"normal",14,10,,,
"Little but if everything","8 Sep 2023, 19:21","8 Sep 2023, 20:02","","Hip Abduction (Machine)",,"Deflate volume, 140 = 14",1,"normal",14,10,,,
"Little but if everything","8 Sep 2023, 19:21","8 Sep 2023, 20:02","","Hip Abduction (Machine)",,"Deflate volume, 140 = 14",2,"normal",14,10,,,
"Quick legs","6 Sep 2023, 21:55","6 Sep 2023, 22:27","","Reverse Lunge (Dumbbell)",,"",0,"normal",80,16,,,
"Quick legs","6 Sep 2023, 21:55","6 Sep 2023, 22:27","","Reverse Lunge (Dumbbell)",,"",1,"normal",80,16,,,
"Quick legs","6 Sep 2023, 21:55","6 Sep 2023, 22:27","","Reverse Lunge (Dumbbell)",,"",2,"normal",80,16,,,
"Quick legs","6 Sep 2023, 21:55","6 Sep 2023, 22:27","","Romanian Deadlift (Dumbbell)",,"",0,"normal",80,12,,,
"Quick legs","6 Sep 2023, 21:55","6 Sep 2023, 22:27","","Romanian Deadlift (Dumbbell)",,"",1,"normal",80,12,,,
"Quick legs","6 Sep 2023, 21:55","6 Sep 2023, 22:27","","Romanian Deadlift (Dumbbell)",,"",2,"normal",80,10,,,
"Quick legs","6 Sep 2023, 21:55","6 Sep 2023, 22:27","","Squat (Barbell)",,"",0,"normal",165,6,,,
"Quick legs","6 Sep 2023, 21:55","6 Sep 2023, 22:27","","Squat (Barbell)",,"",1,"normal",165,6,,,
"Quick legs","6 Sep 2023, 21:55","6 Sep 2023, 22:27","","Squat (Barbell)",,"",2,"normal",165,6,,,
"Push Pull","4 Sep 2023, 10:50","4 Sep 2023, 11:32","","Incline Bench Press (Dumbbell)",,"",0,"normal",100,12,,,
"Push Pull","4 Sep 2023, 10:50","4 Sep 2023, 11:32","","Incline Bench Press (Dumbbell)",,"",1,"normal",100,12,,,
"Push Pull","4 Sep 2023, 10:50","4 Sep 2023, 11:32","","Incline Bench Press (Dumbbell)",,"",2,"normal",100,12,,,
"Push Pull","4 Sep 2023, 10:50","4 Sep 2023, 11:32","","Overhead Press (Smith Machine)",,"",0,"normal",75,8,,,
"Push Pull","4 Sep 2023, 10:50","4 Sep 2023, 11:32","","Overhead Press (Smith Machine)",,"",1,"normal",75,8,,,
"Push Pull","4 Sep 2023, 10:50","4 Sep 2023, 11:32","","Overhead Press (Smith Machine)",,"",2,"normal",75,10,,,
"Push Pull","4 Sep 2023, 10:50","4 Sep 2023, 11:32","","Seated Row (Machine)",0,"-20 nerf volume",0,"normal",100,10,,,
"Push Pull","4 Sep 2023, 10:50","4 Sep 2023, 11:32","","Seated Row (Machine)",0,"-20 nerf volume",1,"normal",100,10,,,
"Push Pull","4 Sep 2023, 10:50","4 Sep 2023, 11:32","","Seated Row (Machine)",0,"-20 nerf volume",2,"normal",100,10,,,
"Push Pull","4 Sep 2023, 10:50","4 Sep 2023, 11:32","","Lat Pulldown (Cable)",0,"-20 nerf volume",0,"normal",100,10,,,
"Push Pull","4 Sep 2023, 10:50","4 Sep 2023, 11:32","","Lat Pulldown (Cable)",0,"-20 nerf volume",1,"normal",100,10,,,
"Push Pull","4 Sep 2023, 10:50","4 Sep 2023, 11:32","","Lat Pulldown (Cable)",0,"-20 nerf volume",2,"normal",100,10,,,
"Push Pull","4 Sep 2023, 10:50","4 Sep 2023, 11:32","","Triceps Rope Pushdown",,"",0,"normal",35,10,,,
"Push Pull","4 Sep 2023, 10:50","4 Sep 2023, 11:32","","Triceps Rope Pushdown",,"",1,"normal",35,10,,,
"Push Pull","4 Sep 2023, 10:50","4 Sep 2023, 11:32","","Triceps Rope Pushdown",,"",2,"normal",35,10,,,
"Push Pull","4 Sep 2023, 10:50","4 Sep 2023, 11:32","","Rope Straight Arm Pulldown",,"",0,"normal",35,10,,,
"Push Pull","4 Sep 2023, 10:50","4 Sep 2023, 11:32","","Rope Straight Arm Pulldown",,"",1,"normal",35,10,,,
"Push Pull","4 Sep 2023, 10:50","4 Sep 2023, 11:32","","Rope Straight Arm Pulldown",,"",2,"normal",35,10,,,
"Wasting time","2 Sep 2023, 13:56","2 Sep 2023, 14:39","","Reverse Lunge (Barbell)",,"x5 each side",0,"normal",115,10,,,
"Wasting time","2 Sep 2023, 13:56","2 Sep 2023, 14:39","","Reverse Lunge (Barbell)",,"x5 each side",1,"normal",115,10,,,
"Wasting time","2 Sep 2023, 13:56","2 Sep 2023, 14:39","","Reverse Lunge (Barbell)",,"x5 each side",2,"normal",115,10,,,
"Wasting time","2 Sep 2023, 13:56","2 Sep 2023, 14:39","","Overhead Squat",,"Naw",0,"warmup",40,5,,,
"Wasting time","2 Sep 2023, 13:56","2 Sep 2023, 14:39","","Leg Press Horizontal (Machine)",,"",0,"normal",20,15,,,
"Wasting time","2 Sep 2023, 13:56","2 Sep 2023, 14:39","","Leg Press Horizontal (Machine)",,"",1,"normal",20,15,,,
"Wasting time","2 Sep 2023, 13:56","2 Sep 2023, 14:39","","Leg Press Horizontal (Machine)",,"",2,"normal",20,15,,,
"Wasting time","2 Sep 2023, 13:56","2 Sep 2023, 14:39","","Lat Pulldown (Cable)",,"",0,"normal",100,10,,,
"Wasting time","2 Sep 2023, 13:56","2 Sep 2023, 14:39","","Lat Pulldown (Cable)",,"",1,"normal",100,10,,,
"Wasting time","2 Sep 2023, 13:56","2 Sep 2023, 14:39","","Lat Pulldown (Cable)",,"",2,"normal",100,10,,,
"Late night workout 🌙","31 Aug 2023, 21:34","31 Aug 2023, 22:27","","Shoulder Press (Dumbbell)",1,"",0,"normal",100,10,,,
"Late night workout 🌙","31 Aug 2023, 21:34","31 Aug 2023, 22:27","","Shoulder Press (Dumbbell)",1,"",1,"normal",100,10,,,
"Late night workout 🌙","31 Aug 2023, 21:34","31 Aug 2023, 22:27","","Shoulder Press (Dumbbell)",1,"",2,"normal",100,10,,,
"Late night workout 🌙","31 Aug 2023, 21:34","31 Aug 2023, 22:27","","Shoulder Press (Dumbbell)",1,"",3,"normal",100,12,,,
"Late night workout 🌙","31 Aug 2023, 21:34","31 Aug 2023, 22:27","","Plate Press",1,"",0,"normal",20,12,,,
"Late night workout 🌙","31 Aug 2023, 21:34","31 Aug 2023, 22:27","","Plate Press",1,"",1,"normal",20,12,,,
"Late night workout 🌙","31 Aug 2023, 21:34","31 Aug 2023, 22:27","","Plate Press",1,"",2,"normal",20,12,,,
"Late night workout 🌙","31 Aug 2023, 21:34","31 Aug 2023, 22:27","","Plate Press",1,"",3,"normal",20,12,,,
"Late night workout 🌙","31 Aug 2023, 21:34","31 Aug 2023, 22:27","","Triceps Extension (Dumbbell)",0,"",0,"normal",50,12,,,
"Late night workout 🌙","31 Aug 2023, 21:34","31 Aug 2023, 22:27","","Triceps Extension (Dumbbell)",0,"",1,"normal",50,12,,,
"Late night workout 🌙","31 Aug 2023, 21:34","31 Aug 2023, 22:27","","Triceps Extension (Dumbbell)",0,"",2,"normal",50,12,,,
"Late night workout 🌙","31 Aug 2023, 21:34","31 Aug 2023, 22:27","","Bicep Curl (Dumbbell)",0,"",0,"normal",50,10,,,
"Late night workout 🌙","31 Aug 2023, 21:34","31 Aug 2023, 22:27","","Bicep Curl (Dumbbell)",0,"",1,"normal",50,10,,,
"Late night workout 🌙","31 Aug 2023, 21:34","31 Aug 2023, 22:27","","Bicep Curl (Dumbbell)",0,"",2,"normal",50,10,,,
"Late night workout 🌙","31 Aug 2023, 21:34","31 Aug 2023, 22:27","","Front Squat",2,"",0,"normal",115,5,,,
"Late night workout 🌙","31 Aug 2023, 21:34","31 Aug 2023, 22:27","","Front Squat",2,"",1,"normal",115,8,,,
"Late night workout 🌙","31 Aug 2023, 21:34","31 Aug 2023, 22:27","","Front Squat",2,"",2,"normal",115,8,,,
"Late night workout 🌙","31 Aug 2023, 21:34","31 Aug 2023, 22:27","","Romanian Deadlift (Dumbbell)",2,"",0,"normal",115,8,,,
"Late night workout 🌙","31 Aug 2023, 21:34","31 Aug 2023, 22:27","","Romanian Deadlift (Dumbbell)",2,"",1,"normal",115,10,,,
"Late night workout 🌙","31 Aug 2023, 21:34","31 Aug 2023, 22:27","","Romanian Deadlift (Dumbbell)",2,"",2,"normal",115,10,,,
"Feeling better","30 Aug 2023, 20:30","30 Aug 2023, 21:26","Took a lazy rest day. Much needed rest","Incline Bench Press (Barbell)",0,"",0,"normal",115,7,,,
"Feeling better","30 Aug 2023, 20:30","30 Aug 2023, 21:26","Took a lazy rest day. Much needed rest","Incline Bench Press (Barbell)",0,"",1,"normal",115,7,,,
"Feeling better","30 Aug 2023, 20:30","30 Aug 2023, 21:26","Took a lazy rest day. Much needed rest","Incline Bench Press (Barbell)",0,"",2,"normal",115,7,,,
"Feeling better","30 Aug 2023, 20:30","30 Aug 2023, 21:26","Took a lazy rest day. Much needed rest","Incline Bench Press (Barbell)",0,"",3,"normal",115,7,,,
"Feeling better","30 Aug 2023, 20:30","30 Aug 2023, 21:26","Took a lazy rest day. Much needed rest","Bent Over Row (Barbell)",0,"",0,"normal",115,8,,,
"Feeling better","30 Aug 2023, 20:30","30 Aug 2023, 21:26","Took a lazy rest day. Much needed rest","Bent Over Row (Barbell)",0,"",1,"normal",115,10,,,
"Feeling better","30 Aug 2023, 20:30","30 Aug 2023, 21:26","Took a lazy rest day. Much needed rest","Bent Over Row (Barbell)",0,"",2,"normal",115,10,,,
"Feeling better","30 Aug 2023, 20:30","30 Aug 2023, 21:26","Took a lazy rest day. Much needed rest","Bent Over Row (Barbell)",0,"",3,"normal",115,10,,,
"Feeling better","30 Aug 2023, 20:30","30 Aug 2023, 21:26","Took a lazy rest day. Much needed rest","Lat Pulldown (Cable)",,"",0,"normal",100,10,,,
"Feeling better","30 Aug 2023, 20:30","30 Aug 2023, 21:26","Took a lazy rest day. Much needed rest","Lat Pulldown (Cable)",,"",1,"normal",100,10,,,
"Feeling better","30 Aug 2023, 20:30","30 Aug 2023, 21:26","Took a lazy rest day. Much needed rest","Lat Pulldown (Cable)",,"",2,"normal",100,10,,,
"Feeling better","30 Aug 2023, 20:30","30 Aug 2023, 21:26","Took a lazy rest day. Much needed rest","Overhead Press (Dumbbell)",2,"",0,"normal",80,10,,,
"Feeling better","30 Aug 2023, 20:30","30 Aug 2023, 21:26","Took a lazy rest day. Much needed rest","Overhead Press (Dumbbell)",2,"",1,"normal",80,10,,,
"Feeling better","30 Aug 2023, 20:30","30 Aug 2023, 21:26","Took a lazy rest day. Much needed rest","Overhead Press (Dumbbell)",2,"",2,"normal",80,10,,,
"Feeling better","30 Aug 2023, 20:30","30 Aug 2023, 21:26","Took a lazy rest day. Much needed rest","Bicep Curl (Dumbbell)",2,"",0,"normal",40,12,,,
"Feeling better","30 Aug 2023, 20:30","30 Aug 2023, 21:26","Took a lazy rest day. Much needed rest","Bicep Curl (Dumbbell)",2,"",1,"normal",40,12,,,
"Feeling better","30 Aug 2023, 20:30","30 Aug 2023, 21:26","Took a lazy rest day. Much needed rest","Bicep Curl (Dumbbell)",2,"",2,"normal",40,15,,,
"Feeling better","30 Aug 2023, 20:30","30 Aug 2023, 21:26","Took a lazy rest day. Much needed rest","Triceps Rope Pushdown",3,"",0,"normal",42.5,12,,,
"Feeling better","30 Aug 2023, 20:30","30 Aug 2023, 21:26","Took a lazy rest day. Much needed rest","Triceps Rope Pushdown",3,"",1,"normal",42.5,12,,,
"Feeling better","30 Aug 2023, 20:30","30 Aug 2023, 21:26","Took a lazy rest day. Much needed rest","Triceps Rope Pushdown",3,"",2,"normal",42.5,12,,,
"Feeling better","30 Aug 2023, 20:30","30 Aug 2023, 21:26","Took a lazy rest day. Much needed rest","Rope Straight Arm Pulldown",3,"",0,"normal",42.5,10,,,
"Feeling better","30 Aug 2023, 20:30","30 Aug 2023, 21:26","Took a lazy rest day. Much needed rest","Rope Straight Arm Pulldown",3,"",1,"normal",42.5,10,,,
"Feeling better","30 Aug 2023, 20:30","30 Aug 2023, 21:26","Took a lazy rest day. Much needed rest","Rope Straight Arm Pulldown",3,"",2,"normal",42.5,10,,,
"Feeling better","30 Aug 2023, 20:30","30 Aug 2023, 21:26","Took a lazy rest day. Much needed rest","Front Raise (Dumbbell)",4,"",0,"normal",30,10,,,
"Feeling better","30 Aug 2023, 20:30","30 Aug 2023, 21:26","Took a lazy rest day. Much needed rest","Front Raise (Dumbbell)",4,"",1,"normal",30,10,,,
"Feeling better","30 Aug 2023, 20:30","30 Aug 2023, 21:26","Took a lazy rest day. Much needed rest","Front Raise (Dumbbell)",4,"",2,"normal",30,10,,,
"Feeling better","30 Aug 2023, 20:30","30 Aug 2023, 21:26","Took a lazy rest day. Much needed rest","Lateral Raise (Dumbbell)",4,"",0,"normal",30,10,,,
"Feeling better","30 Aug 2023, 20:30","30 Aug 2023, 21:26","Took a lazy rest day. Much needed rest","Lateral Raise (Dumbbell)",4,"",1,"normal",30,10,,,
"Feeling better","30 Aug 2023, 20:30","30 Aug 2023, 21:26","Took a lazy rest day. Much needed rest","Lateral Raise (Dumbbell)",4,"",2,"normal",30,10,,,
"Super slow","28 Aug 2023, 23:34","29 Aug 2023, 00:31","Rlly lazy and tired today. Had to do something tho","Squat (Barbell)",,"",0,"normal",165,5,,,
"Super slow","28 Aug 2023, 23:34","29 Aug 2023, 00:31","Rlly lazy and tired today. Had to do something tho","Squat (Barbell)",,"",1,"normal",185,5,,,
"Super slow","28 Aug 2023, 23:34","29 Aug 2023, 00:31","Rlly lazy and tired today. Had to do something tho","Squat (Barbell)",,"",2,"normal",195,5,,,
"Super slow","28 Aug 2023, 23:34","29 Aug 2023, 00:31","Rlly lazy and tired today. Had to do something tho","Squat (Barbell)",,"",3,"normal",205,5,,,
"Super slow","28 Aug 2023, 23:34","29 Aug 2023, 00:31","Rlly lazy and tired today. Had to do something tho","Bench Press (Barbell)",,"",0,"normal",165,5,,,
"Super slow","28 Aug 2023, 23:34","29 Aug 2023, 00:31","Rlly lazy and tired today. Had to do something tho","Bench Press (Barbell)",,"",1,"normal",165,5,,,
"Super slow","28 Aug 2023, 23:34","29 Aug 2023, 00:31","Rlly lazy and tired today. Had to do something tho","Bench Press (Barbell)",,"",2,"normal",165,5,,,
"Super slow","28 Aug 2023, 23:34","29 Aug 2023, 00:31","Rlly lazy and tired today. Had to do something tho","Bench Press (Barbell)",,"",3,"normal",165,5,,,
"Quick pull","24 Aug 2023, 23:48","25 Aug 2023, 00:10","Not much time to lift but did a lil soemthing","Lat Pulldown (Cable)",,"-20 to nerf volume",0,"normal",100,10,,,
"Quick pull","24 Aug 2023, 23:48","25 Aug 2023, 00:10","Not much time to lift but did a lil soemthing","Lat Pulldown (Cable)",,"-20 to nerf volume",1,"normal",100,10,,,
"Quick pull","24 Aug 2023, 23:48","25 Aug 2023, 00:10","Not much time to lift but did a lil soemthing","Lat Pulldown (Cable)",,"-20 to nerf volume",2,"normal",100,10,,,
"Quick pull","24 Aug 2023, 23:48","25 Aug 2023, 00:10","Not much time to lift but did a lil soemthing","Seated Row (Machine)",,"-20 to nerf volume",0,"normal",100,12,,,
"Quick pull","24 Aug 2023, 23:48","25 Aug 2023, 00:10","Not much time to lift but did a lil soemthing","Seated Row (Machine)",,"-20 to nerf volume",1,"normal",100,12,,,
"Quick pull","24 Aug 2023, 23:48","25 Aug 2023, 00:10","Not much time to lift but did a lil soemthing","Seated Row (Machine)",,"-20 to nerf volume",2,"normal",100,12,,,
"Push","22 Aug 2023, 21:35","22 Aug 2023, 22:53","A little slow today. Tired and ate a big dinner, but still did it :/","Bench Press (Barbell)",,"Lighter bar, logging 185 as 165.",0,"normal",165,5,,,
"Push","22 Aug 2023, 21:35","22 Aug 2023, 22:53","A little slow today. Tired and ate a big dinner, but still did it :/","Bench Press (Barbell)",,"Lighter bar, logging 185 as 165.",1,"normal",165,5,,,
"Push","22 Aug 2023, 21:35","22 Aug 2023, 22:53","A little slow today. Tired and ate a big dinner, but still did it :/","Bench Press (Barbell)",,"Lighter bar, logging 185 as 165.",2,"normal",165,5,,,
"Push","22 Aug 2023, 21:35","22 Aug 2023, 22:53","A little slow today. Tired and ate a big dinner, but still did it :/","Bench Press (Barbell)",,"Lighter bar, logging 185 as 165.",3,"normal",165,5,,,
"Push","22 Aug 2023, 21:35","22 Aug 2023, 22:53","A little slow today. Tired and ate a big dinner, but still did it :/","Bench Press (Barbell)",,"Lighter bar, logging 185 as 165.",4,"normal",165,5,,,
"Push","22 Aug 2023, 21:35","22 Aug 2023, 22:53","A little slow today. Tired and ate a big dinner, but still did it :/","Incline Bench Press (Barbell)",,"",0,"warmup",115,4,,,
"Push","22 Aug 2023, 21:35","22 Aug 2023, 22:53","A little slow today. Tired and ate a big dinner, but still did it :/","Incline Bench Press (Barbell)",,"",1,"normal",115,6,,,
"Push","22 Aug 2023, 21:35","22 Aug 2023, 22:53","A little slow today. Tired and ate a big dinner, but still did it :/","Incline Bench Press (Barbell)",,"",2,"normal",115,6,,,
"Push","22 Aug 2023, 21:35","22 Aug 2023, 22:53","A little slow today. Tired and ate a big dinner, but still did it :/","Incline Bench Press (Barbell)",,"",3,"normal",115,6,,,
"Push","22 Aug 2023, 21:35","22 Aug 2023, 22:53","A little slow today. Tired and ate a big dinner, but still did it :/","Triceps Extension (Dumbbell)",0,"",0,"normal",45,12,,,
"Push","22 Aug 2023, 21:35","22 Aug 2023, 22:53","A little slow today. Tired and ate a big dinner, but still did it :/","Triceps Extension (Dumbbell)",0,"",1,"normal",50,12,,,
"Push","22 Aug 2023, 21:35","22 Aug 2023, 22:53","A little slow today. Tired and ate a big dinner, but still did it :/","Triceps Extension (Dumbbell)",0,"",2,"normal",50,12,,,
"Push","22 Aug 2023, 21:35","22 Aug 2023, 22:53","A little slow today. Tired and ate a big dinner, but still did it :/","Bicep Curl (Dumbbell)",0,"",0,"normal",45,10,,,
"Push","22 Aug 2023, 21:35","22 Aug 2023, 22:53","A little slow today. Tired and ate a big dinner, but still did it :/","Bicep Curl (Dumbbell)",0,"",1,"normal",50,10,,,
"Push","22 Aug 2023, 21:35","22 Aug 2023, 22:53","A little slow today. Tired and ate a big dinner, but still did it :/","Bicep Curl (Dumbbell)",0,"",2,"normal",50,10,,,
"Push","22 Aug 2023, 21:35","22 Aug 2023, 22:53","A little slow today. Tired and ate a big dinner, but still did it :/","Front Raise (Dumbbell)",,"",0,"normal",30,12,,,
"Push","22 Aug 2023, 21:35","22 Aug 2023, 22:53","A little slow today. Tired and ate a big dinner, but still did it :/","Front Raise (Dumbbell)",,"",1,"normal",30,10,,,
"Push","22 Aug 2023, 21:35","22 Aug 2023, 22:53","A little slow today. Tired and ate a big dinner, but still did it :/","Front Raise (Dumbbell)",,"",2,"normal",30,10,,,
"Push","22 Aug 2023, 21:35","22 Aug 2023, 22:53","A little slow today. Tired and ate a big dinner, but still did it :/","Lateral Raise (Dumbbell)",,"",0,"normal",30,12,,,
"Push","22 Aug 2023, 21:35","22 Aug 2023, 22:53","A little slow today. Tired and ate a big dinner, but still did it :/","Lateral Raise (Dumbbell)",,"",1,"normal",30,12,,,
"Push","22 Aug 2023, 21:35","22 Aug 2023, 22:53","A little slow today. Tired and ate a big dinner, but still did it :/","Lateral Raise (Dumbbell)",,"",2,"normal",30,15,,,
"Push","22 Aug 2023, 21:35","22 Aug 2023, 22:53","A little slow today. Tired and ate a big dinner, but still did it :/","Triceps Rope Pushdown",,"",0,"normal",42.5,12,,,
"Push","22 Aug 2023, 21:35","22 Aug 2023, 22:53","A little slow today. Tired and ate a big dinner, but still did it :/","Triceps Rope Pushdown",,"",1,"normal",42.5,12,,,
"Push","22 Aug 2023, 21:35","22 Aug 2023, 22:53","A little slow today. Tired and ate a big dinner, but still did it :/","Triceps Rope Pushdown",,"",2,"normal",42.5,12,,,
"Push","22 Aug 2023, 21:35","22 Aug 2023, 22:53","A little slow today. Tired and ate a big dinner, but still did it :/","Rope Straight Arm Pulldown",,"",0,"normal",42.5,12,,,
"Push","22 Aug 2023, 21:35","22 Aug 2023, 22:53","A little slow today. Tired and ate a big dinner, but still did it :/","Rope Straight Arm Pulldown",,"",1,"normal",42.5,12,,,
"Push","22 Aug 2023, 21:35","22 Aug 2023, 22:53","A little slow today. Tired and ate a big dinner, but still did it :/","Rope Straight Arm Pulldown",,"",2,"normal",42.5,12,,,
"Apt Gym Leg Focused","21 Aug 2023, 21:22","21 Aug 2023, 22:15","With @browncrown","Squat (Barbell)",,"Might be a 25lbs bar. Plate on ea side ==> 115 for this reason. \n\nFelt stronger than last week!",0,"warmup",115,5,,,
"Apt Gym Leg Focused","21 Aug 2023, 21:22","21 Aug 2023, 22:15","With @browncrown","Squat (Barbell)",,"Might be a 25lbs bar. Plate on ea side ==> 115 for this reason. \n\nFelt stronger than last week!",1,"normal",165,5,,,
"Apt Gym Leg Focused","21 Aug 2023, 21:22","21 Aug 2023, 22:15","With @browncrown","Squat (Barbell)",,"Might be a 25lbs bar. Plate on ea side ==> 115 for this reason. \n\nFelt stronger than last week!",2,"normal",175,5,,,
"Apt Gym Leg Focused","21 Aug 2023, 21:22","21 Aug 2023, 22:15","With @browncrown","Squat (Barbell)",,"Might be a 25lbs bar. Plate on ea side ==> 115 for this reason. \n\nFelt stronger than last week!",3,"normal",185,5,,,
"Apt Gym Leg Focused","21 Aug 2023, 21:22","21 Aug 2023, 22:15","With @browncrown","Squat (Barbell)",,"Might be a 25lbs bar. Plate on ea side ==> 115 for this reason. \n\nFelt stronger than last week!",4,"normal",185,5,,,
"Apt Gym Leg Focused","21 Aug 2023, 21:22","21 Aug 2023, 22:15","With @browncrown","Squat (Barbell)",,"Might be a 25lbs bar. Plate on ea side ==> 115 for this reason. \n\nFelt stronger than last week!",5,"normal",195,5,,,
"Apt Gym Leg Focused","21 Aug 2023, 21:22","21 Aug 2023, 22:15","With @browncrown","Reverse Lunge (Dumbbell)",,"",0,"normal",80,16,,,
"Apt Gym Leg Focused","21 Aug 2023, 21:22","21 Aug 2023, 22:15","With @browncrown","Reverse Lunge (Dumbbell)",,"",1,"normal",80,16,,,
"Apt Gym Leg Focused","21 Aug 2023, 21:22","21 Aug 2023, 22:15","With @browncrown","Reverse Lunge (Dumbbell)",,"",2,"normal",80,16,,,
"Apt Gym Leg Focused","21 Aug 2023, 21:22","21 Aug 2023, 22:15","With @browncrown","Romanian Deadlift (Dumbbell)",,"",0,"normal",80,12,,,
"Apt Gym Leg Focused","21 Aug 2023, 21:22","21 Aug 2023, 22:15","With @browncrown","Romanian Deadlift (Dumbbell)",,"",1,"normal",80,12,,,
"Apt Gym Leg Focused","21 Aug 2023, 21:22","21 Aug 2023, 22:15","With @browncrown","Romanian Deadlift (Dumbbell)",,"",2,"normal",80,12,,,
"Apt Gym Leg Focused","21 Aug 2023, 21:22","21 Aug 2023, 22:15","With @browncrown","Leg Press Horizontal (Machine)",,"",0,"normal",20,15,,,
"Apt Gym Leg Focused","21 Aug 2023, 21:22","21 Aug 2023, 22:15","With @browncrown","Leg Press Horizontal (Machine)",,"",1,"normal",20,15,,,
"Apt Gym Leg Focused","21 Aug 2023, 21:22","21 Aug 2023, 22:15","With @browncrown","Leg Press Horizontal (Machine)",,"",2,"normal",20,15,,,
"Apt Gym Leg Focused","21 Aug 2023, 21:22","21 Aug 2023, 22:15","With @browncrown","Arnold Press (Dumbbell)",,"",0,"normal",60,10,,,
"Apt Gym Leg Focused","21 Aug 2023, 21:22","21 Aug 2023, 22:15","With @browncrown","Arnold Press (Dumbbell)",,"",1,"normal",60,10,,,
"Apt Gym Leg Focused","21 Aug 2023, 21:22","21 Aug 2023, 22:15","With @browncrown","Arnold Press (Dumbbell)",,"",2,"normal",60,10,,,
"Felt slow","16 Aug 2023, 21:43","16 Aug 2023, 22:32","Work kinda tolling. Got distracted a lot doing this lift but still made sure I got it done.","Bent Over Row (Barbell)",,"",0,"normal",115,10,,,
"Felt slow","16 Aug 2023, 21:43","16 Aug 2023, 22:32","Work kinda tolling. Got distracted a lot doing this lift but still made sure I got it done.","Bent Over Row (Barbell)",,"",1,"normal",145,10,,,
"Felt slow","16 Aug 2023, 21:43","16 Aug 2023, 22:32","Work kinda tolling. Got distracted a lot doing this lift but still made sure I got it done.","Bent Over Row (Barbell)",,"",2,"normal",145,10,,,
"Felt slow","16 Aug 2023, 21:43","16 Aug 2023, 22:32","Work kinda tolling. Got distracted a lot doing this lift but still made sure I got it done.","Bent Over Row (Barbell)",,"",3,"normal",145,10,,,
"Felt slow","16 Aug 2023, 21:43","16 Aug 2023, 22:32","Work kinda tolling. Got distracted a lot doing this lift but still made sure I got it done.","Romanian Deadlift (Barbell)",,"",0,"normal",165,10,,,
"Felt slow","16 Aug 2023, 21:43","16 Aug 2023, 22:32","Work kinda tolling. Got distracted a lot doing this lift but still made sure I got it done.","Romanian Deadlift (Barbell)",,"",1,"normal",165,10,,,
"Felt slow","16 Aug 2023, 21:43","16 Aug 2023, 22:32","Work kinda tolling. Got distracted a lot doing this lift but still made sure I got it done.","Romanian Deadlift (Barbell)",,"",2,"normal",16,10,,,
"Felt slow","16 Aug 2023, 21:43","16 Aug 2023, 22:32","Work kinda tolling. Got distracted a lot doing this lift but still made sure I got it done.","Shrug (Barbell)",,"",0,"normal",16.5,10,,,
"Felt slow","16 Aug 2023, 21:43","16 Aug 2023, 22:32","Work kinda tolling. Got distracted a lot doing this lift but still made sure I got it done.","Shrug (Barbell)",,"",1,"normal",16.5,10,,,
"Felt slow","16 Aug 2023, 21:43","16 Aug 2023, 22:32","Work kinda tolling. Got distracted a lot doing this lift but still made sure I got it done.","Shrug (Barbell)",,"",2,"normal",16.5,10,,,
"Felt slow","16 Aug 2023, 21:43","16 Aug 2023, 22:32","Work kinda tolling. Got distracted a lot doing this lift but still made sure I got it done.","Lat Pulldown (Cable)",,"-20 to nerf volume. Logging 100 for 120",0,"normal",80,10,,,
"Felt slow","16 Aug 2023, 21:43","16 Aug 2023, 22:32","Work kinda tolling. Got distracted a lot doing this lift but still made sure I got it done.","Lat Pulldown (Cable)",,"-20 to nerf volume. Logging 100 for 120",1,"normal",100,10,,,
"Felt slow","16 Aug 2023, 21:43","16 Aug 2023, 22:32","Work kinda tolling. Got distracted a lot doing this lift but still made sure I got it done.","Lat Pulldown (Cable)",,"-20 to nerf volume. Logging 100 for 120",2,"normal",100,10,,,
"Felt slow","16 Aug 2023, 21:43","16 Aug 2023, 22:32","Work kinda tolling. Got distracted a lot doing this lift but still made sure I got it done.","Triceps Rope Pushdown",,"",0,"normal",42.5,12,,,
"Felt slow","16 Aug 2023, 21:43","16 Aug 2023, 22:32","Work kinda tolling. Got distracted a lot doing this lift but still made sure I got it done.","Triceps Rope Pushdown",,"",1,"normal",42.5,12,,,
"Felt slow","16 Aug 2023, 21:43","16 Aug 2023, 22:32","Work kinda tolling. Got distracted a lot doing this lift but still made sure I got it done.","Triceps Rope Pushdown",,"",2,"normal",42.5,12,,,
"Felt slow","16 Aug 2023, 21:43","16 Aug 2023, 22:32","Work kinda tolling. Got distracted a lot doing this lift but still made sure I got it done.","Rope Straight Arm Pulldown",,"",0,"normal",42.5,12,,,
"Felt slow","16 Aug 2023, 21:43","16 Aug 2023, 22:32","Work kinda tolling. Got distracted a lot doing this lift but still made sure I got it done.","Rope Straight Arm Pulldown",,"",1,"normal",42.5,12,,,
"Felt slow","16 Aug 2023, 21:43","16 Aug 2023, 22:32","Work kinda tolling. Got distracted a lot doing this lift but still made sure I got it done.","Rope Straight Arm Pulldown",,"",2,"normal",42.5,12,,,
"Push with Shaun","15 Aug 2023, 21:40","15 Aug 2023, 22:34","","Bench Press (Barbell)",,"",0,"normal",185,5,,,
"Push with Shaun","15 Aug 2023, 21:40","15 Aug 2023, 22:34","","Bench Press (Barbell)",,"",1,"failure",195,4,,,
"Push with Shaun","15 Aug 2023, 21:40","15 Aug 2023, 22:34","","Bench Press (Barbell)",,"",2,"normal",185,5,,,
"Push with Shaun","15 Aug 2023, 21:40","15 Aug 2023, 22:34","","Bench Press (Barbell)",,"",3,"normal",185,5,,,
"Push with Shaun","15 Aug 2023, 21:40","15 Aug 2023, 22:34","","Lateral Raise (Dumbbell)",,"",0,"normal",40,10,,,
"Push with Shaun","15 Aug 2023, 21:40","15 Aug 2023, 22:34","","Lateral Raise (Dumbbell)",,"",1,"normal",40,12,,,
"Push with Shaun","15 Aug 2023, 21:40","15 Aug 2023, 22:34","","Lateral Raise (Dumbbell)",,"",2,"normal",40,15,,,
"Push with Shaun","15 Aug 2023, 21:40","15 Aug 2023, 22:34","","Triceps Rope Pushdown",,"",0,"normal",35,12,,,
"Push with Shaun","15 Aug 2023, 21:40","15 Aug 2023, 22:34","","Triceps Rope Pushdown",,"",1,"normal",42.5,12,,,
"Push with Shaun","15 Aug 2023, 21:40","15 Aug 2023, 22:34","","Triceps Rope Pushdown",,"",2,"normal",42.5,12,,,
"Push with Shaun","15 Aug 2023, 21:40","15 Aug 2023, 22:34","","Butterfly (Pec Deck)",,"",0,"normal",100,30,,,
"Push with Shaun","15 Aug 2023, 21:40","15 Aug 2023, 22:34","","Butterfly (Pec Deck)",,"",1,"normal",115,30,,,
"Apt Gym Leg Focused","12 Aug 2023, 19:17","12 Aug 2023, 20:18","Legs r so weak rn Omg","Squat (Barbell)",,"Its been so long. I dont think the bar is 45lbs. Might be a 25lbs bar in the apartment. Sad. \n\nPlate on ea side ==> 115 for this reason. \n\nLegs started hurting after 185. Went back down to 165.",0,"warmup",115,5,,,
"Apt Gym Leg Focused","12 Aug 2023, 19:17","12 Aug 2023, 20:18","Legs r so weak rn Omg","Squat (Barbell)",,"Its been so long. I dont think the bar is 45lbs. Might be a 25lbs bar in the apartment. Sad. \n\nPlate on ea side ==> 115 for this reason. \n\nLegs started hurting after 185. Went back down to 165.",1,"normal",165,5,,,
"Apt Gym Leg Focused","12 Aug 2023, 19:17","12 Aug 2023, 20:18","Legs r so weak rn Omg","Squat (Barbell)",,"Its been so long. I dont think the bar is 45lbs. Might be a 25lbs bar in the apartment. Sad. \n\nPlate on ea side ==> 115 for this reason. \n\nLegs started hurting after 185. Went back down to 165.",2,"normal",185,5,,,
"Apt Gym Leg Focused","12 Aug 2023, 19:17","12 Aug 2023, 20:18","Legs r so weak rn Omg","Squat (Barbell)",,"Its been so long. I dont think the bar is 45lbs. Might be a 25lbs bar in the apartment. Sad. \n\nPlate on ea side ==> 115 for this reason. \n\nLegs started hurting after 185. Went back down to 165.",3,"normal",165,5,,,
"Apt Gym Leg Focused","12 Aug 2023, 19:17","12 Aug 2023, 20:18","Legs r so weak rn Omg","Squat (Barbell)",,"Its been so long. I dont think the bar is 45lbs. Might be a 25lbs bar in the apartment. Sad. \n\nPlate on ea side ==> 115 for this reason. \n\nLegs started hurting after 185. Went back down to 165.",4,"normal",165,5,,,
"Apt Gym Leg Focused","12 Aug 2023, 19:17","12 Aug 2023, 20:18","Legs r so weak rn Omg","Squat (Barbell)",,"Its been so long. I dont think the bar is 45lbs. Might be a 25lbs bar in the apartment. Sad. \n\nPlate on ea side ==> 115 for this reason. \n\nLegs started hurting after 185. Went back down to 165.",5,"normal",165,5,,,
"Apt Gym Leg Focused","12 Aug 2023, 19:17","12 Aug 2023, 20:18","Legs r so weak rn Omg","Reverse Lunge (Dumbbell)",,"",0,"normal",70,16,,,
"Apt Gym Leg Focused","12 Aug 2023, 19:17","12 Aug 2023, 20:18","Legs r so weak rn Omg","Reverse Lunge (Dumbbell)",,"",1,"normal",70,16,,,
"Apt Gym Leg Focused","12 Aug 2023, 19:17","12 Aug 2023, 20:18","Legs r so weak rn Omg","Reverse Lunge (Dumbbell)",,"",2,"normal",70,16,,,
"Apt Gym Leg Focused","12 Aug 2023, 19:17","12 Aug 2023, 20:18","Legs r so weak rn Omg","Romanian Deadlift (Dumbbell)",,"",0,"normal",70,12,,,
"Apt Gym Leg Focused","12 Aug 2023, 19:17","12 Aug 2023, 20:18","Legs r so weak rn Omg","Romanian Deadlift (Dumbbell)",,"",1,"normal",70,12,,,
"Apt Gym Leg Focused","12 Aug 2023, 19:17","12 Aug 2023, 20:18","Legs r so weak rn Omg","Romanian Deadlift (Dumbbell)",,"",2,"normal",70,12,,,
"Apt Gym Leg Focused","12 Aug 2023, 19:17","12 Aug 2023, 20:18","Legs r so weak rn Omg","Leg Press Horizontal (Machine)",,"",0,"normal",20,15,,,
"Apt Gym Leg Focused","12 Aug 2023, 19:17","12 Aug 2023, 20:18","Legs r so weak rn Omg","Leg Press Horizontal (Machine)",,"",1,"normal",20,15,,,
"Apt Gym Leg Focused","12 Aug 2023, 19:17","12 Aug 2023, 20:18","Legs r so weak rn Omg","Leg Press Horizontal (Machine)",,"",2,"normal",20,15,,,
"Apt Gym Leg Focused","12 Aug 2023, 19:17","12 Aug 2023, 20:18","Legs r so weak rn Omg","Arnold Press (Dumbbell)",,"",0,"normal",50,10,,,
"Apt Gym Leg Focused","12 Aug 2023, 19:17","12 Aug 2023, 20:18","Legs r so weak rn Omg","Arnold Press (Dumbbell)",,"",1,"normal",50,10,,,
"Apt Gym Leg Focused","12 Aug 2023, 19:17","12 Aug 2023, 20:18","Legs r so weak rn Omg","Arnold Press (Dumbbell)",,"",2,"normal",50,10,,,
"Apt Gym Pull Focused","10 Aug 2023, 20:51","10 Aug 2023, 21:17","","Lat Pulldown (Cable)",0,"-20 to nerf volume, logging 80 for 100",0,"normal",80,12,,,
"Apt Gym Pull Focused","10 Aug 2023, 20:51","10 Aug 2023, 21:17","","Lat Pulldown (Cable)",0,"-20 to nerf volume, logging 80 for 100",1,"normal",80,12,,,
"Apt Gym Pull Focused","10 Aug 2023, 20:51","10 Aug 2023, 21:17","","Lat Pulldown (Cable)",0,"-20 to nerf volume, logging 80 for 100",2,"normal",80,12,,,
"Apt Gym Pull Focused","10 Aug 2023, 20:51","10 Aug 2023, 21:17","","Lat Pulldown (Cable)",0,"-20 to nerf volume, logging 80 for 100",3,"normal",80,12,,,
"Apt Gym Pull Focused","10 Aug 2023, 20:51","10 Aug 2023, 21:17","","Seated Row (Machine)",0,"Apt gym. -20 to nerf volume. Logging 100 for 120.",0,"normal",100,12,,,
"Apt Gym Pull Focused","10 Aug 2023, 20:51","10 Aug 2023, 21:17","","Seated Row (Machine)",0,"Apt gym. -20 to nerf volume. Logging 100 for 120.",1,"normal",100,12,,,
"Apt Gym Pull Focused","10 Aug 2023, 20:51","10 Aug 2023, 21:17","","Seated Row (Machine)",0,"Apt gym. -20 to nerf volume. Logging 100 for 120.",2,"normal",100,12,,,
"Apt Gym Pull Focused","10 Aug 2023, 20:51","10 Aug 2023, 21:17","","Seated Row (Machine)",0,"Apt gym. -20 to nerf volume. Logging 100 for 120.",3,"normal",100,12,,,
"Apt Gym Pull Focused","10 Aug 2023, 20:51","10 Aug 2023, 21:17","","Triceps Rope Pushdown",2,"Apt gym. -20 to nerd volume. Logged 40 for 60.",0,"normal",40,12,,,
"Apt Gym Pull Focused","10 Aug 2023, 20:51","10 Aug 2023, 21:17","","Triceps Rope Pushdown",2,"Apt gym. -20 to nerd volume. Logged 40 for 60.",1,"normal",40,12,,,
"Apt Gym Pull Focused","10 Aug 2023, 20:51","10 Aug 2023, 21:17","","Triceps Rope Pushdown",2,"Apt gym. -20 to nerd volume. Logged 40 for 60.",2,"normal",40,12,,,
"Apt Gym Pull Focused","10 Aug 2023, 20:51","10 Aug 2023, 21:17","","Rope Straight Arm Pulldown",2,"Apt gym. -20 to nerd volume. Logged 40 for 60.",0,"normal",40,12,,,
"Apt Gym Pull Focused","10 Aug 2023, 20:51","10 Aug 2023, 21:17","","Rope Straight Arm Pulldown",2,"Apt gym. -20 to nerd volume. Logged 40 for 60.",1,"normal",40,12,,,
"Apt Gym Pull Focused","10 Aug 2023, 20:51","10 Aug 2023, 21:17","","Rope Straight Arm Pulldown",2,"Apt gym. -20 to nerd volume. Logged 40 for 60.",2,"normal",40,12,,,
"Apt Gym Pull Focused","10 Aug 2023, 20:51","10 Aug 2023, 21:17","","Upright Row (Dumbbell)",,"Smith machine and two ten’s",0,"normal",45,10,,,
"Apt Gym Pull Focused","10 Aug 2023, 20:51","10 Aug 2023, 21:17","","Upright Row (Dumbbell)",,"Smith machine and two ten’s",1,"normal",45,10,,,
"Apt Gym Pull Focused","10 Aug 2023, 20:51","10 Aug 2023, 21:17","","Upright Row (Dumbbell)",,"Smith machine and two ten’s",2,"normal",45,10,,,
"Apt Gym Pull Focused","10 Aug 2023, 20:51","10 Aug 2023, 21:17","","Bicep Curl (Dumbbell)",3,"",0,"normal",40,10,,,
"Apt Gym Pull Focused","10 Aug 2023, 20:51","10 Aug 2023, 21:17","","Bicep Curl (Dumbbell)",3,"",1,"normal",40,10,,,
"Apt Gym Pull Focused","10 Aug 2023, 20:51","10 Aug 2023, 21:17","","Bicep Curl (Dumbbell)",3,"",2,"normal",40,10,,,
"Apt Gym Pull Focused","10 Aug 2023, 20:51","10 Aug 2023, 21:17","","Hammer Curl (Dumbbell)",3,"x6 on left, x6 right",0,"normal",20,12,,,
"Apt Gym Pull Focused","10 Aug 2023, 20:51","10 Aug 2023, 21:17","","Hammer Curl (Dumbbell)",3,"x6 on left, x6 right",1,"normal",20,12,,,
"Apt Gym Pull Focused","10 Aug 2023, 20:51","10 Aug 2023, 21:17","","Hammer Curl (Dumbbell)",3,"x6 on left, x6 right",2,"normal",20,12,,,
"Late night workout 🌙","7 Aug 2023, 21:38","7 Aug 2023, 22:44","","Bench Press (Barbell)",,"",0,"warmup",135,6,,,
"Late night workout 🌙","7 Aug 2023, 21:38","7 Aug 2023, 22:44","","Bench Press (Barbell)",,"",1,"normal",175,5,,,
"Late night workout 🌙","7 Aug 2023, 21:38","7 Aug 2023, 22:44","","Bench Press (Barbell)",,"",2,"normal",185,5,,,
"Late night workout 🌙","7 Aug 2023, 21:38","7 Aug 2023, 22:44","","Bench Press (Barbell)",,"",3,"normal",195,3,,,
"Late night workout 🌙","7 Aug 2023, 21:38","7 Aug 2023, 22:44","","Bench Press (Barbell)",,"",4,"normal",205,3,,,
"Late night workout 🌙","7 Aug 2023, 21:38","7 Aug 2023, 22:44","","Shoulder Press (Dumbbell)",,"Slightly more reclined bench but p much upright",0,"normal",100,10,,,
"Late night workout 🌙","7 Aug 2023, 21:38","7 Aug 2023, 22:44","","Shoulder Press (Dumbbell)",,"Slightly more reclined bench but p much upright",1,"normal",100,10,,,
"Late night workout 🌙","7 Aug 2023, 21:38","7 Aug 2023, 22:44","","Shoulder Press (Dumbbell)",,"Slightly more reclined bench but p much upright",2,"normal",100,12,,,
"Late night workout 🌙","7 Aug 2023, 21:38","7 Aug 2023, 22:44","","Triceps Extension (Dumbbell)",,"Seated, 45 incline",0,"normal",50,8,,,
"Late night workout 🌙","7 Aug 2023, 21:38","7 Aug 2023, 22:44","","Triceps Extension (Dumbbell)",,"Seated, 45 incline",1,"normal",50,12,,,
"Late night workout 🌙","7 Aug 2023, 21:38","7 Aug 2023, 22:44","","Triceps Extension (Dumbbell)",,"Seated, 45 incline",2,"normal",50,10,,,
"Late night workout 🌙","7 Aug 2023, 21:38","7 Aug 2023, 22:44","","Butterfly (Pec Deck)",,"Left iso, then right iso, then both x10 rach",0,"normal",85,30,,,
"Late night workout 🌙","7 Aug 2023, 21:38","7 Aug 2023, 22:44","","Butterfly (Pec Deck)",,"Left iso, then right iso, then both x10 rach",1,"normal",100,30,,,
"Late night workout 🌙","7 Aug 2023, 21:38","7 Aug 2023, 22:44","","Butterfly (Pec Deck)",,"Left iso, then right iso, then both x10 rach",2,"normal",100,30,,,
"Late night workout 🌙","7 Aug 2023, 21:38","7 Aug 2023, 22:44","","Front Raise (Dumbbell)",,"",0,"normal",30,10,,,
"Late night workout 🌙","7 Aug 2023, 21:38","7 Aug 2023, 22:44","","Front Raise (Dumbbell)",,"",1,"normal",30,10,,,
"Late night workout 🌙","7 Aug 2023, 21:38","7 Aug 2023, 22:44","","Front Raise (Dumbbell)",,"",2,"normal",30,10,,,
"Late night workout 🌙","7 Aug 2023, 21:38","7 Aug 2023, 22:44","","Lateral Raise (Dumbbell)",,"",0,"normal",30,10,,,
"Late night workout 🌙","7 Aug 2023, 21:38","7 Aug 2023, 22:44","","Lateral Raise (Dumbbell)",,"",1,"normal",30,10,,,
"Late night workout 🌙","7 Aug 2023, 21:38","7 Aug 2023, 22:44","","Lateral Raise (Dumbbell)",,"",2,"normal",30,10,,,
"Quick back","1 Aug 2023, 23:06","1 Aug 2023, 23:24","Gym to myself","Bent Over Row (Barbell)",,"",0,"normal",135,10,,,
"Quick back","1 Aug 2023, 23:06","1 Aug 2023, 23:24","Gym to myself","Bent Over Row (Barbell)",,"",1,"normal",135,10,,,
"Quick back","1 Aug 2023, 23:06","1 Aug 2023, 23:24","Gym to myself","Bent Over Row (Barbell)",,"",2,"normal",135,10,,,
"Quick back","1 Aug 2023, 23:06","1 Aug 2023, 23:24","Gym to myself","Bent Over Row (Barbell)",,"",3,"normal",135,10,,,
"Quick back","1 Aug 2023, 23:06","1 Aug 2023, 23:24","Gym to myself","Romanian Deadlift (Barbell)",,"",0,"normal",135,10,,,
"Quick back","1 Aug 2023, 23:06","1 Aug 2023, 23:24","Gym to myself","Romanian Deadlift (Barbell)",,"",1,"normal",135,10,,,
"Quick back","1 Aug 2023, 23:06","1 Aug 2023, 23:24","Gym to myself","Romanian Deadlift (Barbell)",,"",2,"normal",135,10,,,
"Quick back","1 Aug 2023, 23:06","1 Aug 2023, 23:24","Gym to myself","Romanian Deadlift (Barbell)",,"",3,"normal",135,10,,,
"Quick back","1 Aug 2023, 23:06","1 Aug 2023, 23:24","Gym to myself","Lat Pulldown (Cable)",,"-20 to nerf volume. Logging 80 for 100",0,"normal",80,12,,,
"Quick back","1 Aug 2023, 23:06","1 Aug 2023, 23:24","Gym to myself","Lat Pulldown (Cable)",,"-20 to nerf volume. Logging 80 for 100",1,"normal",80,12,,,
"Quick back","1 Aug 2023, 23:06","1 Aug 2023, 23:24","Gym to myself","Lat Pulldown (Cable)",,"-20 to nerf volume. Logging 80 for 100",2,"normal",80,12,,,
"Quick back","1 Aug 2023, 23:06","1 Aug 2023, 23:24","Gym to myself","Lat Pulldown (Cable)",,"-20 to nerf volume. Logging 80 for 100",3,"normal",80,12,,,
"Evening workout 🏋️","31 Jul 2023, 20:23","31 Jul 2023, 21:00","","Romanian Deadlift (Barbell)",,"Smith machine. Bc of the height they were like quarter reps",0,"normal",135,10,,,
"Evening workout 🏋️","31 Jul 2023, 20:23","31 Jul 2023, 21:00","","Romanian Deadlift (Barbell)",,"Smith machine. Bc of the height they were like quarter reps",1,"normal",135,10,,,
"Evening workout 🏋️","31 Jul 2023, 20:23","31 Jul 2023, 21:00","","Romanian Deadlift (Barbell)",,"Smith machine. Bc of the height they were like quarter reps",2,"normal",135,10,,,
"Evening workout 🏋️","31 Jul 2023, 20:23","31 Jul 2023, 21:00","","Shrug (Smith Machine)",,"",0,"normal",135,10,,,
"Evening workout 🏋️","31 Jul 2023, 20:23","31 Jul 2023, 21:00","","Shrug (Smith Machine)",,"",1,"normal",135,10,,,
"Evening workout 🏋️","31 Jul 2023, 20:23","31 Jul 2023, 21:00","","Shrug (Smith Machine)",,"",2,"normal",135,10,,,
"Evening workout 🏋️","31 Jul 2023, 20:23","31 Jul 2023, 21:00","","Incline Bench Press (Dumbbell)",,"",0,"normal",100,12,,,
"Evening workout 🏋️","31 Jul 2023, 20:23","31 Jul 2023, 21:00","","Incline Bench Press (Dumbbell)",,"",1,"normal",100,12,,,
"Evening workout 🏋️","31 Jul 2023, 20:23","31 Jul 2023, 21:00","","Incline Bench Press (Dumbbell)",,"",2,"normal",100,12,,,
"Evening workout 🏋️","31 Jul 2023, 20:23","31 Jul 2023, 21:00","","Plate Press",,"",0,"normal",20,12,,,
"Evening workout 🏋️","31 Jul 2023, 20:23","31 Jul 2023, 21:00","","Plate Press",,"",1,"normal",20,12,,,
"Evening workout 🏋️","31 Jul 2023, 20:23","31 Jul 2023, 21:00","","Plate Press",,"",2,"normal",20,12,,,
"Evening workout 🏋️","31 Jul 2023, 20:23","31 Jul 2023, 21:00","","Leg Press Horizontal (Machine)",,"Take wieght and divide by 10. Volume deflation. 200 on machine is logged as 20",0,"normal",20,15,,,
"Evening workout 🏋️","31 Jul 2023, 20:23","31 Jul 2023, 21:00","","Leg Press Horizontal (Machine)",,"Take wieght and divide by 10. Volume deflation. 200 on machine is logged as 20",1,"normal",20,15,,,
"Evening workout 🏋️","31 Jul 2023, 20:23","31 Jul 2023, 21:00","","Leg Press Horizontal (Machine)",,"Take wieght and divide by 10. Volume deflation. 200 on machine is logged as 20",2,"normal",20,15,,,
"Evening workout 🏋️","31 Jul 2023, 20:23","31 Jul 2023, 21:00","","Arnold Press (Dumbbell)",,"",0,"normal",50,10,,,
"Evening workout 🏋️","31 Jul 2023, 20:23","31 Jul 2023, 21:00","","Arnold Press (Dumbbell)",,"",1,"normal",50,10,,,
"Evening workout 🏋️","31 Jul 2023, 20:23","31 Jul 2023, 21:00","","Arnold Press (Dumbbell)",,"",2,"normal",50,10,,,
"Morning workout ☀️","29 Jul 2023, 11:43","29 Jul 2023, 12:21","","Overhead Press (Dumbbell)",0,"",0,"normal",80,10,,,
"Morning workout ☀️","29 Jul 2023, 11:43","29 Jul 2023, 12:21","","Overhead Press (Dumbbell)",0,"",1,"normal",80,10,,,
"Morning workout ☀️","29 Jul 2023, 11:43","29 Jul 2023, 12:21","","Overhead Press (Dumbbell)",0,"",2,"normal",80,10,,,
"Morning workout ☀️","29 Jul 2023, 11:43","29 Jul 2023, 12:21","","Bent Over Row (Dumbbell)",0,"",0,"normal",80,10,,,
"Morning workout ☀️","29 Jul 2023, 11:43","29 Jul 2023, 12:21","","Bent Over Row (Dumbbell)",0,"",1,"normal",80,10,,,
"Morning workout ☀️","29 Jul 2023, 11:43","29 Jul 2023, 12:21","","Bent Over Row (Dumbbell)",0,"",2,"normal",80,10,,,
"Morning workout ☀️","29 Jul 2023, 11:43","29 Jul 2023, 12:21","","Lunge (Dumbbell)",1,"Forward lunge not reverse like i normally do",0,"normal",80,16,,,
"Morning workout ☀️","29 Jul 2023, 11:43","29 Jul 2023, 12:21","","Lunge (Dumbbell)",1,"Forward lunge not reverse like i normally do",1,"normal",80,16,,,
"Morning workout ☀️","29 Jul 2023, 11:43","29 Jul 2023, 12:21","","Lunge (Dumbbell)",1,"Forward lunge not reverse like i normally do",2,"normal",80,16,,,
"Morning workout ☀️","29 Jul 2023, 11:43","29 Jul 2023, 12:21","","Romanian Deadlift (Dumbbell)",1,"",0,"normal",80,10,,,
"Morning workout ☀️","29 Jul 2023, 11:43","29 Jul 2023, 12:21","","Romanian Deadlift (Dumbbell)",1,"",1,"normal",80,10,,,
"Morning workout ☀️","29 Jul 2023, 11:43","29 Jul 2023, 12:21","","Romanian Deadlift (Dumbbell)",1,"",2,"normal",80,10,,,
"Morning workout ☀️","29 Jul 2023, 11:43","29 Jul 2023, 12:21","","Triceps Extension (Dumbbell)",2,"",0,"normal",40,10,,,
"Morning workout ☀️","29 Jul 2023, 11:43","29 Jul 2023, 12:21","","Triceps Extension (Dumbbell)",2,"",1,"normal",40,10,,,
"Morning workout ☀️","29 Jul 2023, 11:43","29 Jul 2023, 12:21","","Triceps Extension (Dumbbell)",2,"",2,"normal",40,10,,,
"Morning workout ☀️","29 Jul 2023, 11:43","29 Jul 2023, 12:21","","Bicep Curl (Dumbbell)",2,"",0,"normal",40,10,,,
"Morning workout ☀️","29 Jul 2023, 11:43","29 Jul 2023, 12:21","","Bicep Curl (Dumbbell)",2,"",1,"normal",40,10,,,
"Morning workout ☀️","29 Jul 2023, 11:43","29 Jul 2023, 12:21","","Bicep Curl (Dumbbell)",2,"",2,"normal",40,10,,,
"Morning workout ☀️","29 Jul 2023, 11:43","29 Jul 2023, 12:21","","Front Raise (Dumbbell)",3,"",0,"normal",30,10,,,
"Morning workout ☀️","29 Jul 2023, 11:43","29 Jul 2023, 12:21","","Front Raise (Dumbbell)",3,"",1,"normal",30,10,,,
"Morning workout ☀️","29 Jul 2023, 11:43","29 Jul 2023, 12:21","","Front Raise (Dumbbell)",3,"",2,"normal",30,10,,,
"Morning workout ☀️","29 Jul 2023, 11:43","29 Jul 2023, 12:21","","Lateral Raise (Dumbbell)",3,"",0,"normal",30,10,,,
"Morning workout ☀️","29 Jul 2023, 11:43","29 Jul 2023, 12:21","","Lateral Raise (Dumbbell)",3,"",1,"normal",30,10,,,
"Morning workout ☀️","29 Jul 2023, 11:43","29 Jul 2023, 12:21","","Lateral Raise (Dumbbell)",3,"",2,"normal",30,10,,,
"Quick back","26 Jul 2023, 20:02","26 Jul 2023, 20:28","","Seated Row (Machine)",,"Apt gym. -20 to nerf volume. Logging 100 for 120",0,"normal",100,12,,,
"Quick back","26 Jul 2023, 20:02","26 Jul 2023, 20:28","","Seated Row (Machine)",,"Apt gym. -20 to nerf volume. Logging 100 for 120",1,"normal",110,12,,,
"Quick back","26 Jul 2023, 20:02","26 Jul 2023, 20:28","","Seated Row (Machine)",,"Apt gym. -20 to nerf volume. Logging 100 for 120",2,"normal",110,12,,,
"Quick back","26 Jul 2023, 20:02","26 Jul 2023, 20:28","","Lat Pulldown (Cable)",,"Apt gym. -20 to nerf volume. Logging 40 for 60",0,"normal",60,12,,,
"Quick back","26 Jul 2023, 20:02","26 Jul 2023, 20:28","","Lat Pulldown (Cable)",,"Apt gym. -20 to nerf volume. Logging 40 for 60",1,"normal",70,12,,,
"Quick back","26 Jul 2023, 20:02","26 Jul 2023, 20:28","","Lat Pulldown (Cable)",,"Apt gym. -20 to nerf volume. Logging 40 for 60",2,"normal",80,12,,,
"Quick back","26 Jul 2023, 20:02","26 Jul 2023, 20:28","","Face Pull",,"Apt weight is 60 logged weight is 40",0,"normal",40,12,,,
"Quick back","26 Jul 2023, 20:02","26 Jul 2023, 20:28","","Face Pull",,"Apt weight is 60 logged weight is 40",1,"normal",40,12,,,
"Quick back","26 Jul 2023, 20:02","26 Jul 2023, 20:28","","Face Pull",,"Apt weight is 60 logged weight is 40",2,"normal",40,12,,,
"Quick back","26 Jul 2023, 20:02","26 Jul 2023, 20:28","","Rope Straight Arm Pulldown",,"Apt weight is 60 logged weight is 40",0,"normal",40,12,,,
"Quick back","26 Jul 2023, 20:02","26 Jul 2023, 20:28","","Rope Straight Arm Pulldown",,"Apt weight is 60 logged weight is 40",1,"normal",40,12,,,
"Quick back","26 Jul 2023, 20:02","26 Jul 2023, 20:28","","Rope Straight Arm Pulldown",,"Apt weight is 60 logged weight is 40",2,"normal",40,12,,,
"Quick back","26 Jul 2023, 20:02","26 Jul 2023, 20:28","","Bent Over Row (Dumbbell)",,"",0,"normal",70,10,,,
"Quick back","26 Jul 2023, 20:02","26 Jul 2023, 20:28","","Bent Over Row (Dumbbell)",,"",1,"normal",80,10,,,
"Quick back","26 Jul 2023, 20:02","26 Jul 2023, 20:28","","Bent Over Row (Dumbbell)",,"",2,"normal",80,10,,,
"Push 2","25 Jul 2023, 23:34","26 Jul 2023, 00:07","Didn’t get as much push volume as I’d like on Monday. Supplementary before a one mile run. Bench and a superset","Bench Press (Barbell)",,"",0,"warmup",135,6,,,
"Push 2","25 Jul 2023, 23:34","26 Jul 2023, 00:07","Didn’t get as much push volume as I’d like on Monday. Supplementary before a one mile run. Bench and a superset","Bench Press (Barbell)",,"",1,"normal",165,6,,,
"Push 2","25 Jul 2023, 23:34","26 Jul 2023, 00:07","Didn’t get as much push volume as I’d like on Monday. Supplementary before a one mile run. Bench and a superset","Bench Press (Barbell)",,"",2,"normal",165,6,,,
"Push 2","25 Jul 2023, 23:34","26 Jul 2023, 00:07","Didn’t get as much push volume as I’d like on Monday. Supplementary before a one mile run. Bench and a superset","Bench Press (Barbell)",,"",3,"normal",175,5,,,
"Push 2","25 Jul 2023, 23:34","26 Jul 2023, 00:07","Didn’t get as much push volume as I’d like on Monday. Supplementary before a one mile run. Bench and a superset","Bench Press (Barbell)",,"",4,"normal",175,5,,,
"Push 2","25 Jul 2023, 23:34","26 Jul 2023, 00:07","Didn’t get as much push volume as I’d like on Monday. Supplementary before a one mile run. Bench and a superset","Bench Press (Barbell)",,"",5,"normal",175,5,,,
"Push 2","25 Jul 2023, 23:34","26 Jul 2023, 00:07","Didn’t get as much push volume as I’d like on Monday. Supplementary before a one mile run. Bench and a superset","Plate Press",0,"Two 10’s",0,"normal",20,12,,,
"Push 2","25 Jul 2023, 23:34","26 Jul 2023, 00:07","Didn’t get as much push volume as I’d like on Monday. Supplementary before a one mile run. Bench and a superset","Plate Press",0,"Two 10’s",1,"normal",20,12,,,
"Push 2","25 Jul 2023, 23:34","26 Jul 2023, 00:07","Didn’t get as much push volume as I’d like on Monday. Supplementary before a one mile run. Bench and a superset","Plate Press",0,"Two 10’s",2,"normal",20,12,,,
"Push 2","25 Jul 2023, 23:34","26 Jul 2023, 00:07","Didn’t get as much push volume as I’d like on Monday. Supplementary before a one mile run. Bench and a superset","Plate Press",0,"Two 10’s",3,"normal",20,12,,,
"Push 2","25 Jul 2023, 23:34","26 Jul 2023, 00:07","Didn’t get as much push volume as I’d like on Monday. Supplementary before a one mile run. Bench and a superset","Triceps Extension (Dumbbell)",0,"",0,"normal",30,12,,,
"Push 2","25 Jul 2023, 23:34","26 Jul 2023, 00:07","Didn’t get as much push volume as I’d like on Monday. Supplementary before a one mile run. Bench and a superset","Triceps Extension (Dumbbell)",0,"",1,"normal",40,12,,,
"Push 2","25 Jul 2023, 23:34","26 Jul 2023, 00:07","Didn’t get as much push volume as I’d like on Monday. Supplementary before a one mile run. Bench and a superset","Triceps Extension (Dumbbell)",0,"",2,"normal",40,12,,,
"Push 2","25 Jul 2023, 23:34","26 Jul 2023, 00:07","Didn’t get as much push volume as I’d like on Monday. Supplementary before a one mile run. Bench and a superset","Triceps Extension (Dumbbell)",0,"",3,"normal",40,12,,,
"Meant to do push but did everything","24 Jul 2023, 18:42","24 Jul 2023, 19:21","Deflating volume on purpose and still hitting pretty high volume in 40 minutes. Not bad","Incline Bench Press (Dumbbell)",0,"Bench was taken, so did slow and controlled reps of 50’s",0,"normal",100,12,,,
"Meant to do push but did everything","24 Jul 2023, 18:42","24 Jul 2023, 19:21","Deflating volume on purpose and still hitting pretty high volume in 40 minutes. Not bad","Incline Bench Press (Dumbbell)",0,"Bench was taken, so did slow and controlled reps of 50’s",1,"normal",100,12,,,
"Meant to do push but did everything","24 Jul 2023, 18:42","24 Jul 2023, 19:21","Deflating volume on purpose and still hitting pretty high volume in 40 minutes. Not bad","Incline Bench Press (Dumbbell)",0,"Bench was taken, so did slow and controlled reps of 50’s",2,"normal",100,12,,,
"Meant to do push but did everything","24 Jul 2023, 18:42","24 Jul 2023, 19:21","Deflating volume on purpose and still hitting pretty high volume in 40 minutes. Not bad","Chest Supported Incline Row (Dumbbell)",0,"",0,"normal",100,10,,,
"Meant to do push but did everything","24 Jul 2023, 18:42","24 Jul 2023, 19:21","Deflating volume on purpose and still hitting pretty high volume in 40 minutes. Not bad","Chest Supported Incline Row (Dumbbell)",0,"",1,"normal",100,10,,,
"Meant to do push but did everything","24 Jul 2023, 18:42","24 Jul 2023, 19:21","Deflating volume on purpose and still hitting pretty high volume in 40 minutes. Not bad","Chest Supported Incline Row (Dumbbell)",0,"",2,"normal",100,10,,,
"Meant to do push but did everything","24 Jul 2023, 18:42","24 Jul 2023, 19:21","Deflating volume on purpose and still hitting pretty high volume in 40 minutes. Not bad","Shoulder Press (Dumbbell)",,"Lighter but better form",0,"normal",80,8,,,
"Meant to do push but did everything","24 Jul 2023, 18:42","24 Jul 2023, 19:21","Deflating volume on purpose and still hitting pretty high volume in 40 minutes. Not bad","Shoulder Press (Dumbbell)",,"Lighter but better form",1,"normal",80,8,,,
"Meant to do push but did everything","24 Jul 2023, 18:42","24 Jul 2023, 19:21","Deflating volume on purpose and still hitting pretty high volume in 40 minutes. Not bad","Shoulder Press (Dumbbell)",,"Lighter but better form",2,"normal",80,10,,,
"Meant to do push but did everything","24 Jul 2023, 18:42","24 Jul 2023, 19:21","Deflating volume on purpose and still hitting pretty high volume in 40 minutes. Not bad","Romanian Deadlift (Barbell)",2,"Free weights! :o might be a 25lb bar tho gonna log it as such",0,"warmup",115,10,,,
"Meant to do push but did everything","24 Jul 2023, 18:42","24 Jul 2023, 19:21","Deflating volume on purpose and still hitting pretty high volume in 40 minutes. Not bad","Romanian Deadlift (Barbell)",2,"Free weights! :o might be a 25lb bar tho gonna log it as such",1,"normal",165,10,,,
"Meant to do push but did everything","24 Jul 2023, 18:42","24 Jul 2023, 19:21","Deflating volume on purpose and still hitting pretty high volume in 40 minutes. Not bad","Romanian Deadlift (Barbell)",2,"Free weights! :o might be a 25lb bar tho gonna log it as such",2,"normal",165,10,,,
"Meant to do push but did everything","24 Jul 2023, 18:42","24 Jul 2023, 19:21","Deflating volume on purpose and still hitting pretty high volume in 40 minutes. Not bad","Romanian Deadlift (Barbell)",2,"Free weights! :o might be a 25lb bar tho gonna log it as such",3,"normal",165,10,,,
"Meant to do push but did everything","24 Jul 2023, 18:42","24 Jul 2023, 19:21","Deflating volume on purpose and still hitting pretty high volume in 40 minutes. Not bad","Shrug (Barbell)",2,"Deflate volume on purpose Log 16.5 for 165lbs shrug",0,"normal",16.5,10,,,
"Meant to do push but did everything","24 Jul 2023, 18:42","24 Jul 2023, 19:21","Deflating volume on purpose and still hitting pretty high volume in 40 minutes. Not bad","Shrug (Barbell)",2,"Deflate volume on purpose Log 16.5 for 165lbs shrug",1,"normal",16.5,10,,,
"Meant to do push but did everything","24 Jul 2023, 18:42","24 Jul 2023, 19:21","Deflating volume on purpose and still hitting pretty high volume in 40 minutes. Not bad","Shrug (Barbell)",2,"Deflate volume on purpose Log 16.5 for 165lbs shrug",2,"normal",16.5,10,,,
"Meant to do push but did everything","24 Jul 2023, 18:42","24 Jul 2023, 19:21","Deflating volume on purpose and still hitting pretty high volume in 40 minutes. Not bad","Lateral Raise (Dumbbell)",1,"",0,"normal",30,10,,,
"Meant to do push but did everything","24 Jul 2023, 18:42","24 Jul 2023, 19:21","Deflating volume on purpose and still hitting pretty high volume in 40 minutes. Not bad","Lateral Raise (Dumbbell)",1,"",1,"normal",30,10,,,
"Meant to do push but did everything","24 Jul 2023, 18:42","24 Jul 2023, 19:21","Deflating volume on purpose and still hitting pretty high volume in 40 minutes. Not bad","Lateral Raise (Dumbbell)",1,"",2,"normal",30,10,,,
"Meant to do push but did everything","24 Jul 2023, 18:42","24 Jul 2023, 19:21","Deflating volume on purpose and still hitting pretty high volume in 40 minutes. Not bad","Front Raise (Dumbbell)",1,"",0,"normal",30,10,,,
"Meant to do push but did everything","24 Jul 2023, 18:42","24 Jul 2023, 19:21","Deflating volume on purpose and still hitting pretty high volume in 40 minutes. Not bad","Front Raise (Dumbbell)",1,"",1,"normal",30,10,,,
"Meant to do push but did everything","24 Jul 2023, 18:42","24 Jul 2023, 19:21","Deflating volume on purpose and still hitting pretty high volume in 40 minutes. Not bad","Front Raise (Dumbbell)",1,"",2,"normal",30,10,,,
"Meant to do push but did everything","24 Jul 2023, 18:42","24 Jul 2023, 19:21","Deflating volume on purpose and still hitting pretty high volume in 40 minutes. Not bad","Triceps Rope Pushdown",3,"+20 for apt weight. Log 40, machine says 60. Could do more cuz no bench today",0,"normal",40,12,,,
"Meant to do push but did everything","24 Jul 2023, 18:42","24 Jul 2023, 19:21","Deflating volume on purpose and still hitting pretty high volume in 40 minutes. Not bad","Triceps Rope Pushdown",3,"+20 for apt weight. Log 40, machine says 60. Could do more cuz no bench today",1,"normal",50,12,,,
"Meant to do push but did everything","24 Jul 2023, 18:42","24 Jul 2023, 19:21","Deflating volume on purpose and still hitting pretty high volume in 40 minutes. Not bad","Triceps Rope Pushdown",3,"+20 for apt weight. Log 40, machine says 60. Could do more cuz no bench today",2,"normal",50,12,,,
"Meant to do push but did everything","24 Jul 2023, 18:42","24 Jul 2023, 19:21","Deflating volume on purpose and still hitting pretty high volume in 40 minutes. Not bad","Rope Straight Arm Pulldown",3,"Apt weight is 60 log 40",0,"normal",40,12,,,
"Meant to do push but did everything","24 Jul 2023, 18:42","24 Jul 2023, 19:21","Deflating volume on purpose and still hitting pretty high volume in 40 minutes. Not bad","Rope Straight Arm Pulldown",3,"Apt weight is 60 log 40",1,"normal",40,12,,,
"Meant to do push but did everything","24 Jul 2023, 18:42","24 Jul 2023, 19:21","Deflating volume on purpose and still hitting pretty high volume in 40 minutes. Not bad","Rope Straight Arm Pulldown",3,"Apt weight is 60 log 40",2,"normal",40,12,,,
"Back","21 Jul 2023, 16:32","21 Jul 2023, 17:42","","Seated Row (Machine)",,"Neutral grip for 3 sets, then 3 sets overhand. A lot of half reps lol oops",0,"normal",110,10,,,
"Back","21 Jul 2023, 16:32","21 Jul 2023, 17:42","","Seated Row (Machine)",,"Neutral grip for 3 sets, then 3 sets overhand. A lot of half reps lol oops",1,"normal",130,10,,,
"Back","21 Jul 2023, 16:32","21 Jul 2023, 17:42","","Seated Row (Machine)",,"Neutral grip for 3 sets, then 3 sets overhand. A lot of half reps lol oops",2,"normal",140,10,,,
"Back","21 Jul 2023, 16:32","21 Jul 2023, 17:42","","Seated Row (Machine)",,"Neutral grip for 3 sets, then 3 sets overhand. A lot of half reps lol oops",3,"normal",140,10,,,
"Back","21 Jul 2023, 16:32","21 Jul 2023, 17:42","","Seated Row (Machine)",,"Neutral grip for 3 sets, then 3 sets overhand. A lot of half reps lol oops",4,"normal",150,10,,,
"Back","21 Jul 2023, 16:32","21 Jul 2023, 17:42","","Seated Row (Machine)",,"Neutral grip for 3 sets, then 3 sets overhand. A lot of half reps lol oops",5,"normal",150,10,,,
"Back","21 Jul 2023, 16:32","21 Jul 2023, 17:42","","Lat Pulldown (Machine)",,"",0,"normal",95,12,,,
"Back","21 Jul 2023, 16:32","21 Jul 2023, 17:42","","Lat Pulldown (Machine)",,"",1,"normal",115,12,,,
"Back","21 Jul 2023, 16:32","21 Jul 2023, 17:42","","Lat Pulldown (Machine)",,"",2,"normal",130,10,,,
"Back","21 Jul 2023, 16:32","21 Jul 2023, 17:42","","Single Arm Lat Pulldown",,"JPG Cable Lat thing shaun showed me",0,"normal",37.5,24,,,
"Back","21 Jul 2023, 16:32","21 Jul 2023, 17:42","","Single Arm Lat Pulldown",,"JPG Cable Lat thing shaun showed me",1,"normal",42.5,20,,,
"Back","21 Jul 2023, 16:32","21 Jul 2023, 17:42","","Single Arm Lat Pulldown",,"JPG Cable Lat thing shaun showed me",2,"normal",42.5,20,,,
"Back","21 Jul 2023, 16:32","21 Jul 2023, 17:42","","Bicep Curl (Dumbbell)",0,"",0,"normal",50,8,,,
"Back","21 Jul 2023, 16:32","21 Jul 2023, 17:42","","Bicep Curl (Dumbbell)",0,"",1,"normal",50,10,,,
"Back","21 Jul 2023, 16:32","21 Jul 2023, 17:42","","Bicep Curl (Dumbbell)",0,"",2,"normal",50,6,,,
"Back","21 Jul 2023, 16:32","21 Jul 2023, 17:42","","Hammer Curl (Dumbbell)",0,"Amrap on left, then match on right",0,"normal",50,6,,,
"Back","21 Jul 2023, 16:32","21 Jul 2023, 17:42","","Hammer Curl (Dumbbell)",0,"Amrap on left, then match on right",1,"normal",50,5,,,
"Back","21 Jul 2023, 16:32","21 Jul 2023, 17:42","","Hammer Curl (Dumbbell)",0,"Amrap on left, then match on right",2,"normal",50,4,,,
"Legs feeing weak","19 Jul 2023, 18:20","19 Jul 2023, 19:04","Didn’t know my knees could get this sweaty","Squat (Smith Machine)",,"Bar is 45lb at apartment gym for smith! But holy heck i havent squated in so long feeling so weak…",0,"warmup",135,5,,,
"Legs feeing weak","19 Jul 2023, 18:20","19 Jul 2023, 19:04","Didn’t know my knees could get this sweaty","Squat (Smith Machine)",,"Bar is 45lb at apartment gym for smith! But holy heck i havent squated in so long feeling so weak…",1,"normal",185,5,,,
"Legs feeing weak","19 Jul 2023, 18:20","19 Jul 2023, 19:04","Didn’t know my knees could get this sweaty","Squat (Smith Machine)",,"Bar is 45lb at apartment gym for smith! But holy heck i havent squated in so long feeling so weak…",2,"normal",205,5,,,
"Legs feeing weak","19 Jul 2023, 18:20","19 Jul 2023, 19:04","Didn’t know my knees could get this sweaty","Squat (Smith Machine)",,"Bar is 45lb at apartment gym for smith! But holy heck i havent squated in so long feeling so weak…",3,"normal",205,5,,,
"Legs feeing weak","19 Jul 2023, 18:20","19 Jul 2023, 19:04","Didn’t know my knees could get this sweaty","Squat (Smith Machine)",,"Bar is 45lb at apartment gym for smith! But holy heck i havent squated in so long feeling so weak…",4,"normal",205,5,,,
"Legs feeing weak","19 Jul 2023, 18:20","19 Jul 2023, 19:04","Didn’t know my knees could get this sweaty","Reverse Lunge (Dumbbell)",0,"x8 left, x8 right",0,"normal",70,16,,,
"Legs feeing weak","19 Jul 2023, 18:20","19 Jul 2023, 19:04","Didn’t know my knees could get this sweaty","Reverse Lunge (Dumbbell)",0,"x8 left, x8 right",1,"normal",70,16,,,
"Legs feeing weak","19 Jul 2023, 18:20","19 Jul 2023, 19:04","Didn’t know my knees could get this sweaty","Reverse Lunge (Dumbbell)",0,"x8 left, x8 right",2,"normal",70,16,,,
"Legs feeing weak","19 Jul 2023, 18:20","19 Jul 2023, 19:04","Didn’t know my knees could get this sweaty","Romanian Deadlift (Dumbbell)",0,"",0,"normal",70,10,,,
"Legs feeing weak","19 Jul 2023, 18:20","19 Jul 2023, 19:04","Didn’t know my knees could get this sweaty","Romanian Deadlift (Dumbbell)",0,"",1,"normal",70,12,,,
"Legs feeing weak","19 Jul 2023, 18:20","19 Jul 2023, 19:04","Didn’t know my knees could get this sweaty","Romanian Deadlift (Dumbbell)",0,"",2,"normal",70,15,,,
"Legs feeing weak","19 Jul 2023, 18:20","19 Jul 2023, 19:04","Didn’t know my knees could get this sweaty","Lat Pulldown (Cable)",1,"Feels lighter than blink",0,"normal",80,12,,,
"Legs feeing weak","19 Jul 2023, 18:20","19 Jul 2023, 19:04","Didn’t know my knees could get this sweaty","Lat Pulldown (Cable)",1,"Feels lighter than blink",1,"normal",80,12,,,
"Legs feeing weak","19 Jul 2023, 18:20","19 Jul 2023, 19:04","Didn’t know my knees could get this sweaty","Lat Pulldown (Cable)",1,"Feels lighter than blink",2,"normal",80,12,,,
"Legs feeing weak","19 Jul 2023, 18:20","19 Jul 2023, 19:04","Didn’t know my knees could get this sweaty","Seated Row (Machine)",1,"",0,"normal",80,12,,,
"Legs feeing weak","19 Jul 2023, 18:20","19 Jul 2023, 19:04","Didn’t know my knees could get this sweaty","Seated Row (Machine)",1,"",1,"normal",80,12,,,
"Legs feeing weak","19 Jul 2023, 18:20","19 Jul 2023, 19:04","Didn’t know my knees could get this sweaty","Seated Row (Machine)",1,"",2,"normal",80,12,,,
"Apartment gym with Raj","17 Jul 2023, 17:38","17 Jul 2023, 18:44","","Bench Press (Barbell)",,"",0,"warmup",135,6,,,
"Apartment gym with Raj","17 Jul 2023, 17:38","17 Jul 2023, 18:44","","Bench Press (Barbell)",,"",1,"normal",165,6,,,
"Apartment gym with Raj","17 Jul 2023, 17:38","17 Jul 2023, 18:44","","Bench Press (Barbell)",,"",2,"normal",175,6,,,
"Apartment gym with Raj","17 Jul 2023, 17:38","17 Jul 2023, 18:44","","Bench Press (Barbell)",,"",3,"normal",175,6,,,
"Apartment gym with Raj","17 Jul 2023, 17:38","17 Jul 2023, 18:44","","Bench Press (Barbell)",,"",4,"failure",175,5,,,
"Apartment gym with Raj","17 Jul 2023, 17:38","17 Jul 2023, 18:44","","Bench Press (Barbell)",,"",5,"dropset",135,5,,,
"Apartment gym with Raj","17 Jul 2023, 17:38","17 Jul 2023, 18:44","","Overhead Press (Dumbbell)",,"",0,"normal",70,10,,,
"Apartment gym with Raj","17 Jul 2023, 17:38","17 Jul 2023, 18:44","","Overhead Press (Dumbbell)",,"",1,"normal",70,10,,,
"Apartment gym with Raj","17 Jul 2023, 17:38","17 Jul 2023, 18:44","","Overhead Press (Dumbbell)",,"",2,"normal",70,10,,,
"Apartment gym with Raj","17 Jul 2023, 17:38","17 Jul 2023, 18:44","","Overhead Press (Dumbbell)",,"",3,"normal",70,10,,,
"Apartment gym with Raj","17 Jul 2023, 17:38","17 Jul 2023, 18:44","","Incline Bench Press (Dumbbell)",,"Went too fast and not enough ROM on the first set. All my energy sapped by third set lol",0,"normal",100,15,,,
"Apartment gym with Raj","17 Jul 2023, 17:38","17 Jul 2023, 18:44","","Incline Bench Press (Dumbbell)",,"Went too fast and not enough ROM on the first set. All my energy sapped by third set lol",1,"normal",100,12,,,
"Apartment gym with Raj","17 Jul 2023, 17:38","17 Jul 2023, 18:44","","Incline Bench Press (Dumbbell)",,"Went too fast and not enough ROM on the first set. All my energy sapped by third set lol",2,"failure",100,8,,,
"Apartment gym with Raj","17 Jul 2023, 17:38","17 Jul 2023, 18:44","","Front Raise (Dumbbell)",,"",0,"normal",30,8,,,
"Apartment gym with Raj","17 Jul 2023, 17:38","17 Jul 2023, 18:44","","Front Raise (Dumbbell)",,"",1,"normal",30,8,,,
"Apartment gym with Raj","17 Jul 2023, 17:38","17 Jul 2023, 18:44","","Front Raise (Dumbbell)",,"",2,"normal",30,8,,,
"Apartment gym with Raj","17 Jul 2023, 17:38","17 Jul 2023, 18:44","","Lateral Raise (Dumbbell)",,"",0,"normal",30,8,,,
"Apartment gym with Raj","17 Jul 2023, 17:38","17 Jul 2023, 18:44","","Lateral Raise (Dumbbell)",,"",1,"normal",30,8,,,
"Apartment gym with Raj","17 Jul 2023, 17:38","17 Jul 2023, 18:44","","Lateral Raise (Dumbbell)",,"",2,"normal",30,8,,,
"Apartment gym with Raj","17 Jul 2023, 17:38","17 Jul 2023, 18:44","","Rear Delt Reverse Fly (Dumbbell)",,"",0,"normal",30,8,,,
"Apartment gym with Raj","17 Jul 2023, 17:38","17 Jul 2023, 18:44","","Rear Delt Reverse Fly (Dumbbell)",,"",1,"normal",30,8,,,
"Apartment gym with Raj","17 Jul 2023, 17:38","17 Jul 2023, 18:44","","Rear Delt Reverse Fly (Dumbbell)",,"",2,"normal",30,8,,,
"Apartment gym with Raj","17 Jul 2023, 17:38","17 Jul 2023, 18:44","","Triceps Rope Pushdown",,"Finisher. +20 for apt gym weight… feels light. So logged 40lbs for 60lbs on the machine",0,"warmup",30,12,,,
"Apartment gym with Raj","17 Jul 2023, 17:38","17 Jul 2023, 18:44","","Triceps Rope Pushdown",,"Finisher. +20 for apt gym weight… feels light. So logged 40lbs for 60lbs on the machine",1,"normal",40,12,,,
"Apartment gym with Raj","17 Jul 2023, 17:38","17 Jul 2023, 18:44","","Triceps Rope Pushdown",,"Finisher. +20 for apt gym weight… feels light. So logged 40lbs for 60lbs on the machine",2,"normal",40,12,,,
"Apartment gym with Raj","17 Jul 2023, 17:38","17 Jul 2023, 18:44","","Triceps Rope Pushdown",,"Finisher. +20 for apt gym weight… feels light. So logged 40lbs for 60lbs on the machine",3,"normal",40,12,,,
"Push","13 Jul 2023, 13:22","13 Jul 2023, 14:52","With Shaun","Bench Press (Barbell)",,"",0,"warmup",135,6,,,
"Push","13 Jul 2023, 13:22","13 Jul 2023, 14:52","With Shaun","Bench Press (Barbell)",,"",1,"normal",165,6,,,
"Push","13 Jul 2023, 13:22","13 Jul 2023, 14:52","With Shaun","Bench Press (Barbell)",,"",2,"normal",185,6,,,
"Push","13 Jul 2023, 13:22","13 Jul 2023, 14:52","With Shaun","Bench Press (Barbell)",,"",3,"normal",185,6,,,
"Push","13 Jul 2023, 13:22","13 Jul 2023, 14:52","With Shaun","Bench Press (Barbell)",,"",4,"normal",185,6,,,
"Push","13 Jul 2023, 13:22","13 Jul 2023, 14:52","With Shaun","Bench Press (Barbell)",,"",5,"failure",205,2,,,
"Push","13 Jul 2023, 13:22","13 Jul 2023, 14:52","With Shaun","Bench Press (Barbell)",,"",6,"failure",185,1,,,
"Push","13 Jul 2023, 13:22","13 Jul 2023, 14:52","With Shaun","Bench Press (Barbell)",,"",7,"failure",135,5,,,
"Push","13 Jul 2023, 13:22","13 Jul 2023, 14:52","With Shaun","Shoulder Press (Dumbbell)",,"Gotta keep elbows in a little",0,"normal",80,8,,,
"Push","13 Jul 2023, 13:22","13 Jul 2023, 14:52","With Shaun","Shoulder Press (Dumbbell)",,"Gotta keep elbows in a little",1,"normal",100,8,,,
"Push","13 Jul 2023, 13:22","13 Jul 2023, 14:52","With Shaun","Shoulder Press (Dumbbell)",,"Gotta keep elbows in a little",2,"normal",100,8,,,
"Push","13 Jul 2023, 13:22","13 Jul 2023, 14:52","With Shaun","Chest Press (Machine)",,"",0,"normal",100,8,,,
"Push","13 Jul 2023, 13:22","13 Jul 2023, 14:52","With Shaun","Chest Press (Machine)",,"",1,"normal",100,12,,,
"Push","13 Jul 2023, 13:22","13 Jul 2023, 14:52","With Shaun","Chest Press (Machine)",,"",2,"normal",100,10,,,
"Push","13 Jul 2023, 13:22","13 Jul 2023, 14:52","With Shaun","Butterfly (Pec Deck)",,"Left iso, then right iso, then both. x10, last set did x8",0,"normal",70,30,,,
"Push","13 Jul 2023, 13:22","13 Jul 2023, 14:52","With Shaun","Butterfly (Pec Deck)",,"Left iso, then right iso, then both. x10, last set did x8",1,"normal",85,30,,,
"Push","13 Jul 2023, 13:22","13 Jul 2023, 14:52","With Shaun","Butterfly (Pec Deck)",,"Left iso, then right iso, then both. x10, last set did x8",2,"normal",85,24,,,
"Push","13 Jul 2023, 13:22","13 Jul 2023, 14:52","With Shaun","Triceps Rope Pushdown",,"Finisher. Real stats this time not inflated lol",0,"normal",35,12,,,
"Push","13 Jul 2023, 13:22","13 Jul 2023, 14:52","With Shaun","Triceps Rope Pushdown",,"Finisher. Real stats this time not inflated lol",1,"normal",35,12,,,
"Push","13 Jul 2023, 13:22","13 Jul 2023, 14:52","With Shaun","Triceps Rope Pushdown",,"Finisher. Real stats this time not inflated lol",2,"normal",35,12,,,
"Blink with Shaun","12 Jul 2023, 13:57","12 Jul 2023, 15:05","","Lat Pulldown (Cable)",,"Wide grip",0,"warmup",50,10,,,
"Blink with Shaun","12 Jul 2023, 13:57","12 Jul 2023, 15:05","","Lat Pulldown (Cable)",,"Wide grip",1,"normal",70,10,,,
"Blink with Shaun","12 Jul 2023, 13:57","12 Jul 2023, 15:05","","Lat Pulldown (Cable)",,"Wide grip",2,"failure",80,7,,,
"Blink with Shaun","12 Jul 2023, 13:57","12 Jul 2023, 15:05","","Lat Pulldown (Cable)",,"Wide grip",3,"dropset",70,3,,,
"Blink with Shaun","12 Jul 2023, 13:57","12 Jul 2023, 15:05","","Lat Pulldown (Cable)",,"Wide grip",4,"normal",70,10,,,
"Blink with Shaun","12 Jul 2023, 13:57","12 Jul 2023, 15:05","","Seated Cable Row - Bar Grip",,"A lot heavier than planet fitness… D;",0,"normal",60,10,,,
"Blink with Shaun","12 Jul 2023, 13:57","12 Jul 2023, 15:05","","Seated Cable Row - Bar Grip",,"A lot heavier than planet fitness… D;",1,"normal",80,10,,,
"Blink with Shaun","12 Jul 2023, 13:57","12 Jul 2023, 15:05","","Seated Cable Row - Bar Grip",,"A lot heavier than planet fitness… D;",2,"normal",70,12,,,
"Blink with Shaun","12 Jul 2023, 13:57","12 Jul 2023, 15:05","","Rope Straight Arm Pulldown",,"",0,"normal",30,12,,,
"Blink with Shaun","12 Jul 2023, 13:57","12 Jul 2023, 15:05","","Rope Straight Arm Pulldown",,"",1,"normal",35,12,,,
"Blink with Shaun","12 Jul 2023, 13:57","12 Jul 2023, 15:05","","Rope Straight Arm Pulldown",,"",2,"normal",42.5,12,,,
"Blink with Shaun","12 Jul 2023, 13:57","12 Jul 2023, 15:05","","Face Pull",,"",0,"normal",30,12,,,
"Blink with Shaun","12 Jul 2023, 13:57","12 Jul 2023, 15:05","","Face Pull",,"",1,"normal",35,12,,,
"Blink with Shaun","12 Jul 2023, 13:57","12 Jul 2023, 15:05","","Face Pull",,"",2,"normal",42.5,12,,,
"Blink with Shaun","12 Jul 2023, 13:57","12 Jul 2023, 15:05","","Lat Pulldown (Cable)",,"Close grip",0,"normal",100,12,,,
"Blink with Shaun","12 Jul 2023, 13:57","12 Jul 2023, 15:05","","Lat Pulldown (Cable)",,"Close grip",1,"normal",120,12,,,
"Blink with Shaun","12 Jul 2023, 13:57","12 Jul 2023, 15:05","","Lat Pulldown (Cable)",,"Close grip",2,"normal",120,12,,,
"Blink with Shaun","12 Jul 2023, 13:57","12 Jul 2023, 15:05","","Seated Row (Machine)",,"",0,"normal",90,12,,,
"Blink with Shaun","12 Jul 2023, 13:57","12 Jul 2023, 15:05","","Seated Row (Machine)",,"",1,"normal",90,12,,,
"Blink with Shaun","12 Jul 2023, 13:57","12 Jul 2023, 15:05","","Seated Row (Machine)",,"",2,"normal",100,12,,,
"Blink with Shaun","12 Jul 2023, 13:57","12 Jul 2023, 15:05","","Seated Row (Machine)",,"",3,"normal",100,12,,,
"Blink with Shaun","12 Jul 2023, 13:57","12 Jul 2023, 15:05","","Hammer Curl (Dumbbell)",,"",0,"failure",60,8,,,
"Blink with Shaun","12 Jul 2023, 13:57","12 Jul 2023, 15:05","","Hammer Curl (Dumbbell)",,"",1,"failure",60,7,,,
"Blink with Shaun","12 Jul 2023, 13:57","12 Jul 2023, 15:05","","Hammer Curl (Dumbbell)",,"",2,"failure",60,7,,,
"Blink with Shaun","12 Jul 2023, 13:57","12 Jul 2023, 15:05","","Hammer Curl (Dumbbell)",,"",3,"failure",60,7,,,
"Blink with Shaun","12 Jul 2023, 13:57","12 Jul 2023, 15:05","","Bicep Curl (Dumbbell)",,"",0,"failure",40,7,,,
"Blink with Shaun","12 Jul 2023, 13:57","12 Jul 2023, 15:05","","Bicep Curl (Dumbbell)",,"",1,"failure",35,6,,,
"Blink with Shaun","12 Jul 2023, 13:57","12 Jul 2023, 15:05","","Bicep Curl (Dumbbell)",,"",2,"failure",35,6,,,
"Blink with Shaun","12 Jul 2023, 13:57","12 Jul 2023, 15:05","","Bicep Curl (Dumbbell)",,"",3,"failure",35,8,,,
"Last hotel workout","10 Jul 2023, 23:45","11 Jul 2023, 00:32","End of a successful trip","Reverse Lunge (Dumbbell)",3,"",0,"normal",70,16,,,
"Last hotel workout","10 Jul 2023, 23:45","11 Jul 2023, 00:32","End of a successful trip","Reverse Lunge (Dumbbell)",3,"",1,"normal",70,16,,,
"Last hotel workout","10 Jul 2023, 23:45","11 Jul 2023, 00:32","End of a successful trip","Reverse Lunge (Dumbbell)",3,"",2,"normal",70,16,,,
"Last hotel workout","10 Jul 2023, 23:45","11 Jul 2023, 00:32","End of a successful trip","Overhead Squat",3,"Dumbells. Held it like skull crushers",0,"normal",40,10,,,
"Last hotel workout","10 Jul 2023, 23:45","11 Jul 2023, 00:32","End of a successful trip","Overhead Squat",3,"Dumbells. Held it like skull crushers",1,"normal",40,10,,,
"Last hotel workout","10 Jul 2023, 23:45","11 Jul 2023, 00:32","End of a successful trip","Overhead Squat",3,"Dumbells. Held it like skull crushers",2,"normal",40,10,,,
"Last hotel workout","10 Jul 2023, 23:45","11 Jul 2023, 00:32","End of a successful trip","Overhead Press (Dumbbell)",1,"",0,"normal",70,10,,,
"Last hotel workout","10 Jul 2023, 23:45","11 Jul 2023, 00:32","End of a successful trip","Overhead Press (Dumbbell)",1,"",1,"normal",70,10,,,
"Last hotel workout","10 Jul 2023, 23:45","11 Jul 2023, 00:32","End of a successful trip","Overhead Press (Dumbbell)",1,"",2,"normal",70,10,,,
"Last hotel workout","10 Jul 2023, 23:45","11 Jul 2023, 00:32","End of a successful trip","Bent Over Row (Dumbbell)",1,"",0,"normal",70,10,,,
"Last hotel workout","10 Jul 2023, 23:45","11 Jul 2023, 00:32","End of a successful trip","Bent Over Row (Dumbbell)",1,"",1,"normal",70,10,,,
"Last hotel workout","10 Jul 2023, 23:45","11 Jul 2023, 00:32","End of a successful trip","Bent Over Row (Dumbbell)",1,"",2,"normal",70,10,,,
"Last hotel workout","10 Jul 2023, 23:45","11 Jul 2023, 00:32","End of a successful trip","Bench Press (Dumbbell)",2,"",0,"normal",100,12,,,
"Last hotel workout","10 Jul 2023, 23:45","11 Jul 2023, 00:32","End of a successful trip","Bench Press (Dumbbell)",2,"",1,"normal",100,12,,,
"Last hotel workout","10 Jul 2023, 23:45","11 Jul 2023, 00:32","End of a successful trip","Bench Press (Dumbbell)",2,"",2,"normal",100,12,,,
"Last hotel workout","10 Jul 2023, 23:45","11 Jul 2023, 00:32","End of a successful trip","Romanian Deadlift (Dumbbell)",2,"",0,"normal",100,10,,,
"Last hotel workout","10 Jul 2023, 23:45","11 Jul 2023, 00:32","End of a successful trip","Romanian Deadlift (Dumbbell)",2,"",1,"normal",100,10,,,
"Last hotel workout","10 Jul 2023, 23:45","11 Jul 2023, 00:32","End of a successful trip","Romanian Deadlift (Dumbbell)",2,"",2,"normal",100,10,,,
"Hotel lift","8 Jul 2023, 11:41","8 Jul 2023, 12:10","","Incline Bench Press (Dumbbell)",2,"",0,"normal",100,12,,,
"Hotel lift","8 Jul 2023, 11:41","8 Jul 2023, 12:10","","Incline Bench Press (Dumbbell)",2,"",1,"normal",100,12,,,
"Hotel lift","8 Jul 2023, 11:41","8 Jul 2023, 12:10","","Incline Bench Press (Dumbbell)",2,"",2,"normal",100,12,,,
"Hotel lift","8 Jul 2023, 11:41","8 Jul 2023, 12:10","","Chest Supported Incline Row (Dumbbell)",2,"",0,"normal",100,10,,,
"Hotel lift","8 Jul 2023, 11:41","8 Jul 2023, 12:10","","Chest Supported Incline Row (Dumbbell)",2,"",1,"normal",100,10,,,
"Hotel lift","8 Jul 2023, 11:41","8 Jul 2023, 12:10","","Chest Supported Incline Row (Dumbbell)",2,"",2,"normal",100,10,,,
"Hotel lift","8 Jul 2023, 11:41","8 Jul 2023, 12:10","","Front Raise (Dumbbell)",0,"",0,"normal",30,10,,,
"Hotel lift","8 Jul 2023, 11:41","8 Jul 2023, 12:10","","Front Raise (Dumbbell)",0,"",1,"normal",30,10,,,
"Hotel lift","8 Jul 2023, 11:41","8 Jul 2023, 12:10","","Front Raise (Dumbbell)",0,"",2,"normal",30,10,,,
"Hotel lift","8 Jul 2023, 11:41","8 Jul 2023, 12:10","","Lateral Raise (Dumbbell)",0,"",0,"normal",30,10,,,
"Hotel lift","8 Jul 2023, 11:41","8 Jul 2023, 12:10","","Lateral Raise (Dumbbell)",0,"",1,"normal",30,10,,,
"Hotel lift","8 Jul 2023, 11:41","8 Jul 2023, 12:10","","Lateral Raise (Dumbbell)",0,"",2,"normal",30,10,,,
"Hotel lift","8 Jul 2023, 11:41","8 Jul 2023, 12:10","","Reverse Curl (Dumbbell)",1,"",0,"normal",30,10,,,
"Hotel lift","8 Jul 2023, 11:41","8 Jul 2023, 12:10","","Reverse Curl (Dumbbell)",1,"",1,"normal",30,10,,,
"Hotel lift","8 Jul 2023, 11:41","8 Jul 2023, 12:10","","Reverse Curl (Dumbbell)",1,"",2,"normal",30,10,,,
"Hotel lift","8 Jul 2023, 11:41","8 Jul 2023, 12:10","","Hammer Curl (Dumbbell)",1,"",0,"normal",30,10,,,
"Hotel lift","8 Jul 2023, 11:41","8 Jul 2023, 12:10","","Hammer Curl (Dumbbell)",1,"",1,"normal",30,10,,,
"Hotel lift","8 Jul 2023, 11:41","8 Jul 2023, 12:10","","Hammer Curl (Dumbbell)",1,"",2,"normal",30,10,,,
"Hotel lift","8 Jul 2023, 11:41","8 Jul 2023, 12:10","","Triceps Rope Pushdown",3,"Not real rope. Used two one hand grip things and put it on one. Kneeled. Probably inflated stats",0,"normal",45,10,,,
"Hotel lift","8 Jul 2023, 11:41","8 Jul 2023, 12:10","","Triceps Rope Pushdown",3,"Not real rope. Used two one hand grip things and put it on one. Kneeled. Probably inflated stats",1,"normal",55,12,,,
"Hotel lift","8 Jul 2023, 11:41","8 Jul 2023, 12:10","","Triceps Rope Pushdown",3,"Not real rope. Used two one hand grip things and put it on one. Kneeled. Probably inflated stats",2,"normal",55,12,,,
"Hotel lift","8 Jul 2023, 11:41","8 Jul 2023, 12:10","","Rope Straight Arm Pulldown",3,"",0,"normal",45,10,,,
"Hotel lift","8 Jul 2023, 11:41","8 Jul 2023, 12:10","","Rope Straight Arm Pulldown",3,"",1,"normal",55,12,,,
"Hotel lift","8 Jul 2023, 11:41","8 Jul 2023, 12:10","","Rope Straight Arm Pulldown",3,"",2,"normal",55,12,,,
"Quick hotel lift","5 Jul 2023, 22:50","5 Jul 2023, 23:07","Dragging clara with me","Incline Bench Press (Dumbbell)",,"",0,"normal",90,12,,,
"Quick hotel lift","5 Jul 2023, 22:50","5 Jul 2023, 23:07","Dragging clara with me","Incline Bench Press (Dumbbell)",,"",1,"normal",100,12,,,
"Quick hotel lift","5 Jul 2023, 22:50","5 Jul 2023, 23:07","Dragging clara with me","Incline Bench Press (Dumbbell)",,"",2,"normal",100,12,,,
"Quick hotel lift","5 Jul 2023, 22:50","5 Jul 2023, 23:07","Dragging clara with me","Chest Supported Reverse Fly (Dumbbell)",,"",0,"normal",30,12,,,
"Quick hotel lift","5 Jul 2023, 22:50","5 Jul 2023, 23:07","Dragging clara with me","Chest Supported Reverse Fly (Dumbbell)",,"",1,"normal",30,12,,,
"Quick hotel lift","5 Jul 2023, 22:50","5 Jul 2023, 23:07","Dragging clara with me","Chest Supported Reverse Fly (Dumbbell)",,"",2,"normal",30,12,,,
"Quick hotel lift","5 Jul 2023, 22:50","5 Jul 2023, 23:07","Dragging clara with me","Overhead Press (Dumbbell)",,"",0,"normal",70,10,,,
"Quick hotel lift","5 Jul 2023, 22:50","5 Jul 2023, 23:07","Dragging clara with me","Overhead Press (Dumbbell)",,"",1,"normal",70,10,,,
"Quick hotel lift","5 Jul 2023, 22:50","5 Jul 2023, 23:07","Dragging clara with me","Overhead Press (Dumbbell)",,"",2,"normal",70,10,,,
"Quick hotel lift","5 Jul 2023, 22:50","5 Jul 2023, 23:07","Dragging clara with me","Bent Over Row (Dumbbell)",,"",0,"normal",70,10,,,
"Quick hotel lift","5 Jul 2023, 22:50","5 Jul 2023, 23:07","Dragging clara with me","Bent Over Row (Dumbbell)",,"",1,"normal",70,10,,,
"Quick hotel lift","5 Jul 2023, 22:50","5 Jul 2023, 23:07","Dragging clara with me","Bent Over Row (Dumbbell)",,"",2,"normal",70,10,,,
"Checking out the gym at the new place","3 Jul 2023, 16:16","3 Jul 2023, 16:37","","Bench Press (Barbell)",,"",0,"normal",135,5,,,
"Checking out the gym at the new place","3 Jul 2023, 16:16","3 Jul 2023, 16:37","","Bench Press (Barbell)",,"",1,"normal",155,5,,,
"Checking out the gym at the new place","3 Jul 2023, 16:16","3 Jul 2023, 16:37","","Bench Press (Barbell)",,"",2,"normal",155,5,,,
"Checking out the gym at the new place","3 Jul 2023, 16:16","3 Jul 2023, 16:37","","Overhead Press (Dumbbell)",,"",0,"normal",60,10,,,
"Checking out the gym at the new place","3 Jul 2023, 16:16","3 Jul 2023, 16:37","","Overhead Press (Dumbbell)",,"",1,"normal",60,10,,,
"Checking out the gym at the new place","3 Jul 2023, 16:16","3 Jul 2023, 16:37","","Overhead Press (Dumbbell)",,"",2,"normal",60,10,,,
"Checking out the gym at the new place","3 Jul 2023, 16:16","3 Jul 2023, 16:37","","Bent Over Row (Dumbbell)",,"",0,"normal",60,10,,,
"Checking out the gym at the new place","3 Jul 2023, 16:16","3 Jul 2023, 16:37","","Bent Over Row (Dumbbell)",,"",1,"normal",60,10,,,
"Checking out the gym at the new place","3 Jul 2023, 16:16","3 Jul 2023, 16:37","","Bent Over Row (Dumbbell)",,"",2,"normal",60,10,,,
"Checking out the gym at the new place","3 Jul 2023, 16:16","3 Jul 2023, 16:37","","Lat Pulldown (Cable)",,"",0,"normal",70,10,,,
"Checking out the gym at the new place","3 Jul 2023, 16:16","3 Jul 2023, 16:37","","Lat Pulldown (Cable)",,"",1,"normal",70,10,,,
"Checking out the gym at the new place","3 Jul 2023, 16:16","3 Jul 2023, 16:37","","Lat Pulldown (Cable)",,"",2,"normal",70,10,,,
"Checking out the gym at the new place","3 Jul 2023, 16:16","3 Jul 2023, 16:37","","Leg Press Horizontal (Machine)",,"",0,"normal",200,15,,,
"Checking out the gym at the new place","3 Jul 2023, 16:16","3 Jul 2023, 16:37","","Leg Press Horizontal (Machine)",,"",1,"normal",200,15,,,
"Checking out the gym at the new place","3 Jul 2023, 16:16","3 Jul 2023, 16:37","","Leg Press Horizontal (Machine)",,"",2,"normal",200,15,,,
"Last day in Harrisburg for a bit","30 Jun 2023, 17:29","30 Jun 2023, 18:20","","Bench Press (Smith Machine)",,"Missed the 5th rep",0,"normal",155,5,,,
"Last day in Harrisburg for a bit","30 Jun 2023, 17:29","30 Jun 2023, 18:20","","Bench Press (Smith Machine)",,"Missed the 5th rep",1,"normal",165,5,,,
"Last day in Harrisburg for a bit","30 Jun 2023, 17:29","30 Jun 2023, 18:20","","Bench Press (Smith Machine)",,"Missed the 5th rep",2,"normal",165,5,,,
"Last day in Harrisburg for a bit","30 Jun 2023, 17:29","30 Jun 2023, 18:20","","Bench Press (Smith Machine)",,"Missed the 5th rep",3,"normal",170,5,,,
"Last day in Harrisburg for a bit","30 Jun 2023, 17:29","30 Jun 2023, 18:20","","Bench Press (Smith Machine)",,"Missed the 5th rep",4,"failure",170,4,,,
"Last day in Harrisburg for a bit","30 Jun 2023, 17:29","30 Jun 2023, 18:20","","Bench Press (Smith Machine)",,"Missed the 5th rep",5,"dropset",135,8,,,
"Last day in Harrisburg for a bit","30 Jun 2023, 17:29","30 Jun 2023, 18:20","","Seated Shoulder Press (Machine)",,"Missed last rep on last set",0,"normal",80,12,,,
"Last day in Harrisburg for a bit","30 Jun 2023, 17:29","30 Jun 2023, 18:20","","Seated Shoulder Press (Machine)",,"Missed last rep on last set",1,"normal",100,12,,,
"Last day in Harrisburg for a bit","30 Jun 2023, 17:29","30 Jun 2023, 18:20","","Seated Shoulder Press (Machine)",,"Missed last rep on last set",2,"failure",105,11,,,
"Last day in Harrisburg for a bit","30 Jun 2023, 17:29","30 Jun 2023, 18:20","","Incline Bench Press (Dumbbell)",1,"Oh my i was real tired by the time i started this. Could do way less than normal",0,"normal",90,8,,,
"Last day in Harrisburg for a bit","30 Jun 2023, 17:29","30 Jun 2023, 18:20","","Incline Bench Press (Dumbbell)",1,"Oh my i was real tired by the time i started this. Could do way less than normal",1,"normal",90,10,,,
"Last day in Harrisburg for a bit","30 Jun 2023, 17:29","30 Jun 2023, 18:20","","Incline Bench Press (Dumbbell)",1,"Oh my i was real tired by the time i started this. Could do way less than normal",2,"normal",90,12,,,
"Last day in Harrisburg for a bit","30 Jun 2023, 17:29","30 Jun 2023, 18:20","","Chest Supported Incline Row (Dumbbell)",1,"Felt good",0,"normal",90,12,,,
"Last day in Harrisburg for a bit","30 Jun 2023, 17:29","30 Jun 2023, 18:20","","Chest Supported Incline Row (Dumbbell)",1,"Felt good",1,"normal",90,12,,,
"Last day in Harrisburg for a bit","30 Jun 2023, 17:29","30 Jun 2023, 18:20","","Chest Supported Incline Row (Dumbbell)",1,"Felt good",2,"normal",90,12,,,
"Last day in Harrisburg for a bit","30 Jun 2023, 17:29","30 Jun 2023, 18:20","","Rope Straight Arm Pulldown",0,"",0,"normal",40,12,,,
"Last day in Harrisburg for a bit","30 Jun 2023, 17:29","30 Jun 2023, 18:20","","Rope Straight Arm Pulldown",0,"",1,"normal",50,12,,,
"Last day in Harrisburg for a bit","30 Jun 2023, 17:29","30 Jun 2023, 18:20","","Rope Straight Arm Pulldown",0,"",2,"normal",50,15,,,
"Last day in Harrisburg for a bit","30 Jun 2023, 17:29","30 Jun 2023, 18:20","","Triceps Rope Pushdown",0,"",0,"normal",40,12,,,
"Last day in Harrisburg for a bit","30 Jun 2023, 17:29","30 Jun 2023, 18:20","","Triceps Rope Pushdown",0,"",1,"normal",50,12,,,
"Last day in Harrisburg for a bit","30 Jun 2023, 17:29","30 Jun 2023, 18:20","","Triceps Rope Pushdown",0,"",2,"normal",50,15,,,
"Pull","27 Jun 2023, 22:05","27 Jun 2023, 22:57","Did a three exercise superset with the ez curl bar","Lat Pulldown (Machine)",,"Trying let it up slowly, focusing on TUT (sorta)",0,"warmup",80,8,,,
"Pull","27 Jun 2023, 22:05","27 Jun 2023, 22:57","Did a three exercise superset with the ez curl bar","Lat Pulldown (Machine)",,"Trying let it up slowly, focusing on TUT (sorta)",1,"normal",120,10,,,
"Pull","27 Jun 2023, 22:05","27 Jun 2023, 22:57","Did a three exercise superset with the ez curl bar","Lat Pulldown (Machine)",,"Trying let it up slowly, focusing on TUT (sorta)",2,"normal",120,10,,,
"Pull","27 Jun 2023, 22:05","27 Jun 2023, 22:57","Did a three exercise superset with the ez curl bar","Lat Pulldown (Machine)",,"Trying let it up slowly, focusing on TUT (sorta)",3,"normal",120,10,,,
"Pull","27 Jun 2023, 22:05","27 Jun 2023, 22:57","Did a three exercise superset with the ez curl bar","Seated Cable Row - Bar Grip",,"",0,"warmup",100,10,,,
"Pull","27 Jun 2023, 22:05","27 Jun 2023, 22:57","Did a three exercise superset with the ez curl bar","Seated Cable Row - Bar Grip",,"",1,"normal",110,12,,,
"Pull","27 Jun 2023, 22:05","27 Jun 2023, 22:57","Did a three exercise superset with the ez curl bar","Seated Cable Row - Bar Grip",,"",2,"normal",120,12,,,
"Pull","27 Jun 2023, 22:05","27 Jun 2023, 22:57","Did a three exercise superset with the ez curl bar","Seated Cable Row - Bar Grip",,"",3,"normal",130,12,,,
"Pull","27 Jun 2023, 22:05","27 Jun 2023, 22:57","Did a three exercise superset with the ez curl bar","Romanian Deadlift (Barbell)",0,"Smith machine",0,"normal",135,8,,,
"Pull","27 Jun 2023, 22:05","27 Jun 2023, 22:57","Did a three exercise superset with the ez curl bar","Romanian Deadlift (Barbell)",0,"Smith machine",1,"normal",165,8,,,
"Pull","27 Jun 2023, 22:05","27 Jun 2023, 22:57","Did a three exercise superset with the ez curl bar","Romanian Deadlift (Barbell)",0,"Smith machine",2,"normal",165,8,,,
"Pull","27 Jun 2023, 22:05","27 Jun 2023, 22:57","Did a three exercise superset with the ez curl bar","Romanian Deadlift (Barbell)",0,"Smith machine",3,"normal",185,8,,,
"Pull","27 Jun 2023, 22:05","27 Jun 2023, 22:57","Did a three exercise superset with the ez curl bar","Shrug (Smith Machine)",0,"",0,"normal",135,8,,,
"Pull","27 Jun 2023, 22:05","27 Jun 2023, 22:57","Did a three exercise superset with the ez curl bar","Shrug (Smith Machine)",0,"",1,"normal",165,8,,,
"Pull","27 Jun 2023, 22:05","27 Jun 2023, 22:57","Did a three exercise superset with the ez curl bar","Shrug (Smith Machine)",0,"",2,"normal",165,8,,,
"Pull","27 Jun 2023, 22:05","27 Jun 2023, 22:57","Did a three exercise superset with the ez curl bar","Shrug (Smith Machine)",0,"",3,"normal",185,8,,,
"Pull","27 Jun 2023, 22:05","27 Jun 2023, 22:57","Did a three exercise superset with the ez curl bar","EZ Bar Biceps Curl",,"7 each lower, upper, full range",0,"normal",20,21,,,
"Pull","27 Jun 2023, 22:05","27 Jun 2023, 22:57","Did a three exercise superset with the ez curl bar","EZ Bar Biceps Curl",,"7 each lower, upper, full range",1,"normal",30,21,,,
"Pull","27 Jun 2023, 22:05","27 Jun 2023, 22:57","Did a three exercise superset with the ez curl bar","EZ Bar Biceps Curl",,"7 each lower, upper, full range",2,"normal",30,21,,,
"Pull","27 Jun 2023, 22:05","27 Jun 2023, 22:57","Did a three exercise superset with the ez curl bar","Front Raise (Barbell)",,"Ez curl",0,"normal",20,7,,,
"Pull","27 Jun 2023, 22:05","27 Jun 2023, 22:57","Did a three exercise superset with the ez curl bar","Front Raise (Barbell)",,"Ez curl",1,"normal",30,7,,,
"Pull","27 Jun 2023, 22:05","27 Jun 2023, 22:57","Did a three exercise superset with the ez curl bar","Front Raise (Barbell)",,"Ez curl",2,"normal",30,7,,,
"Pull","27 Jun 2023, 22:05","27 Jun 2023, 22:57","Did a three exercise superset with the ez curl bar","Skullcrusher (Barbell)",,"Ez curl",0,"normal",20,12,,,
"Pull","27 Jun 2023, 22:05","27 Jun 2023, 22:57","Did a three exercise superset with the ez curl bar","Skullcrusher (Barbell)",,"Ez curl",1,"normal",30,12,,,
"Pull","27 Jun 2023, 22:05","27 Jun 2023, 22:57","Did a three exercise superset with the ez curl bar","Skullcrusher (Barbell)",,"Ez curl",2,"normal",30,12,,,
"Pull","27 Jun 2023, 22:05","27 Jun 2023, 22:57","Did a three exercise superset with the ez curl bar","Back Extension (Machine)",,"",0,"normal",140,10,,,
"Pull","27 Jun 2023, 22:05","27 Jun 2023, 22:57","Did a three exercise superset with the ez curl bar","Back Extension (Machine)",,"",1,"normal",140,10,,,
"Pull","27 Jun 2023, 22:05","27 Jun 2023, 22:57","Did a three exercise superset with the ez curl bar","Back Extension (Machine)",,"",2,"normal",140,10,,,
"Push","25 Jun 2023, 17:52","25 Jun 2023, 18:56","Did a lot of machines so volume inflated","Bench Press (Smith Machine)",,"",0,"warmup",135,5,,,
"Push","25 Jun 2023, 17:52","25 Jun 2023, 18:56","Did a lot of machines so volume inflated","Bench Press (Smith Machine)",,"",1,"normal",155,5,,,
"Push","25 Jun 2023, 17:52","25 Jun 2023, 18:56","Did a lot of machines so volume inflated","Bench Press (Smith Machine)",,"",2,"normal",165,5,,,
"Push","25 Jun 2023, 17:52","25 Jun 2023, 18:56","Did a lot of machines so volume inflated","Bench Press (Smith Machine)",,"",3,"normal",165,5,,,
"Push","25 Jun 2023, 17:52","25 Jun 2023, 18:56","Did a lot of machines so volume inflated","Bench Press (Smith Machine)",,"",4,"normal",170,5,,,
"Push","25 Jun 2023, 17:52","25 Jun 2023, 18:56","Did a lot of machines so volume inflated","Bench Press (Smith Machine)",,"",5,"normal",170,5,,,
"Push","25 Jun 2023, 17:52","25 Jun 2023, 18:56","Did a lot of machines so volume inflated","Seated Row (Machine)",,"",0,"normal",100,12,,,
"Push","25 Jun 2023, 17:52","25 Jun 2023, 18:56","Did a lot of machines so volume inflated","Seated Row (Machine)",,"",1,"normal",120,12,,,
"Push","25 Jun 2023, 17:52","25 Jun 2023, 18:56","Did a lot of machines so volume inflated","Seated Row (Machine)",,"",2,"normal",120,12,,,
"Push","25 Jun 2023, 17:52","25 Jun 2023, 18:56","Did a lot of machines so volume inflated","Seated Shoulder Press (Machine)",,"",0,"warmup",50,12,,,
"Push","25 Jun 2023, 17:52","25 Jun 2023, 18:56","Did a lot of machines so volume inflated","Seated Shoulder Press (Machine)",,"",1,"normal",60,12,,,
"Push","25 Jun 2023, 17:52","25 Jun 2023, 18:56","Did a lot of machines so volume inflated","Seated Shoulder Press (Machine)",,"",2,"normal",80,12,,,
"Push","25 Jun 2023, 17:52","25 Jun 2023, 18:56","Did a lot of machines so volume inflated","Seated Shoulder Press (Machine)",,"",3,"normal",100,12,,,
"Push","25 Jun 2023, 17:52","25 Jun 2023, 18:56","Did a lot of machines so volume inflated","Rope Straight Arm Pulldown",0,"Suprisingly easy? Maybe the machine is different. Lingnlestown Planet Fitness",0,"warmup",30,12,,,
"Push","25 Jun 2023, 17:52","25 Jun 2023, 18:56","Did a lot of machines so volume inflated","Rope Straight Arm Pulldown",0,"Suprisingly easy? Maybe the machine is different. Lingnlestown Planet Fitness",1,"normal",40,15,,,
"Push","25 Jun 2023, 17:52","25 Jun 2023, 18:56","Did a lot of machines so volume inflated","Rope Straight Arm Pulldown",0,"Suprisingly easy? Maybe the machine is different. Lingnlestown Planet Fitness",2,"normal",40,15,,,
"Push","25 Jun 2023, 17:52","25 Jun 2023, 18:56","Did a lot of machines so volume inflated","Rope Straight Arm Pulldown",0,"Suprisingly easy? Maybe the machine is different. Lingnlestown Planet Fitness",3,"normal",40,15,,,
"Push","25 Jun 2023, 17:52","25 Jun 2023, 18:56","Did a lot of machines so volume inflated","Triceps Rope Pushdown",0,"",0,"warmup",30,12,,,
"Push","25 Jun 2023, 17:52","25 Jun 2023, 18:56","Did a lot of machines so volume inflated","Triceps Rope Pushdown",0,"",1,"normal",40,15,,,
"Push","25 Jun 2023, 17:52","25 Jun 2023, 18:56","Did a lot of machines so volume inflated","Triceps Rope Pushdown",0,"",2,"normal",40,15,,,
"Push","25 Jun 2023, 17:52","25 Jun 2023, 18:56","Did a lot of machines so volume inflated","Triceps Rope Pushdown",0,"",3,"normal",40,15,,,
"Push","25 Jun 2023, 17:52","25 Jun 2023, 18:56","Did a lot of machines so volume inflated","Butterfly (Pec Deck)",1,"",0,"warmup",95,10,,,
"Push","25 Jun 2023, 17:52","25 Jun 2023, 18:56","Did a lot of machines so volume inflated","Butterfly (Pec Deck)",1,"",1,"normal",100,12,,,
"Push","25 Jun 2023, 17:52","25 Jun 2023, 18:56","Did a lot of machines so volume inflated","Butterfly (Pec Deck)",1,"",2,"normal",105,12,,,
"Push","25 Jun 2023, 17:52","25 Jun 2023, 18:56","Did a lot of machines so volume inflated","Butterfly (Pec Deck)",1,"",3,"normal",110,12,,,
"Push","25 Jun 2023, 17:52","25 Jun 2023, 18:56","Did a lot of machines so volume inflated","Rear Delt Reverse Fly (Machine)",1,"",0,"warmup",75,10,,,
"Push","25 Jun 2023, 17:52","25 Jun 2023, 18:56","Did a lot of machines so volume inflated","Rear Delt Reverse Fly (Machine)",1,"",1,"normal",80,10,,,
"Push","25 Jun 2023, 17:52","25 Jun 2023, 18:56","Did a lot of machines so volume inflated","Rear Delt Reverse Fly (Machine)",1,"",2,"normal",80,10,,,
"Push","25 Jun 2023, 17:52","25 Jun 2023, 18:56","Did a lot of machines so volume inflated","Rear Delt Reverse Fly (Machine)",1,"",3,"normal",80,10,,,
"At home dumbbell workout","23 Jun 2023, 15:37","23 Jun 2023, 16:29","","Incline Bench Press (Dumbbell)",,"",0,"normal",100,10,,,
"At home dumbbell workout","23 Jun 2023, 15:37","23 Jun 2023, 16:29","","Incline Bench Press (Dumbbell)",,"",1,"normal",100,12,,,
"At home dumbbell workout","23 Jun 2023, 15:37","23 Jun 2023, 16:29","","Incline Bench Press (Dumbbell)",,"",2,"normal",100,12,,,
"At home dumbbell workout","23 Jun 2023, 15:37","23 Jun 2023, 16:29","","Incline Bench Press (Dumbbell)",,"",3,"normal",100,12,,,
"At home dumbbell workout","23 Jun 2023, 15:37","23 Jun 2023, 16:29","","Bent Over Row (Dumbbell)",,"",0,"normal",80,10,,,
"At home dumbbell workout","23 Jun 2023, 15:37","23 Jun 2023, 16:29","","Bent Over Row (Dumbbell)",,"",1,"normal",80,12,,,
"At home dumbbell workout","23 Jun 2023, 15:37","23 Jun 2023, 16:29","","Bent Over Row (Dumbbell)",,"",2,"normal",80,12,,,
"At home dumbbell workout","23 Jun 2023, 15:37","23 Jun 2023, 16:29","","Bent Over Row (Dumbbell)",,"",3,"normal",80,12,,,
"At home dumbbell workout","23 Jun 2023, 15:37","23 Jun 2023, 16:29","","Reverse Lunge (Dumbbell)",,"",0,"normal",60,16,,,
"At home dumbbell workout","23 Jun 2023, 15:37","23 Jun 2023, 16:29","","Reverse Lunge (Dumbbell)",,"",1,"normal",60,16,,,
"At home dumbbell workout","23 Jun 2023, 15:37","23 Jun 2023, 16:29","","Reverse Lunge (Dumbbell)",,"",2,"normal",60,16,,,
"At home dumbbell workout","23 Jun 2023, 15:37","23 Jun 2023, 16:29","","Reverse Lunge (Dumbbell)",,"",3,"normal",60,16,,,
"At home dumbbell workout","23 Jun 2023, 15:37","23 Jun 2023, 16:29","","Arnold Press (Dumbbell)",,"",0,"normal",30,12,,,
"At home dumbbell workout","23 Jun 2023, 15:37","23 Jun 2023, 16:29","","Arnold Press (Dumbbell)",,"",1,"normal",30,12,,,
"At home dumbbell workout","23 Jun 2023, 15:37","23 Jun 2023, 16:29","","Arnold Press (Dumbbell)",,"",2,"normal",30,12,,,
"At home dumbbell workout","23 Jun 2023, 15:37","23 Jun 2023, 16:29","","Arnold Press (Dumbbell)",,"",3,"normal",30,12,,,
"At home dumbbell workout","23 Jun 2023, 15:37","23 Jun 2023, 16:29","","Lateral Raise (Dumbbell)",,"",0,"normal",30,10,,,
"At home dumbbell workout","23 Jun 2023, 15:37","23 Jun 2023, 16:29","","Lateral Raise (Dumbbell)",,"",1,"normal",30,10,,,
"At home dumbbell workout","23 Jun 2023, 15:37","23 Jun 2023, 16:29","","Lateral Raise (Dumbbell)",,"",2,"normal",30,10,,,
"At home dumbbell workout","23 Jun 2023, 15:37","23 Jun 2023, 16:29","","Lateral Raise (Dumbbell)",,"",3,"normal",30,10,,,
"Quick pull after 2 mi run","15 Jun 2023, 20:14","15 Jun 2023, 20:40","","Seated Cable Row - Bar Grip",,"",0,"warmup",50,10,,,
"Quick pull after 2 mi run","15 Jun 2023, 20:14","15 Jun 2023, 20:40","","Seated Cable Row - Bar Grip",,"",1,"normal",100,12,,,
"Quick pull after 2 mi run","15 Jun 2023, 20:14","15 Jun 2023, 20:40","","Seated Cable Row - Bar Grip",,"",2,"normal",110,12,,,
"Quick pull after 2 mi run","15 Jun 2023, 20:14","15 Jun 2023, 20:40","","Seated Cable Row - Bar Grip",,"",3,"normal",120,12,,,
"Quick pull after 2 mi run","15 Jun 2023, 20:14","15 Jun 2023, 20:40","","Lat Pulldown (Cable)",,"",0,"normal",100,10,,,
"Quick pull after 2 mi run","15 Jun 2023, 20:14","15 Jun 2023, 20:40","","Lat Pulldown (Cable)",,"",1,"normal",100,10,,,
"Quick pull after 2 mi run","15 Jun 2023, 20:14","15 Jun 2023, 20:40","","Lat Pulldown (Cable)",,"",2,"normal",100,10,,,
"Quick pull after 2 mi run","15 Jun 2023, 20:14","15 Jun 2023, 20:40","","Romanian Deadlift (Barbell)",,"Smith machine",0,"normal",175,8,,,
"Quick pull after 2 mi run","15 Jun 2023, 20:14","15 Jun 2023, 20:40","","Romanian Deadlift (Barbell)",,"Smith machine",1,"normal",175,8,,,
"Quick pull after 2 mi run","15 Jun 2023, 20:14","15 Jun 2023, 20:40","","Romanian Deadlift (Barbell)",,"Smith machine",2,"normal",175,8,,,
"Push","13 Jun 2023, 18:56","13 Jun 2023, 19:46","","Incline Bench Press (Dumbbell)",,"",0,"warmup",90,8,,,
"Push","13 Jun 2023, 18:56","13 Jun 2023, 19:46","","Incline Bench Press (Dumbbell)",,"",1,"normal",100,10,,,
"Push","13 Jun 2023, 18:56","13 Jun 2023, 19:46","","Incline Bench Press (Dumbbell)",,"",2,"normal",120,12,,,
"Push","13 Jun 2023, 18:56","13 Jun 2023, 19:46","","Incline Bench Press (Dumbbell)",,"",3,"normal",120,12,,,
"Push","13 Jun 2023, 18:56","13 Jun 2023, 19:46","","Incline Bench Press (Dumbbell)",,"",4,"normal",120,12,,,
"Push","13 Jun 2023, 18:56","13 Jun 2023, 19:46","","Arnold Press (Dumbbell)",1,"",0,"normal",40,12,,,
"Push","13 Jun 2023, 18:56","13 Jun 2023, 19:46","","Arnold Press (Dumbbell)",1,"",1,"normal",50,10,,,
"Push","13 Jun 2023, 18:56","13 Jun 2023, 19:46","","Arnold Press (Dumbbell)",1,"",2,"normal",50,10,,,
"Push","13 Jun 2023, 18:56","13 Jun 2023, 19:46","","Triceps Extension (Dumbbell)",1,"",0,"normal",20,15,,,
"Push","13 Jun 2023, 18:56","13 Jun 2023, 19:46","","Triceps Extension (Dumbbell)",1,"",1,"normal",25,12,,,
"Push","13 Jun 2023, 18:56","13 Jun 2023, 19:46","","Triceps Extension (Dumbbell)",1,"",2,"normal",25,12,,,
"Push","13 Jun 2023, 18:56","13 Jun 2023, 19:46","","Front Raise (Dumbbell)",0,"",0,"normal",20,10,,,
"Push","13 Jun 2023, 18:56","13 Jun 2023, 19:46","","Front Raise (Dumbbell)",0,"",1,"normal",20,12,,,
"Push","13 Jun 2023, 18:56","13 Jun 2023, 19:46","","Front Raise (Dumbbell)",0,"",2,"normal",20,12,,,
"Push","13 Jun 2023, 18:56","13 Jun 2023, 19:46","","Lateral Raise (Dumbbell)",0,"",0,"normal",20,10,,,
"Push","13 Jun 2023, 18:56","13 Jun 2023, 19:46","","Lateral Raise (Dumbbell)",0,"",1,"normal",20,12,,,
"Push","13 Jun 2023, 18:56","13 Jun 2023, 19:46","","Lateral Raise (Dumbbell)",0,"",2,"normal",20,12,,,
"Push","13 Jun 2023, 18:56","13 Jun 2023, 19:46","","Butterfly (Pec Deck)",,"",0,"normal",100,12,,,
"Push","13 Jun 2023, 18:56","13 Jun 2023, 19:46","","Butterfly (Pec Deck)",,"",1,"normal",100,12,,,
"Push","13 Jun 2023, 18:56","13 Jun 2023, 19:46","","Butterfly (Pec Deck)",,"",2,"normal",100,12,,,
"Ran today, doing some light legs","6 Jun 2023, 21:57","6 Jun 2023, 22:28","","Squat (Smith Machine)",,"Bar is 25lbs. Accounted for this",0,"normal",135,5,,,
"Ran today, doing some light legs","6 Jun 2023, 21:57","6 Jun 2023, 22:28","","Squat (Smith Machine)",,"Bar is 25lbs. Accounted for this",1,"normal",185,5,,,
"Ran today, doing some light legs","6 Jun 2023, 21:57","6 Jun 2023, 22:28","","Squat (Smith Machine)",,"Bar is 25lbs. Accounted for this",2,"normal",195,5,,,
"Ran today, doing some light legs","6 Jun 2023, 21:57","6 Jun 2023, 22:28","","Reverse Lunge (Dumbbell)",,"Legs started feeling tight around here had to take it slow",0,"normal",50,16,,,
"Ran today, doing some light legs","6 Jun 2023, 21:57","6 Jun 2023, 22:28","","Reverse Lunge (Dumbbell)",,"Legs started feeling tight around here had to take it slow",1,"normal",50,16,,,
"Ran today, doing some light legs","6 Jun 2023, 21:57","6 Jun 2023, 22:28","","Reverse Lunge (Dumbbell)",,"Legs started feeling tight around here had to take it slow",2,"normal",50,16,,,
"Ran today, doing some light legs","6 Jun 2023, 21:57","6 Jun 2023, 22:28","","Leg Extension (Machine)",,"Feet pointed… 10x inward, 10x outward, 10x straight",0,"normal",55,30,,,
"Ran today, doing some light legs","6 Jun 2023, 21:57","6 Jun 2023, 22:28","","Leg Extension (Machine)",,"Feet pointed… 10x inward, 10x outward, 10x straight",1,"normal",55,30,,,
"Ran today, doing some light legs","6 Jun 2023, 21:57","6 Jun 2023, 22:28","","Leg Extension (Machine)",,"Feet pointed… 10x inward, 10x outward, 10x straight",2,"normal",55,30,,,
"Felt slow","5 Jun 2023, 22:27","5 Jun 2023, 23:15","humbling 😵‍💫😵‍💫 good volume tho","Bench Press (Smith Machine)",,"bar is 25, accounted for that. moved pretty slow",0,"normal",135,5,,,
"Felt slow","5 Jun 2023, 22:27","5 Jun 2023, 23:15","humbling 😵‍💫😵‍💫 good volume tho","Bench Press (Smith Machine)",,"bar is 25, accounted for that. moved pretty slow",1,"normal",155,5,,,
"Felt slow","5 Jun 2023, 22:27","5 Jun 2023, 23:15","humbling 😵‍💫😵‍💫 good volume tho","Bench Press (Smith Machine)",,"bar is 25, accounted for that. moved pretty slow",2,"normal",155,5,,,
"Felt slow","5 Jun 2023, 22:27","5 Jun 2023, 23:15","humbling 😵‍💫😵‍💫 good volume tho","Bench Press (Smith Machine)",,"bar is 25, accounted for that. moved pretty slow",3,"normal",155,5,,,
"Felt slow","5 Jun 2023, 22:27","5 Jun 2023, 23:15","humbling 😵‍💫😵‍💫 good volume tho","Bench Press (Smith Machine)",,"bar is 25, accounted for that. moved pretty slow",4,"normal",165,5,,,
"Felt slow","5 Jun 2023, 22:27","5 Jun 2023, 23:15","humbling 😵‍💫😵‍💫 good volume tho","Bench Press (Smith Machine)",,"bar is 25, accounted for that. moved pretty slow",5,"failure",135,10,,,
"Felt slow","5 Jun 2023, 22:27","5 Jun 2023, 23:15","humbling 😵‍💫😵‍💫 good volume tho","Overhead Press (Dumbbell)",0,"40 each -> 35 each",0,"normal",80,10,,,
"Felt slow","5 Jun 2023, 22:27","5 Jun 2023, 23:15","humbling 😵‍💫😵‍💫 good volume tho","Overhead Press (Dumbbell)",0,"40 each -> 35 each",1,"normal",80,10,,,
"Felt slow","5 Jun 2023, 22:27","5 Jun 2023, 23:15","humbling 😵‍💫😵‍💫 good volume tho","Overhead Press (Dumbbell)",0,"40 each -> 35 each",2,"normal",70,10,,,
"Felt slow","5 Jun 2023, 22:27","5 Jun 2023, 23:15","humbling 😵‍💫😵‍💫 good volume tho","Triceps Extension (Dumbbell)",0,"went down in weight cuz they all looked like half reps lol. Took it slower",0,"normal",40,10,,,
"Felt slow","5 Jun 2023, 22:27","5 Jun 2023, 23:15","humbling 😵‍💫😵‍💫 good volume tho","Triceps Extension (Dumbbell)",0,"went down in weight cuz they all looked like half reps lol. Took it slower",1,"normal",40,10,,,
"Felt slow","5 Jun 2023, 22:27","5 Jun 2023, 23:15","humbling 😵‍💫😵‍💫 good volume tho","Triceps Extension (Dumbbell)",0,"went down in weight cuz they all looked like half reps lol. Took it slower",2,"normal",35,10,,,
"Felt slow","5 Jun 2023, 22:27","5 Jun 2023, 23:15","humbling 😵‍💫😵‍💫 good volume tho","Butterfly (Pec Deck)",,"",0,"normal",90,12,,,
"Felt slow","5 Jun 2023, 22:27","5 Jun 2023, 23:15","humbling 😵‍💫😵‍💫 good volume tho","Butterfly (Pec Deck)",,"",1,"normal",90,12,,,
"Felt slow","5 Jun 2023, 22:27","5 Jun 2023, 23:15","humbling 😵‍💫😵‍💫 good volume tho","Butterfly (Pec Deck)",,"",2,"normal",90,12,,,
"Felt slow","5 Jun 2023, 22:27","5 Jun 2023, 23:15","humbling 😵‍💫😵‍💫 good volume tho","Chest Dip (Assisted)",,"",0,"warmup",90,8,,,
"Felt slow","5 Jun 2023, 22:27","5 Jun 2023, 23:15","humbling 😵‍💫😵‍💫 good volume tho","Chest Dip (Assisted)",,"",1,"normal",80,8,,,
"Felt slow","5 Jun 2023, 22:27","5 Jun 2023, 23:15","humbling 😵‍💫😵‍💫 good volume tho","Chest Dip (Assisted)",,"",2,"normal",80,8,,,
"Felt slow","5 Jun 2023, 22:27","5 Jun 2023, 23:15","humbling 😵‍💫😵‍💫 good volume tho","Chest Dip (Assisted)",,"",3,"normal",80,8,,,
"It’s been a while","3 Jun 2023, 16:20","3 Jun 2023, 17:11","Man I have not actually lifted since like.. carnival lmao. Time to get back into things","Lat Pulldown (Cable)",,"",0,"warmup",90,10,,,
"It’s been a while","3 Jun 2023, 16:20","3 Jun 2023, 17:11","Man I have not actually lifted since like.. carnival lmao. Time to get back into things","Lat Pulldown (Cable)",,"",1,"normal",110,10,,,
"It’s been a while","3 Jun 2023, 16:20","3 Jun 2023, 17:11","Man I have not actually lifted since like.. carnival lmao. Time to get back into things","Lat Pulldown (Cable)",,"",2,"normal",110,10,,,
"It’s been a while","3 Jun 2023, 16:20","3 Jun 2023, 17:11","Man I have not actually lifted since like.. carnival lmao. Time to get back into things","Lat Pulldown (Cable)",,"",3,"normal",110,10,,,
"It’s been a while","3 Jun 2023, 16:20","3 Jun 2023, 17:11","Man I have not actually lifted since like.. carnival lmao. Time to get back into things","Bent Over Row (Dumbbell)",0,"",0,"normal",70,10,,,
"It’s been a while","3 Jun 2023, 16:20","3 Jun 2023, 17:11","Man I have not actually lifted since like.. carnival lmao. Time to get back into things","Bent Over Row (Dumbbell)",0,"",1,"normal",70,10,,,
"It’s been a while","3 Jun 2023, 16:20","3 Jun 2023, 17:11","Man I have not actually lifted since like.. carnival lmao. Time to get back into things","Bent Over Row (Dumbbell)",0,"",2,"normal",70,10,,,
"It’s been a while","3 Jun 2023, 16:20","3 Jun 2023, 17:11","Man I have not actually lifted since like.. carnival lmao. Time to get back into things","Romanian Deadlift (Dumbbell)",0,"",0,"normal",70,10,,,
"It’s been a while","3 Jun 2023, 16:20","3 Jun 2023, 17:11","Man I have not actually lifted since like.. carnival lmao. Time to get back into things","Romanian Deadlift (Dumbbell)",0,"",1,"normal",70,10,,,
"It’s been a while","3 Jun 2023, 16:20","3 Jun 2023, 17:11","Man I have not actually lifted since like.. carnival lmao. Time to get back into things","Romanian Deadlift (Dumbbell)",0,"",2,"normal",70,10,,,
"It’s been a while","3 Jun 2023, 16:20","3 Jun 2023, 17:11","Man I have not actually lifted since like.. carnival lmao. Time to get back into things","Seated Cable Row - Bar Grip",,"",0,"warmup",50,12,,,
"It’s been a while","3 Jun 2023, 16:20","3 Jun 2023, 17:11","Man I have not actually lifted since like.. carnival lmao. Time to get back into things","Seated Cable Row - Bar Grip",,"",1,"normal",100,12,,,
"It’s been a while","3 Jun 2023, 16:20","3 Jun 2023, 17:11","Man I have not actually lifted since like.. carnival lmao. Time to get back into things","Seated Cable Row - Bar Grip",,"",2,"normal",100,12,,,
"It’s been a while","3 Jun 2023, 16:20","3 Jun 2023, 17:11","Man I have not actually lifted since like.. carnival lmao. Time to get back into things","Seated Cable Row - Bar Grip",,"",3,"normal",100,12,,,
"It’s been a while","3 Jun 2023, 16:20","3 Jun 2023, 17:11","Man I have not actually lifted since like.. carnival lmao. Time to get back into things","EZ Bar Biceps Curl",,"",0,"normal",20,21,,,
"It’s been a while","3 Jun 2023, 16:20","3 Jun 2023, 17:11","Man I have not actually lifted since like.. carnival lmao. Time to get back into things","EZ Bar Biceps Curl",,"",1,"normal",20,21,,,
"It’s been a while","3 Jun 2023, 16:20","3 Jun 2023, 17:11","Man I have not actually lifted since like.. carnival lmao. Time to get back into things","EZ Bar Biceps Curl",,"",2,"normal",20,21,,,
"It’s been a while","3 Jun 2023, 16:20","3 Jun 2023, 17:11","Man I have not actually lifted since like.. carnival lmao. Time to get back into things","Back Extension (Machine)",,"",0,"normal",120,10,,,
"It’s been a while","3 Jun 2023, 16:20","3 Jun 2023, 17:11","Man I have not actually lifted since like.. carnival lmao. Time to get back into things","Back Extension (Machine)",,"",1,"normal",140,10,,,
"It’s been a while","3 Jun 2023, 16:20","3 Jun 2023, 17:11","Man I have not actually lifted since like.. carnival lmao. Time to get back into things","Back Extension (Machine)",,"",2,"normal",140,10,,,
"It’s been a while","3 Jun 2023, 16:20","3 Jun 2023, 17:11","Man I have not actually lifted since like.. carnival lmao. Time to get back into things","Shrug (Dumbbell)",,"",0,"normal",120,12,,,
"It’s been a while","3 Jun 2023, 16:20","3 Jun 2023, 17:11","Man I have not actually lifted since like.. carnival lmao. Time to get back into things","Shrug (Dumbbell)",,"",1,"normal",120,12,,,
"It’s been a while","3 Jun 2023, 16:20","3 Jun 2023, 17:11","Man I have not actually lifted since like.. carnival lmao. Time to get back into things","Shrug (Dumbbell)",,"",2,"normal",120,12,,,
"Afternoon workout 💪","5 May 2023, 13:20","5 May 2023, 14:24","","Clean",,"",0,"normal",132,3,,,
"Afternoon workout 💪","5 May 2023, 13:20","5 May 2023, 14:24","","Clean",,"",1,"normal",176,3,,,
"Afternoon workout 💪","5 May 2023, 13:20","5 May 2023, 14:24","","Clean",,"",2,"normal",176,3,,,
"Afternoon workout 💪","5 May 2023, 13:20","5 May 2023, 14:24","","Bench Press (Barbell)",,"",0,"normal",135,5,,,
"Afternoon workout 💪","5 May 2023, 13:20","5 May 2023, 14:24","","Bench Press (Barbell)",,"",1,"normal",165,5,,,
"Afternoon workout 💪","5 May 2023, 13:20","5 May 2023, 14:24","","Bench Press (Barbell)",,"",2,"normal",185,5,,,
"Afternoon workout 💪","5 May 2023, 13:20","5 May 2023, 14:24","","Bench Press (Barbell)",,"",3,"normal",185,5,,,
"Afternoon workout 💪","5 May 2023, 13:20","5 May 2023, 14:24","","Lat Pulldown (Cable)",,"Neutral grip",0,"normal",90,10,,,
"Afternoon workout 💪","5 May 2023, 13:20","5 May 2023, 14:24","","Lat Pulldown (Cable)",,"Neutral grip",1,"normal",110,10,,,
"Afternoon workout 💪","5 May 2023, 13:20","5 May 2023, 14:24","","Lat Pulldown (Cable)",,"Neutral grip",2,"normal",130,10,,,
"Afternoon workout 💪","5 May 2023, 13:20","5 May 2023, 14:24","","Push Press",,"",0,"normal",110,5,,,
"Afternoon workout 💪","5 May 2023, 13:20","5 May 2023, 14:24","","Push Press",,"",1,"normal",110,8,,,
"Afternoon workout 💪","5 May 2023, 13:20","5 May 2023, 14:24","","Push Press",,"",2,"normal",110,8,,,
"It’s been a while","30 Apr 2023, 15:09","30 Apr 2023, 15:37","Lost all my muscles","Clean",,"Its been so long lol",0,"normal",132,3,,,
"It’s been a while","30 Apr 2023, 15:09","30 Apr 2023, 15:37","Lost all my muscles","Clean",,"Its been so long lol",1,"normal",132,5,,,
"It’s been a while","30 Apr 2023, 15:09","30 Apr 2023, 15:37","Lost all my muscles","Clean",,"Its been so long lol",2,"normal",132,5,,,
"It’s been a while","30 Apr 2023, 15:09","30 Apr 2023, 15:37","Lost all my muscles","Bench Press (Barbell)",,"",0,"normal",135,5,,,
"It’s been a while","30 Apr 2023, 15:09","30 Apr 2023, 15:37","Lost all my muscles","Bench Press (Barbell)",,"",1,"normal",165,5,,,
"It’s been a while","30 Apr 2023, 15:09","30 Apr 2023, 15:37","Lost all my muscles","Bench Press (Barbell)",,"",2,"normal",185,5,,,
"It’s been a while","30 Apr 2023, 15:09","30 Apr 2023, 15:37","Lost all my muscles","Bench Press (Barbell)",,"",3,"normal",185,5,,,
"It’s been a while","30 Apr 2023, 15:09","30 Apr 2023, 15:37","Lost all my muscles","Overhead Press (Dumbbell)",0,"42.5lbs each",0,"normal",85,8,,,
"It’s been a while","30 Apr 2023, 15:09","30 Apr 2023, 15:37","Lost all my muscles","Overhead Press (Dumbbell)",0,"42.5lbs each",1,"normal",85,8,,,
"It’s been a while","30 Apr 2023, 15:09","30 Apr 2023, 15:37","Lost all my muscles","Overhead Press (Dumbbell)",0,"42.5lbs each",2,"normal",85,8,,,
"It’s been a while","30 Apr 2023, 15:09","30 Apr 2023, 15:37","Lost all my muscles","Bent Over Row (Dumbbell)",0,"",0,"normal",85,8,,,
"It’s been a while","30 Apr 2023, 15:09","30 Apr 2023, 15:37","Lost all my muscles","Bent Over Row (Dumbbell)",0,"",1,"normal",85,8,,,
"It’s been a while","30 Apr 2023, 15:09","30 Apr 2023, 15:37","Lost all my muscles","Bent Over Row (Dumbbell)",0,"",2,"normal",85,8,,,
"Morning workout ☀️","11 Apr 2023, 12:10","11 Apr 2023, 12:52","","Bench Press (Barbell)",,"",0,"normal",135,5,,,
"Morning workout ☀️","11 Apr 2023, 12:10","11 Apr 2023, 12:52","","Bench Press (Barbell)",,"",1,"normal",155,5,,,
"Morning workout ☀️","11 Apr 2023, 12:10","11 Apr 2023, 12:52","","Bench Press (Barbell)",,"",2,"normal",175,5,,,
"Morning workout ☀️","11 Apr 2023, 12:10","11 Apr 2023, 12:52","","Bench Press (Barbell)",,"",3,"normal",175,5,,,
"Morning workout ☀️","11 Apr 2023, 12:10","11 Apr 2023, 12:52","","Clean",,"Alternate with front squat",0,"normal",132,5,,,
"Morning workout ☀️","11 Apr 2023, 12:10","11 Apr 2023, 12:52","","Clean",,"Alternate with front squat",1,"normal",132,5,,,
"Morning workout ☀️","11 Apr 2023, 12:10","11 Apr 2023, 12:52","","Clean",,"Alternate with front squat",2,"normal",176,3,,,
"Morning workout ☀️","11 Apr 2023, 12:10","11 Apr 2023, 12:52","","Clean",,"Alternate with front squat",3,"normal",198,3,,,
"Morning workout ☀️","11 Apr 2023, 12:10","11 Apr 2023, 12:52","","Front Squat",,"Only did with first two sets of cleans",0,"normal",132,5,,,
"Morning workout ☀️","11 Apr 2023, 12:10","11 Apr 2023, 12:52","","Front Squat",,"Only did with first two sets of cleans",1,"normal",132,5,,,
"Morning workout ☀️","11 Apr 2023, 12:10","11 Apr 2023, 12:52","","Reverse Lunge (Dumbbell)",,"With a high knee",0,"normal",90,16,,,
"Morning workout ☀️","11 Apr 2023, 12:10","11 Apr 2023, 12:52","","Reverse Lunge (Dumbbell)",,"With a high knee",1,"normal",90,16,,,
"Morning workout ☀️","11 Apr 2023, 12:10","11 Apr 2023, 12:52","","Reverse Lunge (Dumbbell)",,"With a high knee",2,"normal",90,16,,,
"hi Brandon Yi","5 Apr 2023, 13:03","5 Apr 2023, 13:42","","Squat (Barbell)",,"Jump squats",0,"normal",132,5,,,
"hi Brandon Yi","5 Apr 2023, 13:03","5 Apr 2023, 13:42","","Squat (Barbell)",,"Jump squats",1,"normal",154,5,,,
"hi Brandon Yi","5 Apr 2023, 13:03","5 Apr 2023, 13:42","","Squat (Barbell)",,"Jump squats",2,"normal",176,5,,,
"hi Brandon Yi","5 Apr 2023, 13:03","5 Apr 2023, 13:42","","Squat (Barbell)",,"Jump squats",3,"normal",176,5,,,
"hi Brandon Yi","5 Apr 2023, 13:03","5 Apr 2023, 13:42","","Bench Press (Barbell)",,"Close grip; focusing on speed",0,"normal",135,5,,,
"hi Brandon Yi","5 Apr 2023, 13:03","5 Apr 2023, 13:42","","Bench Press (Barbell)",,"Close grip; focusing on speed",1,"normal",155,5,,,
"hi Brandon Yi","5 Apr 2023, 13:03","5 Apr 2023, 13:42","","Bench Press (Barbell)",,"Close grip; focusing on speed",2,"normal",175,5,,,
"hi Brandon Yi","5 Apr 2023, 13:03","5 Apr 2023, 13:42","","Bench Press (Barbell)",,"Close grip; focusing on speed",3,"normal",185,5,,,
"hi Brandon Yi","5 Apr 2023, 13:03","5 Apr 2023, 13:42","","Overhead Press (Dumbbell)",0,"50lbs each",0,"normal",100,8,,,
"hi Brandon Yi","5 Apr 2023, 13:03","5 Apr 2023, 13:42","","Overhead Press (Dumbbell)",0,"50lbs each",1,"normal",100,8,,,
"hi Brandon Yi","5 Apr 2023, 13:03","5 Apr 2023, 13:42","","Overhead Press (Dumbbell)",0,"50lbs each",2,"normal",100,8,,,
"hi Brandon Yi","5 Apr 2023, 13:03","5 Apr 2023, 13:42","","Bent Over Row (Dumbbell)",0,"",0,"normal",100,8,,,
"hi Brandon Yi","5 Apr 2023, 13:03","5 Apr 2023, 13:42","","Bent Over Row (Dumbbell)",0,"",1,"normal",100,8,,,
"hi Brandon Yi","5 Apr 2023, 13:03","5 Apr 2023, 13:42","","Bent Over Row (Dumbbell)",0,"",2,"normal",100,8,,,
"Barbell only","3 Apr 2023, 17:59","3 Apr 2023, 18:31","Gym too crowded, took a barbell and was there for half an hour","Front Squat",,"",0,"normal",132,5,,,
"Barbell only","3 Apr 2023, 17:59","3 Apr 2023, 18:31","Gym too crowded, took a barbell and was there for half an hour","Front Squat",,"",1,"normal",154,5,,,
"Barbell only","3 Apr 2023, 17:59","3 Apr 2023, 18:31","Gym too crowded, took a barbell and was there for half an hour","Front Squat",,"",2,"normal",154,5,,,
"Barbell only","3 Apr 2023, 17:59","3 Apr 2023, 18:31","Gym too crowded, took a barbell and was there for half an hour","Romanian Deadlift (Barbell)",,"",0,"normal",154,8,,,
"Barbell only","3 Apr 2023, 17:59","3 Apr 2023, 18:31","Gym too crowded, took a barbell and was there for half an hour","Romanian Deadlift (Barbell)",,"",1,"normal",154,8,,,
"Barbell only","3 Apr 2023, 17:59","3 Apr 2023, 18:31","Gym too crowded, took a barbell and was there for half an hour","Romanian Deadlift (Barbell)",,"",2,"normal",154,8,,,
"Barbell only","3 Apr 2023, 17:59","3 Apr 2023, 18:31","Gym too crowded, took a barbell and was there for half an hour","Push Press",,"",0,"normal",110,5,,,
"Barbell only","3 Apr 2023, 17:59","3 Apr 2023, 18:31","Gym too crowded, took a barbell and was there for half an hour","Push Press",,"",1,"normal",110,8,,,
"Barbell only","3 Apr 2023, 17:59","3 Apr 2023, 18:31","Gym too crowded, took a barbell and was there for half an hour","Push Press",,"",2,"normal",110,8,,,
"Barbell only","3 Apr 2023, 17:59","3 Apr 2023, 18:31","Gym too crowded, took a barbell and was there for half an hour","Clean",,"Dropset to idicate all the cleans done while doing front squat and push press",0,"dropset",132,1,,,
"Barbell only","3 Apr 2023, 17:59","3 Apr 2023, 18:31","Gym too crowded, took a barbell and was there for half an hour","Clean",,"Dropset to idicate all the cleans done while doing front squat and push press",1,"dropset",154,2,,,
"Barbell only","3 Apr 2023, 17:59","3 Apr 2023, 18:31","Gym too crowded, took a barbell and was there for half an hour","Clean",,"Dropset to idicate all the cleans done while doing front squat and push press",2,"dropset",110,3,,,
"Barbell only","3 Apr 2023, 17:59","3 Apr 2023, 18:31","Gym too crowded, took a barbell and was there for half an hour","Clean",,"Dropset to idicate all the cleans done while doing front squat and push press",3,"normal",176,3,,,
"Barbell only","3 Apr 2023, 17:59","3 Apr 2023, 18:31","Gym too crowded, took a barbell and was there for half an hour","Clean",,"Dropset to idicate all the cleans done while doing front squat and push press",4,"normal",176,3,,,
"Barbell only","3 Apr 2023, 17:59","3 Apr 2023, 18:31","Gym too crowded, took a barbell and was there for half an hour","Clean",,"Dropset to idicate all the cleans done while doing front squat and push press",5,"normal",176,3,,,
"Afternoon workout 💪","31 Mar 2023, 12:48","31 Mar 2023, 13:35","","Bench Press (Barbell)",,"",0,"normal",135,5,,,
"Afternoon workout 💪","31 Mar 2023, 12:48","31 Mar 2023, 13:35","","Bench Press (Barbell)",,"",1,"normal",135,5,,,
"Afternoon workout 💪","31 Mar 2023, 12:48","31 Mar 2023, 13:35","","Bench Press (Barbell)",,"",2,"normal",135,5,,,
"Afternoon workout 💪","31 Mar 2023, 12:48","31 Mar 2023, 13:35","","Bench Press (Barbell)",,"",3,"normal",135,5,,,
"Afternoon workout 💪","31 Mar 2023, 12:48","31 Mar 2023, 13:35","","Bench Press (Barbell)",,"",4,"normal",135,5,,,
"Afternoon workout 💪","31 Mar 2023, 12:48","31 Mar 2023, 13:35","","Squat (Barbell)",,"",0,"normal",132,5,,,
"Afternoon workout 💪","31 Mar 2023, 12:48","31 Mar 2023, 13:35","","Squat (Barbell)",,"",1,"normal",132,5,,,
"Afternoon workout 💪","31 Mar 2023, 12:48","31 Mar 2023, 13:35","","Squat (Barbell)",,"",2,"normal",132,5,,,
"Afternoon workout 💪","31 Mar 2023, 12:48","31 Mar 2023, 13:35","","Squat (Barbell)",,"",3,"normal",132,5,,,
"Afternoon workout 💪","31 Mar 2023, 12:48","31 Mar 2023, 13:35","","Romanian Deadlift (Barbell)",,"",0,"normal",110,5,,,
"Afternoon workout 💪","31 Mar 2023, 12:48","31 Mar 2023, 13:35","","Romanian Deadlift (Barbell)",,"",1,"normal",110,5,,,
"Afternoon workout 💪","31 Mar 2023, 12:48","31 Mar 2023, 13:35","","Romanian Deadlift (Barbell)",,"",2,"normal",110,5,,,
"Post Greek sing recovery","26 Mar 2023, 16:04","26 Mar 2023, 16:40","","Bench Press (Barbell)",,"",0,"warmup",135,5,,,
"Post Greek sing recovery","26 Mar 2023, 16:04","26 Mar 2023, 16:40","","Bench Press (Barbell)",,"",1,"normal",185,5,,,
"Post Greek sing recovery","26 Mar 2023, 16:04","26 Mar 2023, 16:40","","Bench Press (Barbell)",,"",2,"normal",205,5,,,
"Post Greek sing recovery","26 Mar 2023, 16:04","26 Mar 2023, 16:40","","Bench Press (Barbell)",,"",3,"normal",205,5,,,
"Post Greek sing recovery","26 Mar 2023, 16:04","26 Mar 2023, 16:40","","Bench Press (Barbell)",,"",4,"normal",205,5,,,
"Post Greek sing recovery","26 Mar 2023, 16:04","26 Mar 2023, 16:40","","Bench Press (Barbell)",,"",5,"dropset",135,10,,,
"Post Greek sing recovery","26 Mar 2023, 16:04","26 Mar 2023, 16:40","","Seated Row (Machine)",,"",0,"warmup",55,10,,,
"Post Greek sing recovery","26 Mar 2023, 16:04","26 Mar 2023, 16:40","","Seated Row (Machine)",,"",1,"normal",115,10,,,
"Post Greek sing recovery","26 Mar 2023, 16:04","26 Mar 2023, 16:40","","Seated Row (Machine)",,"",2,"normal",130,10,,,
"Post Greek sing recovery","26 Mar 2023, 16:04","26 Mar 2023, 16:40","","Seated Row (Machine)",,"",3,"normal",145,10,,,
"Post Greek sing recovery","26 Mar 2023, 16:04","26 Mar 2023, 16:40","","Overhead Press (Barbell)",0,"",0,"normal",88,5,,,
"Post Greek sing recovery","26 Mar 2023, 16:04","26 Mar 2023, 16:40","","Overhead Press (Barbell)",0,"",1,"normal",99,5,,,
"Post Greek sing recovery","26 Mar 2023, 16:04","26 Mar 2023, 16:40","","Overhead Press (Barbell)",0,"",2,"normal",110,5,,,
"Post Greek sing recovery","26 Mar 2023, 16:04","26 Mar 2023, 16:40","","Push Press",0,"",0,"normal",88,5,,,
"Post Greek sing recovery","26 Mar 2023, 16:04","26 Mar 2023, 16:40","","Push Press",0,"",1,"normal",99,5,,,
"Post Greek sing recovery","26 Mar 2023, 16:04","26 Mar 2023, 16:40","","Push Press",0,"",2,"normal",110,5,,,
"Morning workout ☀️","23 Mar 2023, 11:40","23 Mar 2023, 12:33","","Overhead Press (Dumbbell)",,"",0,"normal",95,10,,,
"Morning workout ☀️","23 Mar 2023, 11:40","23 Mar 2023, 12:33","","Overhead Press (Dumbbell)",,"",1,"normal",95,10,,,
"Morning workout ☀️","23 Mar 2023, 11:40","23 Mar 2023, 12:33","","Overhead Press (Dumbbell)",,"",2,"normal",95,10,,,
"Morning workout ☀️","23 Mar 2023, 11:40","23 Mar 2023, 12:33","","Bent Over Row (Dumbbell)",,"",0,"normal",95,10,,,
"Morning workout ☀️","23 Mar 2023, 11:40","23 Mar 2023, 12:33","","Bent Over Row (Dumbbell)",,"",1,"normal",95,10,,,
"Morning workout ☀️","23 Mar 2023, 11:40","23 Mar 2023, 12:33","","Bent Over Row (Dumbbell)",,"",2,"normal",95,10,,,
"Morning workout ☀️","23 Mar 2023, 11:40","23 Mar 2023, 12:33","","Bench Press (Barbell)",,"",0,"warmup",135,5,,,
"Morning workout ☀️","23 Mar 2023, 11:40","23 Mar 2023, 12:33","","Bench Press (Barbell)",,"",1,"normal",185,5,,,
"Morning workout ☀️","23 Mar 2023, 11:40","23 Mar 2023, 12:33","","Bench Press (Barbell)",,"",2,"normal",205,5,,,
"Morning workout ☀️","23 Mar 2023, 11:40","23 Mar 2023, 12:33","","Bench Press (Barbell)",,"",3,"normal",210,3,,,
"Morning workout ☀️","23 Mar 2023, 11:40","23 Mar 2023, 12:33","","Bench Press (Barbell)",,"",4,"normal",215,3,,,
"Morning workout ☀️","23 Mar 2023, 11:40","23 Mar 2023, 12:33","","Incline Bench Press (Barbell)",,"",0,"normal",130,10,,,
"Morning workout ☀️","23 Mar 2023, 11:40","23 Mar 2023, 12:33","","Incline Bench Press (Barbell)",,"",1,"normal",130,10,,,
"Morning workout ☀️","23 Mar 2023, 11:40","23 Mar 2023, 12:33","","Incline Bench Press (Barbell)",,"",2,"normal",130,10,,,
"Post buggy","18 Mar 2023, 11:44","18 Mar 2023, 12:41","","Bench Press (Barbell)",,"Felt stable",0,"warmup",135,5,,,
"Post buggy","18 Mar 2023, 11:44","18 Mar 2023, 12:41","","Bench Press (Barbell)",,"Felt stable",1,"normal",185,5,,,
"Post buggy","18 Mar 2023, 11:44","18 Mar 2023, 12:41","","Bench Press (Barbell)",,"Felt stable",2,"normal",205,5,,,
"Post buggy","18 Mar 2023, 11:44","18 Mar 2023, 12:41","","Bench Press (Barbell)",,"Felt stable",3,"normal",210,3,,,
"Post buggy","18 Mar 2023, 11:44","18 Mar 2023, 12:41","","Bench Press (Barbell)",,"Felt stable",4,"normal",215,3,,,
"Post buggy","18 Mar 2023, 11:44","18 Mar 2023, 12:41","","Bench Press (Barbell)",,"Felt stable",5,"normal",215,3,,,
"Post buggy","18 Mar 2023, 11:44","18 Mar 2023, 12:41","","Overhead Press (Dumbbell)",,"",0,"normal",95,8,,,
"Post buggy","18 Mar 2023, 11:44","18 Mar 2023, 12:41","","Overhead Press (Dumbbell)",,"",1,"normal",95,8,,,
"Post buggy","18 Mar 2023, 11:44","18 Mar 2023, 12:41","","Overhead Press (Dumbbell)",,"",2,"normal",95,8,,,
"Post buggy","18 Mar 2023, 11:44","18 Mar 2023, 12:41","","Bent Over Row (Dumbbell)",,"",0,"normal",95,10,,,
"Post buggy","18 Mar 2023, 11:44","18 Mar 2023, 12:41","","Bent Over Row (Dumbbell)",,"",1,"normal",95,10,,,
"Post buggy","18 Mar 2023, 11:44","18 Mar 2023, 12:41","","Bent Over Row (Dumbbell)",,"",2,"normal",95,10,,,
"Post buggy","18 Mar 2023, 11:44","18 Mar 2023, 12:41","","Back Extension (Weighted Hyperextension)",,"",0,"normal",45,12,,,
"Post buggy","18 Mar 2023, 11:44","18 Mar 2023, 12:41","","Back Extension (Weighted Hyperextension)",,"",1,"normal",45,12,,,
"Post buggy","18 Mar 2023, 11:44","18 Mar 2023, 12:41","","Back Extension (Weighted Hyperextension)",,"",2,"normal",45,12,,,
"Post buggy","18 Mar 2023, 11:44","18 Mar 2023, 12:41","","Seated Leg Curl (Machine)",,"recovering!",0,"warmup",90,12,,,
"Post buggy","18 Mar 2023, 11:44","18 Mar 2023, 12:41","","Seated Leg Curl (Machine)",,"recovering!",1,"normal",120,12,,,
"Post buggy","18 Mar 2023, 11:44","18 Mar 2023, 12:41","","Seated Leg Curl (Machine)",,"recovering!",2,"normal",135,12,,,
"Post buggy","18 Mar 2023, 11:44","18 Mar 2023, 12:41","","Seated Leg Curl (Machine)",,"recovering!",3,"normal",135,12,,,
"Moving fast","15 Mar 2023, 19:56","15 Mar 2023, 20:20","Focused on light explosive movements","Squat (Barbell)",,"Neutral bat position with a slight juml",0,"normal",132,3,,,
"Moving fast","15 Mar 2023, 19:56","15 Mar 2023, 20:20","Focused on light explosive movements","Squat (Barbell)",,"Neutral bat position with a slight juml",1,"normal",132,3,,,
"Moving fast","15 Mar 2023, 19:56","15 Mar 2023, 20:20","Focused on light explosive movements","Squat (Barbell)",,"Neutral bat position with a slight juml",2,"normal",176,3,,,
"Moving fast","15 Mar 2023, 19:56","15 Mar 2023, 20:20","Focused on light explosive movements","Squat (Barbell)",,"Neutral bat position with a slight juml",3,"normal",176,3,,,
"Moving fast","15 Mar 2023, 19:56","15 Mar 2023, 20:20","Focused on light explosive movements","Squat (Barbell)",,"Neutral bat position with a slight juml",4,"normal",176,3,,,
"Moving fast","15 Mar 2023, 19:56","15 Mar 2023, 20:20","Focused on light explosive movements","Push Press",,"",0,"warmup",88,5,,,
"Moving fast","15 Mar 2023, 19:56","15 Mar 2023, 20:20","Focused on light explosive movements","Push Press",,"",1,"normal",99,5,,,
"Moving fast","15 Mar 2023, 19:56","15 Mar 2023, 20:20","Focused on light explosive movements","Push Press",,"",2,"normal",99,5,,,
"Moving fast","15 Mar 2023, 19:56","15 Mar 2023, 20:20","Focused on light explosive movements","Push Press",,"",3,"normal",110,5,,,
"Moving fast","15 Mar 2023, 19:56","15 Mar 2023, 20:20","Focused on light explosive movements","Romanian Deadlift (Barbell)",,"Fast",0,"normal",132,8,,,
"Moving fast","15 Mar 2023, 19:56","15 Mar 2023, 20:20","Focused on light explosive movements","Romanian Deadlift (Barbell)",,"Fast",1,"normal",176,8,,,
"Moving fast","15 Mar 2023, 19:56","15 Mar 2023, 20:20","Focused on light explosive movements","Romanian Deadlift (Barbell)",,"Fast",2,"normal",176,8,,,
"Still got it","2 Mar 2023, 16:28","2 Mar 2023, 17:08","First cleans at a real weight. No pain!","Bench Press (Barbell)",,"Felt fast; but used an oly bar so maybe cheated? Cant tell",0,"warmup",135,5,,,
"Still got it","2 Mar 2023, 16:28","2 Mar 2023, 17:08","First cleans at a real weight. No pain!","Bench Press (Barbell)",,"Felt fast; but used an oly bar so maybe cheated? Cant tell",1,"normal",185,5,,,
"Still got it","2 Mar 2023, 16:28","2 Mar 2023, 17:08","First cleans at a real weight. No pain!","Bench Press (Barbell)",,"Felt fast; but used an oly bar so maybe cheated? Cant tell",2,"normal",195,5,,,
"Still got it","2 Mar 2023, 16:28","2 Mar 2023, 17:08","First cleans at a real weight. No pain!","Bench Press (Barbell)",,"Felt fast; but used an oly bar so maybe cheated? Cant tell",3,"normal",200,5,,,
"Still got it","2 Mar 2023, 16:28","2 Mar 2023, 17:08","First cleans at a real weight. No pain!","Bench Press (Barbell)",,"Felt fast; but used an oly bar so maybe cheated? Cant tell",4,"normal",205,5,,,
"Still got it","2 Mar 2023, 16:28","2 Mar 2023, 17:08","First cleans at a real weight. No pain!","Bench Press (Barbell)",,"Felt fast; but used an oly bar so maybe cheated? Cant tell",5,"failure",135,10,,,
"Still got it","2 Mar 2023, 16:28","2 Mar 2023, 17:08","First cleans at a real weight. No pain!","Clean",,"No pain :D",0,"warmup",132,3,,,
"Still got it","2 Mar 2023, 16:28","2 Mar 2023, 17:08","First cleans at a real weight. No pain!","Clean",,"No pain :D",1,"normal",176,3,,,
"Still got it","2 Mar 2023, 16:28","2 Mar 2023, 17:08","First cleans at a real weight. No pain!","Clean",,"No pain :D",2,"normal",176,3,,,
"Still got it","2 Mar 2023, 16:28","2 Mar 2023, 17:08","First cleans at a real weight. No pain!","Clean",,"No pain :D",3,"normal",187,3,,,
"Still got it","2 Mar 2023, 16:28","2 Mar 2023, 17:08","First cleans at a real weight. No pain!","Clean",,"No pain :D",4,"normal",198,3,,,
"Still got it","2 Mar 2023, 16:28","2 Mar 2023, 17:08","First cleans at a real weight. No pain!","Clean",,"No pain :D",5,"normal",198,3,,,
"Squatted a little","28 Feb 2023, 13:07","28 Feb 2023, 13:50","Not bad can still feel a bit of a discrepancy between the legs","Squat (Barbell)",,"Taking it light. Felt ok",0,"normal",95,5,,,
"Squatted a little","28 Feb 2023, 13:07","28 Feb 2023, 13:50","Not bad can still feel a bit of a discrepancy between the legs","Squat (Barbell)",,"Taking it light. Felt ok",1,"normal",95,5,,,
"Squatted a little","28 Feb 2023, 13:07","28 Feb 2023, 13:50","Not bad can still feel a bit of a discrepancy between the legs","Squat (Barbell)",,"Taking it light. Felt ok",2,"normal",135,5,,,
"Squatted a little","28 Feb 2023, 13:07","28 Feb 2023, 13:50","Not bad can still feel a bit of a discrepancy between the legs","Squat (Barbell)",,"Taking it light. Felt ok",3,"normal",135,5,,,
"Squatted a little","28 Feb 2023, 13:07","28 Feb 2023, 13:50","Not bad can still feel a bit of a discrepancy between the legs","Squat (Barbell)",,"Taking it light. Felt ok",4,"normal",135,5,,,
"Squatted a little","28 Feb 2023, 13:07","28 Feb 2023, 13:50","Not bad can still feel a bit of a discrepancy between the legs","Incline Bench Press (Barbell)",,"",0,"warmup",95,5,,,
"Squatted a little","28 Feb 2023, 13:07","28 Feb 2023, 13:50","Not bad can still feel a bit of a discrepancy between the legs","Incline Bench Press (Barbell)",,"",1,"warmup",95,5,,,
"Squatted a little","28 Feb 2023, 13:07","28 Feb 2023, 13:50","Not bad can still feel a bit of a discrepancy between the legs","Incline Bench Press (Barbell)",,"",2,"normal",135,5,,,
"Squatted a little","28 Feb 2023, 13:07","28 Feb 2023, 13:50","Not bad can still feel a bit of a discrepancy between the legs","Incline Bench Press (Barbell)",,"",3,"normal",135,5,,,
"Squatted a little","28 Feb 2023, 13:07","28 Feb 2023, 13:50","Not bad can still feel a bit of a discrepancy between the legs","Incline Bench Press (Barbell)",,"",4,"normal",135,5,,,
"Squatted a little","28 Feb 2023, 13:07","28 Feb 2023, 13:50","Not bad can still feel a bit of a discrepancy between the legs","Overhead Press (Barbell)",0,"",0,"normal",88,5,,,
"Squatted a little","28 Feb 2023, 13:07","28 Feb 2023, 13:50","Not bad can still feel a bit of a discrepancy between the legs","Overhead Press (Barbell)",0,"",1,"normal",99,5,,,
"Squatted a little","28 Feb 2023, 13:07","28 Feb 2023, 13:50","Not bad can still feel a bit of a discrepancy between the legs","Overhead Press (Barbell)",0,"",2,"normal",99,5,,,
"Squatted a little","28 Feb 2023, 13:07","28 Feb 2023, 13:50","Not bad can still feel a bit of a discrepancy between the legs","Push Press",0,"",0,"normal",88,5,,,
"Squatted a little","28 Feb 2023, 13:07","28 Feb 2023, 13:50","Not bad can still feel a bit of a discrepancy between the legs","Push Press",0,"",1,"normal",99,5,,,
"Squatted a little","28 Feb 2023, 13:07","28 Feb 2023, 13:50","Not bad can still feel a bit of a discrepancy between the legs","Push Press",0,"",2,"normal",99,5,,,
"Squatted a little","28 Feb 2023, 13:07","28 Feb 2023, 13:50","Not bad can still feel a bit of a discrepancy between the legs","Butterfly (Pec Deck)",,"",0,"normal",85,12,,,
"Squatted a little","28 Feb 2023, 13:07","28 Feb 2023, 13:50","Not bad can still feel a bit of a discrepancy between the legs","Butterfly (Pec Deck)",,"",1,"normal",90,12,,,
"Squatted a little","28 Feb 2023, 13:07","28 Feb 2023, 13:50","Not bad can still feel a bit of a discrepancy between the legs","Butterfly (Pec Deck)",,"",2,"normal",90,12,,,
"Light","27 Feb 2023, 22:13","27 Feb 2023, 22:44","Tried some light hamstring stuff. Still feel light soreness. Not much pain tho","Romanian Deadlift (Barbell)",,"",0,"normal",88,10,,,
"Light","27 Feb 2023, 22:13","27 Feb 2023, 22:44","Tried some light hamstring stuff. Still feel light soreness. Not much pain tho","Romanian Deadlift (Barbell)",,"",1,"normal",88,10,,,
"Light","27 Feb 2023, 22:13","27 Feb 2023, 22:44","Tried some light hamstring stuff. Still feel light soreness. Not much pain tho","Romanian Deadlift (Barbell)",,"",2,"normal",88,10,,,
"Light","27 Feb 2023, 22:13","27 Feb 2023, 22:44","Tried some light hamstring stuff. Still feel light soreness. Not much pain tho","Bent Over Row (Barbell)",,"",0,"normal",88,10,,,
"Light","27 Feb 2023, 22:13","27 Feb 2023, 22:44","Tried some light hamstring stuff. Still feel light soreness. Not much pain tho","Bent Over Row (Barbell)",,"",1,"normal",88,10,,,
"Light","27 Feb 2023, 22:13","27 Feb 2023, 22:44","Tried some light hamstring stuff. Still feel light soreness. Not much pain tho","Bent Over Row (Barbell)",,"",2,"normal",88,10,,,
"Light","27 Feb 2023, 22:13","27 Feb 2023, 22:44","Tried some light hamstring stuff. Still feel light soreness. Not much pain tho","Lat Pulldown (Cable)",,"",0,"normal",110,10,,,
"Light","27 Feb 2023, 22:13","27 Feb 2023, 22:44","Tried some light hamstring stuff. Still feel light soreness. Not much pain tho","Lat Pulldown (Cable)",,"",1,"normal",110,10,,,
"Light","27 Feb 2023, 22:13","27 Feb 2023, 22:44","Tried some light hamstring stuff. Still feel light soreness. Not much pain tho","Lat Pulldown (Cable)",,"",2,"normal",115,10,,,
"Light","27 Feb 2023, 22:13","27 Feb 2023, 22:44","Tried some light hamstring stuff. Still feel light soreness. Not much pain tho","Lat Pulldown (Cable)",,"",3,"normal",120,10,,,
"Light","27 Feb 2023, 22:13","27 Feb 2023, 22:44","Tried some light hamstring stuff. Still feel light soreness. Not much pain tho","Seated Leg Curl (Machine)",,"Still feel some pain and soreness",0,"normal",65,10,,,
"Light","27 Feb 2023, 22:13","27 Feb 2023, 22:44","Tried some light hamstring stuff. Still feel light soreness. Not much pain tho","Seated Leg Curl (Machine)",,"Still feel some pain and soreness",1,"normal",85,10,,,
"Light","27 Feb 2023, 22:13","27 Feb 2023, 22:44","Tried some light hamstring stuff. Still feel light soreness. Not much pain tho","Seated Leg Curl (Machine)",,"Still feel some pain and soreness",2,"normal",85,10,,,
"Light","27 Feb 2023, 22:13","27 Feb 2023, 22:44","Tried some light hamstring stuff. Still feel light soreness. Not much pain tho","Seated Leg Curl (Machine)",,"Still feel some pain and soreness",3,"normal",85,10,,,
"First lift in a while","26 Feb 2023, 16:42","26 Feb 2023, 17:32","Still avoiding anything that has to do with hamstring","Bench Press (Barbell)",,"First time in a bit. Taking it slow, trying to use less legs",0,"warmup",135,5,,,
"First lift in a while","26 Feb 2023, 16:42","26 Feb 2023, 17:32","Still avoiding anything that has to do with hamstring","Bench Press (Barbell)",,"First time in a bit. Taking it slow, trying to use less legs",1,"normal",165,5,,,
"First lift in a while","26 Feb 2023, 16:42","26 Feb 2023, 17:32","Still avoiding anything that has to do with hamstring","Bench Press (Barbell)",,"First time in a bit. Taking it slow, trying to use less legs",2,"normal",185,5,,,
"First lift in a while","26 Feb 2023, 16:42","26 Feb 2023, 17:32","Still avoiding anything that has to do with hamstring","Bench Press (Barbell)",,"First time in a bit. Taking it slow, trying to use less legs",3,"normal",185,5,,,
"First lift in a while","26 Feb 2023, 16:42","26 Feb 2023, 17:32","Still avoiding anything that has to do with hamstring","Bench Press (Barbell)",,"First time in a bit. Taking it slow, trying to use less legs",4,"normal",185,5,,,
"First lift in a while","26 Feb 2023, 16:42","26 Feb 2023, 17:32","Still avoiding anything that has to do with hamstring","Bench Press (Barbell)",,"First time in a bit. Taking it slow, trying to use less legs",5,"normal",195,5,,,
"First lift in a while","26 Feb 2023, 16:42","26 Feb 2023, 17:32","Still avoiding anything that has to do with hamstring","Iso-Lateral Row (Machine)",,"Neutral grip zq",0,"warmup",102,12,,,
"First lift in a while","26 Feb 2023, 16:42","26 Feb 2023, 17:32","Still avoiding anything that has to do with hamstring","Iso-Lateral Row (Machine)",,"Neutral grip zq",1,"normal",152,12,,,
"First lift in a while","26 Feb 2023, 16:42","26 Feb 2023, 17:32","Still avoiding anything that has to do with hamstring","Iso-Lateral Row (Machine)",,"Neutral grip zq",2,"normal",152,12,,,
"First lift in a while","26 Feb 2023, 16:42","26 Feb 2023, 17:32","Still avoiding anything that has to do with hamstring","Iso-Lateral Row (Machine)",,"Neutral grip zq",3,"normal",152,12,,,
"First lift in a while","26 Feb 2023, 16:42","26 Feb 2023, 17:32","Still avoiding anything that has to do with hamstring","Leg Extension (Machine)",,"",0,"normal",55,30,,,
"First lift in a while","26 Feb 2023, 16:42","26 Feb 2023, 17:32","Still avoiding anything that has to do with hamstring","Leg Extension (Machine)",,"",1,"normal",65,30,,,
"First lift in a while","26 Feb 2023, 16:42","26 Feb 2023, 17:32","Still avoiding anything that has to do with hamstring","Leg Extension (Machine)",,"",2,"normal",65,30,,,
"First lift in a while","26 Feb 2023, 16:42","26 Feb 2023, 17:32","Still avoiding anything that has to do with hamstring","Rope Straight Arm Pulldown",0,"These were hard",0,"normal",32.5,12,,,
"First lift in a while","26 Feb 2023, 16:42","26 Feb 2023, 17:32","Still avoiding anything that has to do with hamstring","Rope Straight Arm Pulldown",0,"These were hard",1,"normal",37.5,12,,,
"First lift in a while","26 Feb 2023, 16:42","26 Feb 2023, 17:32","Still avoiding anything that has to do with hamstring","Rope Straight Arm Pulldown",0,"These were hard",2,"normal",37.5,12,,,
"First lift in a while","26 Feb 2023, 16:42","26 Feb 2023, 17:32","Still avoiding anything that has to do with hamstring","Triceps Rope Pushdown",0,"",0,"normal",32.5,12,,,
"First lift in a while","26 Feb 2023, 16:42","26 Feb 2023, 17:32","Still avoiding anything that has to do with hamstring","Triceps Rope Pushdown",0,"",1,"normal",37.5,12,,,
"First lift in a while","26 Feb 2023, 16:42","26 Feb 2023, 17:32","Still avoiding anything that has to do with hamstring","Triceps Rope Pushdown",0,"",2,"normal",37.5,12,,,
"Clean and push","21 Feb 2023, 11:52","21 Feb 2023, 13:07","","Clean",,"Increased rep count. 203 is blue yellow and black 2.5. Moving fast",0,"warmup",132,3,,,
"Clean and push","21 Feb 2023, 11:52","21 Feb 2023, 13:07","","Clean",,"Increased rep count. 203 is blue yellow and black 2.5. Moving fast",1,"warmup",176,3,,,
"Clean and push","21 Feb 2023, 11:52","21 Feb 2023, 13:07","","Clean",,"Increased rep count. 203 is blue yellow and black 2.5. Moving fast",2,"normal",198,3,,,
"Clean and push","21 Feb 2023, 11:52","21 Feb 2023, 13:07","","Clean",,"Increased rep count. 203 is blue yellow and black 2.5. Moving fast",3,"normal",198,5,,,
"Clean and push","21 Feb 2023, 11:52","21 Feb 2023, 13:07","","Clean",,"Increased rep count. 203 is blue yellow and black 2.5. Moving fast",4,"normal",203,5,,,
"Clean and push","21 Feb 2023, 11:52","21 Feb 2023, 13:07","","Clean",,"Increased rep count. 203 is blue yellow and black 2.5. Moving fast",5,"normal",203,5,,,
"Clean and push","21 Feb 2023, 11:52","21 Feb 2023, 13:07","","Bench Press (Barbell)",,"Lowering rep increasing weight. Felt a lil slow",0,"warmup",135,5,,,
"Clean and push","21 Feb 2023, 11:52","21 Feb 2023, 13:07","","Bench Press (Barbell)",,"Lowering rep increasing weight. Felt a lil slow",1,"warmup",185,2,,,
"Clean and push","21 Feb 2023, 11:52","21 Feb 2023, 13:07","","Bench Press (Barbell)",,"Lowering rep increasing weight. Felt a lil slow",2,"normal",205,5,,,
"Clean and push","21 Feb 2023, 11:52","21 Feb 2023, 13:07","","Bench Press (Barbell)",,"Lowering rep increasing weight. Felt a lil slow",3,"normal",215,4,,,
"Clean and push","21 Feb 2023, 11:52","21 Feb 2023, 13:07","","Bench Press (Barbell)",,"Lowering rep increasing weight. Felt a lil slow",4,"failure",225,2,,,
"Clean and push","21 Feb 2023, 11:52","21 Feb 2023, 13:07","","Bench Press (Barbell)",,"Lowering rep increasing weight. Felt a lil slow",5,"failure",225,2,,,
"Clean and push","21 Feb 2023, 11:52","21 Feb 2023, 13:07","","Overhead Press (Dumbbell)",0,"45lbs each = 90",0,"normal",95,10,,,
"Clean and push","21 Feb 2023, 11:52","21 Feb 2023, 13:07","","Overhead Press (Dumbbell)",0,"45lbs each = 90",1,"normal",95,10,,,
"Clean and push","21 Feb 2023, 11:52","21 Feb 2023, 13:07","","Overhead Press (Dumbbell)",0,"45lbs each = 90",2,"normal",95,10,,,
"Clean and push","21 Feb 2023, 11:52","21 Feb 2023, 13:07","","Bent Over Row (Dumbbell)",0,"",0,"normal",95,12,,,
"Clean and push","21 Feb 2023, 11:52","21 Feb 2023, 13:07","","Bent Over Row (Dumbbell)",0,"",1,"normal",95,12,,,
"Clean and push","21 Feb 2023, 11:52","21 Feb 2023, 13:07","","Bent Over Row (Dumbbell)",0,"",2,"normal",95,12,,,
"Legs feel skinny","16 Feb 2023, 11:48","16 Feb 2023, 12:54","In a good way","Squat (Barbell)",,"Technique felt better, but didnt hit rnough depth on 4th set. Went down in weight",0,"warmup",135,5,,,
"Legs feel skinny","16 Feb 2023, 11:48","16 Feb 2023, 12:54","In a good way","Squat (Barbell)",,"Technique felt better, but didnt hit rnough depth on 4th set. Went down in weight",1,"warmup",185,3,,,
"Legs feel skinny","16 Feb 2023, 11:48","16 Feb 2023, 12:54","In a good way","Squat (Barbell)",,"Technique felt better, but didnt hit rnough depth on 4th set. Went down in weight",2,"normal",225,5,,,
"Legs feel skinny","16 Feb 2023, 11:48","16 Feb 2023, 12:54","In a good way","Squat (Barbell)",,"Technique felt better, but didnt hit rnough depth on 4th set. Went down in weight",3,"normal",245,5,,,
"Legs feel skinny","16 Feb 2023, 11:48","16 Feb 2023, 12:54","In a good way","Squat (Barbell)",,"Technique felt better, but didnt hit rnough depth on 4th set. Went down in weight",4,"normal",265,5,,,
"Legs feel skinny","16 Feb 2023, 11:48","16 Feb 2023, 12:54","In a good way","Squat (Barbell)",,"Technique felt better, but didnt hit rnough depth on 4th set. Went down in weight",5,"normal",275,5,,,
"Legs feel skinny","16 Feb 2023, 11:48","16 Feb 2023, 12:54","In a good way","Squat (Barbell)",,"Technique felt better, but didnt hit rnough depth on 4th set. Went down in weight",6,"normal",265,5,,,
"Legs feel skinny","16 Feb 2023, 11:48","16 Feb 2023, 12:54","In a good way","Romanian Deadlift (Barbell)",,"",0,"warmup",132,8,,,
"Legs feel skinny","16 Feb 2023, 11:48","16 Feb 2023, 12:54","In a good way","Romanian Deadlift (Barbell)",,"",1,"normal",198,10,,,
"Legs feel skinny","16 Feb 2023, 11:48","16 Feb 2023, 12:54","In a good way","Romanian Deadlift (Barbell)",,"",2,"normal",198,10,,,
"Legs feel skinny","16 Feb 2023, 11:48","16 Feb 2023, 12:54","In a good way","Romanian Deadlift (Barbell)",,"",3,"normal",198,10,,,
"Legs feel skinny","16 Feb 2023, 11:48","16 Feb 2023, 12:54","In a good way","Reverse Lunge (Dumbbell)",0,"",0,"normal",90,16,,,
"Legs feel skinny","16 Feb 2023, 11:48","16 Feb 2023, 12:54","In a good way","Reverse Lunge (Dumbbell)",0,"",1,"normal",90,16,,,
"Legs feel skinny","16 Feb 2023, 11:48","16 Feb 2023, 12:54","In a good way","Reverse Lunge (Dumbbell)",0,"",2,"normal",90,16,,,
"Legs feel skinny","16 Feb 2023, 11:48","16 Feb 2023, 12:54","In a good way","Back Extension (Weighted Hyperextension)",0,"",0,"normal",45,12,,,
"Legs feel skinny","16 Feb 2023, 11:48","16 Feb 2023, 12:54","In a good way","Back Extension (Weighted Hyperextension)",0,"",1,"normal",45,12,,,
"Legs feel skinny","16 Feb 2023, 11:48","16 Feb 2023, 12:54","In a good way","Back Extension (Weighted Hyperextension)",0,"",2,"normal",45,12,,,
"Clean and push","14 Feb 2023, 11:41","14 Feb 2023, 12:51","Felt really good all around!!","Clean",,"Everything moving fast and well today. Rested too long on the last set and got cold",0,"warmup",132,3,,,
"Clean and push","14 Feb 2023, 11:41","14 Feb 2023, 12:51","Felt really good all around!!","Clean",,"Everything moving fast and well today. Rested too long on the last set and got cold",1,"normal",176,3,,,
"Clean and push","14 Feb 2023, 11:41","14 Feb 2023, 12:51","Felt really good all around!!","Clean",,"Everything moving fast and well today. Rested too long on the last set and got cold",2,"normal",198,3,,,
"Clean and push","14 Feb 2023, 11:41","14 Feb 2023, 12:51","Felt really good all around!!","Clean",,"Everything moving fast and well today. Rested too long on the last set and got cold",3,"normal",198,3,,,
"Clean and push","14 Feb 2023, 11:41","14 Feb 2023, 12:51","Felt really good all around!!","Clean",,"Everything moving fast and well today. Rested too long on the last set and got cold",4,"normal",209,3,,,
"Clean and push","14 Feb 2023, 11:41","14 Feb 2023, 12:51","Felt really good all around!!","Clean",,"Everything moving fast and well today. Rested too long on the last set and got cold",5,"normal",209,3,,,
"Clean and push","14 Feb 2023, 11:41","14 Feb 2023, 12:51","Felt really good all around!!","Bench Press (Barbell)",,"Moved a lot better than expected",0,"warmup",135,5,,,
"Clean and push","14 Feb 2023, 11:41","14 Feb 2023, 12:51","Felt really good all around!!","Bench Press (Barbell)",,"Moved a lot better than expected",1,"normal",185,5,,,
"Clean and push","14 Feb 2023, 11:41","14 Feb 2023, 12:51","Felt really good all around!!","Bench Press (Barbell)",,"Moved a lot better than expected",2,"normal",200,5,,,
"Clean and push","14 Feb 2023, 11:41","14 Feb 2023, 12:51","Felt really good all around!!","Bench Press (Barbell)",,"Moved a lot better than expected",3,"normal",205,5,,,
"Clean and push","14 Feb 2023, 11:41","14 Feb 2023, 12:51","Felt really good all around!!","Bench Press (Barbell)",,"Moved a lot better than expected",4,"normal",210,5,,,
"Clean and push","14 Feb 2023, 11:41","14 Feb 2023, 12:51","Felt really good all around!!","Bench Press (Barbell)",,"Moved a lot better than expected",5,"normal",215,5,,,
"Clean and push","14 Feb 2023, 11:41","14 Feb 2023, 12:51","Felt really good all around!!","Overhead Press (Dumbbell)",0,"45lbs each = 90",0,"normal",95,10,,,
"Clean and push","14 Feb 2023, 11:41","14 Feb 2023, 12:51","Felt really good all around!!","Overhead Press (Dumbbell)",0,"45lbs each = 90",1,"normal",95,10,,,
"Clean and push","14 Feb 2023, 11:41","14 Feb 2023, 12:51","Felt really good all around!!","Overhead Press (Dumbbell)",0,"45lbs each = 90",2,"normal",95,10,,,
"Clean and push","14 Feb 2023, 11:41","14 Feb 2023, 12:51","Felt really good all around!!","Bent Over Row (Dumbbell)",0,"",0,"normal",95,12,,,
"Clean and push","14 Feb 2023, 11:41","14 Feb 2023, 12:51","Felt really good all around!!","Bent Over Row (Dumbbell)",0,"",1,"normal",95,12,,,
"Clean and push","14 Feb 2023, 11:41","14 Feb 2023, 12:51","Felt really good all around!!","Bent Over Row (Dumbbell)",0,"",2,"normal",95,12,,,
"Gym class","10 Feb 2023, 10:38","10 Feb 2023, 10:57","Quick upper body","Incline Bench Press (Dumbbell)",,"",0,"normal",100,10,,,
"Gym class","10 Feb 2023, 10:38","10 Feb 2023, 10:57","Quick upper body","Incline Bench Press (Dumbbell)",,"",1,"normal",120,10,,,
"Gym class","10 Feb 2023, 10:38","10 Feb 2023, 10:57","Quick upper body","Incline Bench Press (Dumbbell)",,"",2,"normal",120,10,,,
"Gym class","10 Feb 2023, 10:38","10 Feb 2023, 10:57","Quick upper body","Chest Supported Incline Row (Dumbbell)",,"Really bad form on thsse lol",0,"normal",100,10,,,
"Gym class","10 Feb 2023, 10:38","10 Feb 2023, 10:57","Quick upper body","Chest Supported Incline Row (Dumbbell)",,"Really bad form on thsse lol",1,"failure",120,8,,,
"Gym class","10 Feb 2023, 10:38","10 Feb 2023, 10:57","Quick upper body","Chest Supported Incline Row (Dumbbell)",,"Really bad form on thsse lol",2,"normal",120,10,,,
"Gym class","10 Feb 2023, 10:38","10 Feb 2023, 10:57","Quick upper body","Chest Supported Reverse Fly (Dumbbell)",,"",0,"normal",30,10,,,
"Gym class","10 Feb 2023, 10:38","10 Feb 2023, 10:57","Quick upper body","Chest Supported Reverse Fly (Dumbbell)",,"",1,"normal",30,10,,,
"Gym class","10 Feb 2023, 10:38","10 Feb 2023, 10:57","Quick upper body","Chest Supported Reverse Fly (Dumbbell)",,"",2,"normal",30,10,,,
"Low Bar Squats","9 Feb 2023, 11:49","9 Feb 2023, 13:16","","Squat (Barbell)",,"Doing low bar for the first time",0,"warmup",132,5,,,
"Low Bar Squats","9 Feb 2023, 11:49","9 Feb 2023, 13:16","","Squat (Barbell)",,"Doing low bar for the first time",1,"warmup",176,3,,,
"Low Bar Squats","9 Feb 2023, 11:49","9 Feb 2023, 13:16","","Squat (Barbell)",,"Doing low bar for the first time",2,"normal",220,5,,,
"Low Bar Squats","9 Feb 2023, 11:49","9 Feb 2023, 13:16","","Squat (Barbell)",,"Doing low bar for the first time",3,"normal",242,5,,,
"Low Bar Squats","9 Feb 2023, 11:49","9 Feb 2023, 13:16","","Squat (Barbell)",,"Doing low bar for the first time",4,"normal",253,5,,,
"Low Bar Squats","9 Feb 2023, 11:49","9 Feb 2023, 13:16","","Squat (Barbell)",,"Doing low bar for the first time",5,"normal",264,5,,,
"Low Bar Squats","9 Feb 2023, 11:49","9 Feb 2023, 13:16","","Squat (Barbell)",,"Doing low bar for the first time",6,"normal",275,5,,,
"Low Bar Squats","9 Feb 2023, 11:49","9 Feb 2023, 13:16","","Romanian Deadlift (Barbell)",,"",0,"warmup",132,8,,,
"Low Bar Squats","9 Feb 2023, 11:49","9 Feb 2023, 13:16","","Romanian Deadlift (Barbell)",,"",1,"normal",198,10,,,
"Low Bar Squats","9 Feb 2023, 11:49","9 Feb 2023, 13:16","","Romanian Deadlift (Barbell)",,"",2,"normal",198,10,,,
"Low Bar Squats","9 Feb 2023, 11:49","9 Feb 2023, 13:16","","Romanian Deadlift (Barbell)",,"",3,"normal",198,10,,,
"Low Bar Squats","9 Feb 2023, 11:49","9 Feb 2023, 13:16","","Reverse Lunge (Dumbbell)",0,"",0,"normal",90,16,,,
"Low Bar Squats","9 Feb 2023, 11:49","9 Feb 2023, 13:16","","Reverse Lunge (Dumbbell)",0,"",1,"normal",90,16,,,
"Low Bar Squats","9 Feb 2023, 11:49","9 Feb 2023, 13:16","","Reverse Lunge (Dumbbell)",0,"",2,"normal",90,16,,,
"Low Bar Squats","9 Feb 2023, 11:49","9 Feb 2023, 13:16","","Back Extension (Weighted Hyperextension)",0,"",0,"normal",33,12,,,
"Low Bar Squats","9 Feb 2023, 11:49","9 Feb 2023, 13:16","","Back Extension (Weighted Hyperextension)",0,"",1,"normal",33,12,,,
"Low Bar Squats","9 Feb 2023, 11:49","9 Feb 2023, 13:16","","Back Extension (Weighted Hyperextension)",0,"",2,"normal",33,12,,,
"Gym class","8 Feb 2023, 10:38","8 Feb 2023, 10:51","Quick arms. Don’t let the colorful weight fool u they heavy","Front Raise (Dumbbell)",,"",0,"normal",24,10,,,
"Gym class","8 Feb 2023, 10:38","8 Feb 2023, 10:51","Quick arms. Don’t let the colorful weight fool u they heavy","Front Raise (Dumbbell)",,"",1,"normal",24,10,,,
"Gym class","8 Feb 2023, 10:38","8 Feb 2023, 10:51","Quick arms. Don’t let the colorful weight fool u they heavy","Front Raise (Dumbbell)",,"",2,"normal",24,10,,,
"Gym class","8 Feb 2023, 10:38","8 Feb 2023, 10:51","Quick arms. Don’t let the colorful weight fool u they heavy","Lateral Raise (Dumbbell)",,"",0,"normal",24,10,,,
"Gym class","8 Feb 2023, 10:38","8 Feb 2023, 10:51","Quick arms. Don’t let the colorful weight fool u they heavy","Lateral Raise (Dumbbell)",,"",1,"normal",24,10,,,
"Gym class","8 Feb 2023, 10:38","8 Feb 2023, 10:51","Quick arms. Don’t let the colorful weight fool u they heavy","Lateral Raise (Dumbbell)",,"",2,"normal",24,10,,,
"Gym class","8 Feb 2023, 10:38","8 Feb 2023, 10:51","Quick arms. Don’t let the colorful weight fool u they heavy","Rear Delt Reverse Fly (Dumbbell)",,"",0,"normal",24,10,,,
"Gym class","8 Feb 2023, 10:38","8 Feb 2023, 10:51","Quick arms. Don’t let the colorful weight fool u they heavy","Rear Delt Reverse Fly (Dumbbell)",,"",1,"normal",24,10,,,
"Gym class","8 Feb 2023, 10:38","8 Feb 2023, 10:51","Quick arms. Don’t let the colorful weight fool u they heavy","Rear Delt Reverse Fly (Dumbbell)",,"",2,"normal",24,10,,,
"Gym class","8 Feb 2023, 10:38","8 Feb 2023, 10:51","Quick arms. Don’t let the colorful weight fool u they heavy","Reverse Curl (Dumbbell)",,"",0,"normal",30,10,,,
"Gym class","8 Feb 2023, 10:38","8 Feb 2023, 10:51","Quick arms. Don’t let the colorful weight fool u they heavy","Reverse Curl (Dumbbell)",,"",1,"normal",30,10,,,
"Gym class","8 Feb 2023, 10:38","8 Feb 2023, 10:51","Quick arms. Don’t let the colorful weight fool u they heavy","Reverse Curl (Dumbbell)",,"",2,"normal",30,10,,,
"Gym class","8 Feb 2023, 10:38","8 Feb 2023, 10:51","Quick arms. Don’t let the colorful weight fool u they heavy","Hammer Curl (Dumbbell)",,"",0,"normal",30,10,,,
"Gym class","8 Feb 2023, 10:38","8 Feb 2023, 10:51","Quick arms. Don’t let the colorful weight fool u they heavy","Hammer Curl (Dumbbell)",,"",1,"normal",30,10,,,
"Gym class","8 Feb 2023, 10:38","8 Feb 2023, 10:51","Quick arms. Don’t let the colorful weight fool u they heavy","Hammer Curl (Dumbbell)",,"",2,"normal",30,10,,,
"Gym class","8 Feb 2023, 10:38","8 Feb 2023, 10:51","Quick arms. Don’t let the colorful weight fool u they heavy","Triceps Extension (Dumbbell)",,"",0,"normal",30,10,,,
"Gym class","8 Feb 2023, 10:38","8 Feb 2023, 10:51","Quick arms. Don’t let the colorful weight fool u they heavy","Triceps Extension (Dumbbell)",,"",1,"normal",30,10,,,
"Gym class","8 Feb 2023, 10:38","8 Feb 2023, 10:51","Quick arms. Don’t let the colorful weight fool u they heavy","Triceps Extension (Dumbbell)",,"",2,"normal",30,10,,,
"Clean and push","7 Feb 2023, 11:40","7 Feb 2023, 13:10","","Clean",,"Everything moving fast and well today. Rested too long on the last set and got cold",0,"warmup",132,3,,,
"Clean and push","7 Feb 2023, 11:40","7 Feb 2023, 13:10","","Clean",,"Everything moving fast and well today. Rested too long on the last set and got cold",1,"normal",176,3,,,
"Clean and push","7 Feb 2023, 11:40","7 Feb 2023, 13:10","","Clean",,"Everything moving fast and well today. Rested too long on the last set and got cold",2,"normal",198,3,,,
"Clean and push","7 Feb 2023, 11:40","7 Feb 2023, 13:10","","Clean",,"Everything moving fast and well today. Rested too long on the last set and got cold",3,"normal",198,3,,,
"Clean and push","7 Feb 2023, 11:40","7 Feb 2023, 13:10","","Clean",,"Everything moving fast and well today. Rested too long on the last set and got cold",4,"normal",209,3,,,
"Clean and push","7 Feb 2023, 11:40","7 Feb 2023, 13:10","","Clean",,"Everything moving fast and well today. Rested too long on the last set and got cold",5,"failure",209,1,,,
"Clean and push","7 Feb 2023, 11:40","7 Feb 2023, 13:10","","Clean",,"Everything moving fast and well today. Rested too long on the last set and got cold",6,"dropset",198,2,,,
"Clean and push","7 Feb 2023, 11:40","7 Feb 2023, 13:10","","Bench Press (Barbell)",,"Moved a lot better than expected",0,"warmup",135,5,,,
"Clean and push","7 Feb 2023, 11:40","7 Feb 2023, 13:10","","Bench Press (Barbell)",,"Moved a lot better than expected",1,"normal",185,5,,,
"Clean and push","7 Feb 2023, 11:40","7 Feb 2023, 13:10","","Bench Press (Barbell)",,"Moved a lot better than expected",2,"normal",195,5,,,
"Clean and push","7 Feb 2023, 11:40","7 Feb 2023, 13:10","","Bench Press (Barbell)",,"Moved a lot better than expected",3,"normal",205,5,,,
"Clean and push","7 Feb 2023, 11:40","7 Feb 2023, 13:10","","Bench Press (Barbell)",,"Moved a lot better than expected",4,"normal",205,5,,,
"Clean and push","7 Feb 2023, 11:40","7 Feb 2023, 13:10","","Bench Press (Barbell)",,"Moved a lot better than expected",5,"failure",215,4,,,
"Clean and push","7 Feb 2023, 11:40","7 Feb 2023, 13:10","","Overhead Press (Dumbbell)",0,"45lbs each = 90",0,"normal",95,8,,,
"Clean and push","7 Feb 2023, 11:40","7 Feb 2023, 13:10","","Overhead Press (Dumbbell)",0,"45lbs each = 90",1,"normal",95,8,,,
"Clean and push","7 Feb 2023, 11:40","7 Feb 2023, 13:10","","Overhead Press (Dumbbell)",0,"45lbs each = 90",2,"normal",95,8,,,
"Clean and push","7 Feb 2023, 11:40","7 Feb 2023, 13:10","","Overhead Press (Dumbbell)",0,"45lbs each = 90",3,"normal",95,8,,,
"Clean and push","7 Feb 2023, 11:40","7 Feb 2023, 13:10","","Bent Over Row (Dumbbell)",0,"",0,"normal",95,8,,,
"Clean and push","7 Feb 2023, 11:40","7 Feb 2023, 13:10","","Bent Over Row (Dumbbell)",0,"",1,"normal",95,8,,,
"Clean and push","7 Feb 2023, 11:40","7 Feb 2023, 13:10","","Bent Over Row (Dumbbell)",0,"",2,"normal",95,8,,,
"Clean and push","7 Feb 2023, 11:40","7 Feb 2023, 13:10","","Bent Over Row (Dumbbell)",0,"",3,"normal",95,8,,,
"Quick back","6 Feb 2023, 10:16","6 Feb 2023, 11:00","Gym class","Chest Supported Incline Row (Dumbbell)",0,"25 + 25 = 50",0,"warmup",50,10,,,
"Quick back","6 Feb 2023, 10:16","6 Feb 2023, 11:00","Gym class","Chest Supported Incline Row (Dumbbell)",0,"25 + 25 = 50",1,"normal",100,10,,,
"Quick back","6 Feb 2023, 10:16","6 Feb 2023, 11:00","Gym class","Chest Supported Incline Row (Dumbbell)",0,"25 + 25 = 50",2,"normal",100,10,,,
"Quick back","6 Feb 2023, 10:16","6 Feb 2023, 11:00","Gym class","Chest Supported Incline Row (Dumbbell)",0,"25 + 25 = 50",3,"normal",100,10,,,
"Quick back","6 Feb 2023, 10:16","6 Feb 2023, 11:00","Gym class","Chest Supported Reverse Fly (Dumbbell)",0,"",0,"normal",30,10,,,
"Quick back","6 Feb 2023, 10:16","6 Feb 2023, 11:00","Gym class","Chest Supported Reverse Fly (Dumbbell)",0,"",1,"normal",30,10,,,
"Quick back","6 Feb 2023, 10:16","6 Feb 2023, 11:00","Gym class","Chest Supported Reverse Fly (Dumbbell)",0,"",2,"normal",30,10,,,
"Quick back","6 Feb 2023, 10:16","6 Feb 2023, 11:00","Gym class","Back Extension (Weighted Hyperextension)",,"",0,"normal",25,12,,,
"Quick back","6 Feb 2023, 10:16","6 Feb 2023, 11:00","Gym class","Back Extension (Weighted Hyperextension)",,"",1,"normal",25,12,,,
"Quick back","6 Feb 2023, 10:16","6 Feb 2023, 11:00","Gym class","Back Extension (Weighted Hyperextension)",,"",2,"normal",25,12,,,
"Quick back","6 Feb 2023, 10:16","6 Feb 2023, 11:00","Gym class","Seated Cable Row - Bar Grip",,"Not actual machine. Sat on the ground and use one of thise multi purpose cable things. 97.5 is full rack on one side. Then added two 1.5 things",0,"warmup",62.5,12,,,
"Quick back","6 Feb 2023, 10:16","6 Feb 2023, 11:00","Gym class","Seated Cable Row - Bar Grip",,"Not actual machine. Sat on the ground and use one of thise multi purpose cable things. 97.5 is full rack on one side. Then added two 1.5 things",1,"warmup",77.5,12,,,
"Quick back","6 Feb 2023, 10:16","6 Feb 2023, 11:00","Gym class","Seated Cable Row - Bar Grip",,"Not actual machine. Sat on the ground and use one of thise multi purpose cable things. 97.5 is full rack on one side. Then added two 1.5 things",2,"normal",97.5,12,,,
"Quick back","6 Feb 2023, 10:16","6 Feb 2023, 11:00","Gym class","Seated Cable Row - Bar Grip",,"Not actual machine. Sat on the ground and use one of thise multi purpose cable things. 97.5 is full rack on one side. Then added two 1.5 things",3,"normal",100.5,12,,,
"Quick back","6 Feb 2023, 10:16","6 Feb 2023, 11:00","Gym class","Seated Cable Row - Bar Grip",,"Not actual machine. Sat on the ground and use one of thise multi purpose cable things. 97.5 is full rack on one side. Then added two 1.5 things",4,"normal",100.5,12,,,
"Quick back","6 Feb 2023, 10:16","6 Feb 2023, 11:00","Gym class","Lat Pulldown (Machine)",,"",0,"normal",120,12,,,
"Quick back","6 Feb 2023, 10:16","6 Feb 2023, 11:00","Gym class","Lat Pulldown (Machine)",,"",1,"normal",120,12,,,
"Quick back","6 Feb 2023, 10:16","6 Feb 2023, 11:00","Gym class","Lat Pulldown (Machine)",,"",2,"normal",120,12,,,
"Quick Legs","3 Feb 2023, 10:42","3 Feb 2023, 11:08","Tepper Gym. Nothing crazy cuz still tired from Groundhog Day lol, so focus on hypertrophy","Leg Extension (Machine)",,"Point toes inwardx10, outwardx10, neutralx10",0,"warmup",25,30,,,
"Quick Legs","3 Feb 2023, 10:42","3 Feb 2023, 11:08","Tepper Gym. Nothing crazy cuz still tired from Groundhog Day lol, so focus on hypertrophy","Leg Extension (Machine)",,"Point toes inwardx10, outwardx10, neutralx10",1,"normal",70,30,,,
"Quick Legs","3 Feb 2023, 10:42","3 Feb 2023, 11:08","Tepper Gym. Nothing crazy cuz still tired from Groundhog Day lol, so focus on hypertrophy","Leg Extension (Machine)",,"Point toes inwardx10, outwardx10, neutralx10",2,"normal",70,30,,,
"Quick Legs","3 Feb 2023, 10:42","3 Feb 2023, 11:08","Tepper Gym. Nothing crazy cuz still tired from Groundhog Day lol, so focus on hypertrophy","Leg Extension (Machine)",,"Point toes inwardx10, outwardx10, neutralx10",3,"normal",70,30,,,
"Quick Legs","3 Feb 2023, 10:42","3 Feb 2023, 11:08","Tepper Gym. Nothing crazy cuz still tired from Groundhog Day lol, so focus on hypertrophy","Seated Leg Curl (Machine)",,"",0,"normal",130,12,,,
"Quick Legs","3 Feb 2023, 10:42","3 Feb 2023, 11:08","Tepper Gym. Nothing crazy cuz still tired from Groundhog Day lol, so focus on hypertrophy","Seated Leg Curl (Machine)",,"",1,"normal",130,12,,,
"Quick Legs","3 Feb 2023, 10:42","3 Feb 2023, 11:08","Tepper Gym. Nothing crazy cuz still tired from Groundhog Day lol, so focus on hypertrophy","Seated Leg Curl (Machine)",,"",2,"normal",130,12,,,
"Quick Legs","3 Feb 2023, 10:42","3 Feb 2023, 11:08","Tepper Gym. Nothing crazy cuz still tired from Groundhog Day lol, so focus on hypertrophy","Leg Press Horizontal (Machine)",,"",0,"normal",205,10,,,
"Quick Legs","3 Feb 2023, 10:42","3 Feb 2023, 11:08","Tepper Gym. Nothing crazy cuz still tired from Groundhog Day lol, so focus on hypertrophy","Leg Press Horizontal (Machine)",,"",1,"normal",205,10,,,
"Quick Legs","3 Feb 2023, 10:42","3 Feb 2023, 11:08","Tepper Gym. Nothing crazy cuz still tired from Groundhog Day lol, so focus on hypertrophy","Leg Press Horizontal (Machine)",,"",2,"normal",205,10,,,
"Quick Legs","3 Feb 2023, 10:42","3 Feb 2023, 11:08","Tepper Gym. Nothing crazy cuz still tired from Groundhog Day lol, so focus on hypertrophy","Reverse Lunge (Dumbbell)",,"",0,"normal",90,16,,,
"Quick Legs","3 Feb 2023, 10:42","3 Feb 2023, 11:08","Tepper Gym. Nothing crazy cuz still tired from Groundhog Day lol, so focus on hypertrophy","Reverse Lunge (Dumbbell)",,"",1,"normal",90,16,,,
"Quick Legs","3 Feb 2023, 10:42","3 Feb 2023, 11:08","Tepper Gym. Nothing crazy cuz still tired from Groundhog Day lol, so focus on hypertrophy","Reverse Lunge (Dumbbell)",,"",2,"normal",90,16,,,
"Gym class","1 Feb 2023, 10:31","1 Feb 2023, 10:51","Shoulders. Inflated volume from tricep push downs","Seated Shoulder Press (Machine)",,"Neutral grip",0,"warmup",25,10,,,
"Gym class","1 Feb 2023, 10:31","1 Feb 2023, 10:51","Shoulders. Inflated volume from tricep push downs","Seated Shoulder Press (Machine)",,"Neutral grip",1,"normal",40,10,,,
"Gym class","1 Feb 2023, 10:31","1 Feb 2023, 10:51","Shoulders. Inflated volume from tricep push downs","Seated Shoulder Press (Machine)",,"Neutral grip",2,"normal",55,10,,,
"Gym class","1 Feb 2023, 10:31","1 Feb 2023, 10:51","Shoulders. Inflated volume from tricep push downs","Seated Shoulder Press (Machine)",,"Neutral grip",3,"normal",70,10,,,
"Gym class","1 Feb 2023, 10:31","1 Feb 2023, 10:51","Shoulders. Inflated volume from tricep push downs","Seated Dip Machine",,"Didnt reauze the +5 was on until i finished",0,"normal",165,12,,,
"Gym class","1 Feb 2023, 10:31","1 Feb 2023, 10:51","Shoulders. Inflated volume from tricep push downs","Seated Dip Machine",,"Didnt reauze the +5 was on until i finished",1,"normal",180,12,,,
"Gym class","1 Feb 2023, 10:31","1 Feb 2023, 10:51","Shoulders. Inflated volume from tricep push downs","Seated Dip Machine",,"Didnt reauze the +5 was on until i finished",2,"normal",195,12,,,
"Gym class","1 Feb 2023, 10:31","1 Feb 2023, 10:51","Shoulders. Inflated volume from tricep push downs","Front Raise (Dumbbell)",,"",0,"normal",24,10,,,
"Gym class","1 Feb 2023, 10:31","1 Feb 2023, 10:51","Shoulders. Inflated volume from tricep push downs","Front Raise (Dumbbell)",,"",1,"normal",24,10,,,
"Gym class","1 Feb 2023, 10:31","1 Feb 2023, 10:51","Shoulders. Inflated volume from tricep push downs","Front Raise (Dumbbell)",,"",2,"normal",24,10,,,
"Gym class","1 Feb 2023, 10:31","1 Feb 2023, 10:51","Shoulders. Inflated volume from tricep push downs","Lateral Raise (Dumbbell)",,"",0,"normal",24,10,,,
"Gym class","1 Feb 2023, 10:31","1 Feb 2023, 10:51","Shoulders. Inflated volume from tricep push downs","Lateral Raise (Dumbbell)",,"",1,"normal",24,10,,,
"Gym class","1 Feb 2023, 10:31","1 Feb 2023, 10:51","Shoulders. Inflated volume from tricep push downs","Lateral Raise (Dumbbell)",,"",2,"normal",24,10,,,
"Gym class","1 Feb 2023, 10:31","1 Feb 2023, 10:51","Shoulders. Inflated volume from tricep push downs","Reverse Curl (Dumbbell)",,"",0,"normal",24,10,,,
"Gym class","1 Feb 2023, 10:31","1 Feb 2023, 10:51","Shoulders. Inflated volume from tricep push downs","Reverse Curl (Dumbbell)",,"",1,"normal",24,10,,,
"Gym class","1 Feb 2023, 10:31","1 Feb 2023, 10:51","Shoulders. Inflated volume from tricep push downs","Reverse Curl (Dumbbell)",,"",2,"normal",24,10,,,
"Clean and push","31 Jan 2023, 12:12","31 Jan 2023, 13:26","","Clean",,"209 felt a little off; didnt catch well enough",0,"warmup",132,3,,,
"Clean and push","31 Jan 2023, 12:12","31 Jan 2023, 13:26","","Clean",,"209 felt a little off; didnt catch well enough",1,"normal",176,3,,,
"Clean and push","31 Jan 2023, 12:12","31 Jan 2023, 13:26","","Clean",,"209 felt a little off; didnt catch well enough",2,"normal",187,3,,,
"Clean and push","31 Jan 2023, 12:12","31 Jan 2023, 13:26","","Clean",,"209 felt a little off; didnt catch well enough",3,"normal",198,3,,,
"Clean and push","31 Jan 2023, 12:12","31 Jan 2023, 13:26","","Clean",,"209 felt a little off; didnt catch well enough",4,"normal",209,3,,,
"Clean and push","31 Jan 2023, 12:12","31 Jan 2023, 13:26","","Clean",,"209 felt a little off; didnt catch well enough",5,"failure",209,2,,,
"Clean and push","31 Jan 2023, 12:12","31 Jan 2023, 13:26","","Bench Press (Barbell)",,"Reps felt super slow but got some good weight",0,"warmup",135,5,,,
"Clean and push","31 Jan 2023, 12:12","31 Jan 2023, 13:26","","Bench Press (Barbell)",,"Reps felt super slow but got some good weight",1,"normal",185,5,,,
"Clean and push","31 Jan 2023, 12:12","31 Jan 2023, 13:26","","Bench Press (Barbell)",,"Reps felt super slow but got some good weight",2,"normal",195,5,,,
"Clean and push","31 Jan 2023, 12:12","31 Jan 2023, 13:26","","Bench Press (Barbell)",,"Reps felt super slow but got some good weight",3,"normal",195,5,,,
"Clean and push","31 Jan 2023, 12:12","31 Jan 2023, 13:26","","Bench Press (Barbell)",,"Reps felt super slow but got some good weight",4,"normal",200,5,,,
"Clean and push","31 Jan 2023, 12:12","31 Jan 2023, 13:26","","Bench Press (Barbell)",,"Reps felt super slow but got some good weight",5,"normal",205,5,,,
"Clean and push","31 Jan 2023, 12:12","31 Jan 2023, 13:26","","Overhead Press (Dumbbell)",0,"45lbs each = 90",0,"normal",95,8,,,
"Clean and push","31 Jan 2023, 12:12","31 Jan 2023, 13:26","","Overhead Press (Dumbbell)",0,"45lbs each = 90",1,"normal",95,8,,,
"Clean and push","31 Jan 2023, 12:12","31 Jan 2023, 13:26","","Overhead Press (Dumbbell)",0,"45lbs each = 90",2,"normal",95,8,,,
"Clean and push","31 Jan 2023, 12:12","31 Jan 2023, 13:26","","Overhead Press (Dumbbell)",0,"45lbs each = 90",3,"normal",95,8,,,
"Clean and push","31 Jan 2023, 12:12","31 Jan 2023, 13:26","","Bent Over Row (Dumbbell)",0,"",0,"normal",95,8,,,
"Clean and push","31 Jan 2023, 12:12","31 Jan 2023, 13:26","","Bent Over Row (Dumbbell)",0,"",1,"normal",95,8,,,
"Clean and push","31 Jan 2023, 12:12","31 Jan 2023, 13:26","","Bent Over Row (Dumbbell)",0,"",2,"normal",95,8,,,
"Clean and push","31 Jan 2023, 12:12","31 Jan 2023, 13:26","","Bent Over Row (Dumbbell)",0,"",3,"normal",95,8,,,
"Leg Day","26 Jan 2023, 12:01","26 Jan 2023, 13:18","Accessories with Elan today","Squat (Barbell)",,"",0,"normal",220,5,,,
"Leg Day","26 Jan 2023, 12:01","26 Jan 2023, 13:18","Accessories with Elan today","Squat (Barbell)",,"",1,"normal",231,5,,,
"Leg Day","26 Jan 2023, 12:01","26 Jan 2023, 13:18","Accessories with Elan today","Squat (Barbell)",,"",2,"normal",242,5,,,
"Leg Day","26 Jan 2023, 12:01","26 Jan 2023, 13:18","Accessories with Elan today","Squat (Barbell)",,"",3,"normal",247,5,,,
"Leg Day","26 Jan 2023, 12:01","26 Jan 2023, 13:18","Accessories with Elan today","Squat (Barbell)",,"",4,"normal",253,5,,,
"Leg Day","26 Jan 2023, 12:01","26 Jan 2023, 13:18","Accessories with Elan today","Romanian Deadlift (Barbell)",,"",0,"normal",176,10,,,
"Leg Day","26 Jan 2023, 12:01","26 Jan 2023, 13:18","Accessories with Elan today","Romanian Deadlift (Barbell)",,"",1,"normal",176,10,,,
"Leg Day","26 Jan 2023, 12:01","26 Jan 2023, 13:18","Accessories with Elan today","Romanian Deadlift (Barbell)",,"",2,"normal",198,10,,,
"Leg Day","26 Jan 2023, 12:01","26 Jan 2023, 13:18","Accessories with Elan today","Reverse Lunge (Dumbbell)",0,"",0,"normal",90,16,,,
"Leg Day","26 Jan 2023, 12:01","26 Jan 2023, 13:18","Accessories with Elan today","Reverse Lunge (Dumbbell)",0,"",1,"normal",90,16,,,
"Leg Day","26 Jan 2023, 12:01","26 Jan 2023, 13:18","Accessories with Elan today","Reverse Lunge (Dumbbell)",0,"",2,"normal",90,16,,,
"Leg Day","26 Jan 2023, 12:01","26 Jan 2023, 13:18","Accessories with Elan today","Back Extension (Weighted Hyperextension)",0,"",0,"normal",22,12,,,
"Leg Day","26 Jan 2023, 12:01","26 Jan 2023, 13:18","Accessories with Elan today","Back Extension (Weighted Hyperextension)",0,"",1,"normal",22,12,,,
"Leg Day","26 Jan 2023, 12:01","26 Jan 2023, 13:18","Accessories with Elan today","Back Extension (Weighted Hyperextension)",0,"",2,"normal",22,12,,,
"Gym class with rosh","25 Jan 2023, 10:24","25 Jan 2023, 10:46","Quick lift just light stuff","Front Raise (Dumbbell)",,"15lbs each",0,"normal",30,10,,,
"Gym class with rosh","25 Jan 2023, 10:24","25 Jan 2023, 10:46","Quick lift just light stuff","Front Raise (Dumbbell)",,"15lbs each",1,"normal",30,10,,,
"Gym class with rosh","25 Jan 2023, 10:24","25 Jan 2023, 10:46","Quick lift just light stuff","Front Raise (Dumbbell)",,"15lbs each",2,"normal",30,10,,,
"Gym class with rosh","25 Jan 2023, 10:24","25 Jan 2023, 10:46","Quick lift just light stuff","Lateral Raise (Dumbbell)",,"",0,"normal",30,10,,,
"Gym class with rosh","25 Jan 2023, 10:24","25 Jan 2023, 10:46","Quick lift just light stuff","Lateral Raise (Dumbbell)",,"",1,"normal",30,10,,,
"Gym class with rosh","25 Jan 2023, 10:24","25 Jan 2023, 10:46","Quick lift just light stuff","Lateral Raise (Dumbbell)",,"",2,"normal",30,10,,,
"Gym class with rosh","25 Jan 2023, 10:24","25 Jan 2023, 10:46","Quick lift just light stuff","Upright Row (Dumbbell)",,"",0,"normal",30,10,,,
"Gym class with rosh","25 Jan 2023, 10:24","25 Jan 2023, 10:46","Quick lift just light stuff","Upright Row (Dumbbell)",,"",1,"normal",30,10,,,
"Gym class with rosh","25 Jan 2023, 10:24","25 Jan 2023, 10:46","Quick lift just light stuff","Upright Row (Dumbbell)",,"",2,"normal",30,10,,,
"Gym class with rosh","25 Jan 2023, 10:24","25 Jan 2023, 10:46","Quick lift just light stuff","Overhead Press (Dumbbell)",,"",0,"normal",30,10,,,
"Gym class with rosh","25 Jan 2023, 10:24","25 Jan 2023, 10:46","Quick lift just light stuff","Overhead Press (Dumbbell)",,"",1,"normal",30,10,,,
"Gym class with rosh","25 Jan 2023, 10:24","25 Jan 2023, 10:46","Quick lift just light stuff","Overhead Press (Dumbbell)",,"",2,"normal",30,10,,,
"Gym class with rosh","25 Jan 2023, 10:24","25 Jan 2023, 10:46","Quick lift just light stuff","Push Up (Weighted)",,"",0,"normal",25,10,,,
"Gym class with rosh","25 Jan 2023, 10:24","25 Jan 2023, 10:46","Quick lift just light stuff","Push Up (Weighted)",,"",1,"normal",25,10,,,
"Gym class with rosh","25 Jan 2023, 10:24","25 Jan 2023, 10:46","Quick lift just light stuff","Push Up (Weighted)",,"",2,"normal",25,10,,,
"Clean and push","24 Jan 2023, 12:13","24 Jan 2023, 13:22","","Clean",,"Accurate kilogram numbers.",0,"warmup",132,3,,,
"Clean and push","24 Jan 2023, 12:13","24 Jan 2023, 13:22","","Clean",,"Accurate kilogram numbers.",1,"normal",176,3,,,
"Clean and push","24 Jan 2023, 12:13","24 Jan 2023, 13:22","","Clean",,"Accurate kilogram numbers.",2,"normal",187,3,,,
"Clean and push","24 Jan 2023, 12:13","24 Jan 2023, 13:22","","Clean",,"Accurate kilogram numbers.",3,"normal",198,3,,,
"Clean and push","24 Jan 2023, 12:13","24 Jan 2023, 13:22","","Clean",,"Accurate kilogram numbers.",4,"normal",198,3,,,
"Clean and push","24 Jan 2023, 12:13","24 Jan 2023, 13:22","","Clean",,"Accurate kilogram numbers.",5,"normal",198,3,,,
"Clean and push","24 Jan 2023, 12:13","24 Jan 2023, 13:22","","Bench Press (Barbell)",,"Reps felt super slow but got some good weight",0,"warmup",135,5,,,
"Clean and push","24 Jan 2023, 12:13","24 Jan 2023, 13:22","","Bench Press (Barbell)",,"Reps felt super slow but got some good weight",1,"normal",185,5,,,
"Clean and push","24 Jan 2023, 12:13","24 Jan 2023, 13:22","","Bench Press (Barbell)",,"Reps felt super slow but got some good weight",2,"normal",185,5,,,
"Clean and push","24 Jan 2023, 12:13","24 Jan 2023, 13:22","","Bench Press (Barbell)",,"Reps felt super slow but got some good weight",3,"normal",195,5,,,
"Clean and push","24 Jan 2023, 12:13","24 Jan 2023, 13:22","","Bench Press (Barbell)",,"Reps felt super slow but got some good weight",4,"normal",200,5,,,
"Clean and push","24 Jan 2023, 12:13","24 Jan 2023, 13:22","","Bench Press (Barbell)",,"Reps felt super slow but got some good weight",5,"normal",205,5,,,
"Clean and push","24 Jan 2023, 12:13","24 Jan 2023, 13:22","","Overhead Press (Dumbbell)",0,"45lbs each = 90",0,"normal",95,8,,,
"Clean and push","24 Jan 2023, 12:13","24 Jan 2023, 13:22","","Overhead Press (Dumbbell)",0,"45lbs each = 90",1,"normal",95,8,,,
"Clean and push","24 Jan 2023, 12:13","24 Jan 2023, 13:22","","Overhead Press (Dumbbell)",0,"45lbs each = 90",2,"normal",95,8,,,
"Clean and push","24 Jan 2023, 12:13","24 Jan 2023, 13:22","","Overhead Press (Dumbbell)",0,"45lbs each = 90",3,"normal",95,8,,,
"Clean and push","24 Jan 2023, 12:13","24 Jan 2023, 13:22","","Bent Over Row (Dumbbell)",0,"",0,"normal",95,8,,,
"Clean and push","24 Jan 2023, 12:13","24 Jan 2023, 13:22","","Bent Over Row (Dumbbell)",0,"",1,"normal",95,8,,,
"Clean and push","24 Jan 2023, 12:13","24 Jan 2023, 13:22","","Bent Over Row (Dumbbell)",0,"",2,"normal",95,8,,,
"Clean and push","24 Jan 2023, 12:13","24 Jan 2023, 13:22","","Bent Over Row (Dumbbell)",0,"",3,"normal",95,8,,,
"Gym class lol","23 Jan 2023, 10:32","23 Jan 2023, 10:49","","Incline Bench Press (Dumbbell)",,"",0,"normal",90,12,,,
"Gym class lol","23 Jan 2023, 10:32","23 Jan 2023, 10:49","","Incline Bench Press (Dumbbell)",,"",1,"normal",110,12,,,
"Gym class lol","23 Jan 2023, 10:32","23 Jan 2023, 10:49","","Incline Bench Press (Dumbbell)",,"",2,"normal",120,12,,,
"Gym class lol","23 Jan 2023, 10:32","23 Jan 2023, 10:49","","Incline Bench Press (Dumbbell)",,"",3,"normal",120,12,,,
"Gym class lol","23 Jan 2023, 10:32","23 Jan 2023, 10:49","","Iso-Lateral Row (Machine)",,"",0,"normal",152,12,,,
"Gym class lol","23 Jan 2023, 10:32","23 Jan 2023, 10:49","","Iso-Lateral Row (Machine)",,"",1,"normal",152,12,,,
"Gym class lol","23 Jan 2023, 10:32","23 Jan 2023, 10:49","","Iso-Lateral Row (Machine)",,"",2,"normal",152,12,,,
"Weird Day","20 Jan 2023, 09:23","20 Jan 2023, 10:46","","Front Squat",,"",0,"normal",154,5,,,
"Weird Day","20 Jan 2023, 09:23","20 Jan 2023, 10:46","","Front Squat",,"",1,"normal",154,5,,,
"Weird Day","20 Jan 2023, 09:23","20 Jan 2023, 10:46","","Front Squat",,"",2,"normal",154,5,,,
"Weird Day","20 Jan 2023, 09:23","20 Jan 2023, 10:46","","Front Squat",,"",3,"normal",154,5,,,
"Weird Day","20 Jan 2023, 09:23","20 Jan 2023, 10:46","","Deadlift (Barbell)",,"",0,"normal",220,5,,,
"Weird Day","20 Jan 2023, 09:23","20 Jan 2023, 10:46","","Deadlift (Barbell)",,"",1,"normal",264,5,,,
"Weird Day","20 Jan 2023, 09:23","20 Jan 2023, 10:46","","Deadlift (Barbell)",,"",2,"normal",264,5,,,
"Leg Day","19 Jan 2023, 11:20","19 Jan 2023, 12:19","","Squat (Barbell)",,"4th set last rep didnt get full ROM. 5th set was better",0,"normal",220,5,,,
"Leg Day","19 Jan 2023, 11:20","19 Jan 2023, 12:19","","Squat (Barbell)",,"4th set last rep didnt get full ROM. 5th set was better",1,"normal",231,5,,,
"Leg Day","19 Jan 2023, 11:20","19 Jan 2023, 12:19","","Squat (Barbell)",,"4th set last rep didnt get full ROM. 5th set was better",2,"normal",231,5,,,
"Leg Day","19 Jan 2023, 11:20","19 Jan 2023, 12:19","","Squat (Barbell)",,"4th set last rep didnt get full ROM. 5th set was better",3,"normal",242,5,,,
"Leg Day","19 Jan 2023, 11:20","19 Jan 2023, 12:19","","Squat (Barbell)",,"4th set last rep didnt get full ROM. 5th set was better",4,"normal",242,5,,,
"Leg Day","19 Jan 2023, 11:20","19 Jan 2023, 12:19","","Romanian Deadlift (Barbell)",,"",0,"normal",176,10,,,
"Leg Day","19 Jan 2023, 11:20","19 Jan 2023, 12:19","","Romanian Deadlift (Barbell)",,"",1,"normal",176,10,,,
"Leg Day","19 Jan 2023, 11:20","19 Jan 2023, 12:19","","Romanian Deadlift (Barbell)",,"",2,"normal",176,10,,,
"Leg Day","19 Jan 2023, 11:20","19 Jan 2023, 12:19","","Reverse Lunge (Dumbbell)",0,"",0,"normal",90,16,,,
"Leg Day","19 Jan 2023, 11:20","19 Jan 2023, 12:19","","Reverse Lunge (Dumbbell)",0,"",1,"normal",90,16,,,
"Leg Day","19 Jan 2023, 11:20","19 Jan 2023, 12:19","","Reverse Lunge (Dumbbell)",0,"",2,"normal",90,16,,,
"Leg Day","19 Jan 2023, 11:20","19 Jan 2023, 12:19","","Back Extension (Weighted Hyperextension)",0,"",0,"normal",22,12,,,
"Leg Day","19 Jan 2023, 11:20","19 Jan 2023, 12:19","","Back Extension (Weighted Hyperextension)",0,"",1,"normal",22,12,,,
"Leg Day","19 Jan 2023, 11:20","19 Jan 2023, 12:19","","Back Extension (Weighted Hyperextension)",0,"",2,"normal",22,12,,,
"Clean and push","17 Jan 2023, 13:27","17 Jan 2023, 14:25","There was another big asian guy doing cleans... man I’m not special huh lol","Clean",,"Accurate kilogram numbers.",0,"warmup",132,3,,,
"Clean and push","17 Jan 2023, 13:27","17 Jan 2023, 14:25","There was another big asian guy doing cleans... man I’m not special huh lol","Clean",,"Accurate kilogram numbers.",1,"normal",176,3,,,
"Clean and push","17 Jan 2023, 13:27","17 Jan 2023, 14:25","There was another big asian guy doing cleans... man I’m not special huh lol","Clean",,"Accurate kilogram numbers.",2,"normal",187,3,,,
"Clean and push","17 Jan 2023, 13:27","17 Jan 2023, 14:25","There was another big asian guy doing cleans... man I’m not special huh lol","Clean",,"Accurate kilogram numbers.",3,"normal",187,3,,,
"Clean and push","17 Jan 2023, 13:27","17 Jan 2023, 14:25","There was another big asian guy doing cleans... man I’m not special huh lol","Clean",,"Accurate kilogram numbers.",4,"normal",198,3,,,
"Clean and push","17 Jan 2023, 13:27","17 Jan 2023, 14:25","There was another big asian guy doing cleans... man I’m not special huh lol","Clean",,"Accurate kilogram numbers.",5,"failure",198,1,,,
"Clean and push","17 Jan 2023, 13:27","17 Jan 2023, 14:25","There was another big asian guy doing cleans... man I’m not special huh lol","Bench Press (Barbell)",,"Felt much stronger this week",0,"warmup",135,7,,,
"Clean and push","17 Jan 2023, 13:27","17 Jan 2023, 14:25","There was another big asian guy doing cleans... man I’m not special huh lol","Bench Press (Barbell)",,"Felt much stronger this week",1,"normal",175,5,,,
"Clean and push","17 Jan 2023, 13:27","17 Jan 2023, 14:25","There was another big asian guy doing cleans... man I’m not special huh lol","Bench Press (Barbell)",,"Felt much stronger this week",2,"normal",175,5,,,
"Clean and push","17 Jan 2023, 13:27","17 Jan 2023, 14:25","There was another big asian guy doing cleans... man I’m not special huh lol","Bench Press (Barbell)",,"Felt much stronger this week",3,"normal",185,5,,,
"Clean and push","17 Jan 2023, 13:27","17 Jan 2023, 14:25","There was another big asian guy doing cleans... man I’m not special huh lol","Bench Press (Barbell)",,"Felt much stronger this week",4,"normal",190,5,,,
"Clean and push","17 Jan 2023, 13:27","17 Jan 2023, 14:25","There was another big asian guy doing cleans... man I’m not special huh lol","Bench Press (Barbell)",,"Felt much stronger this week",5,"normal",195,5,,,
"Clean and push","17 Jan 2023, 13:27","17 Jan 2023, 14:25","There was another big asian guy doing cleans... man I’m not special huh lol","Overhead Press (Dumbbell)",,"45lbs each = 90",0,"normal",90,10,,,
"Clean and push","17 Jan 2023, 13:27","17 Jan 2023, 14:25","There was another big asian guy doing cleans... man I’m not special huh lol","Overhead Press (Dumbbell)",,"45lbs each = 90",1,"normal",90,10,,,
"Clean and push","17 Jan 2023, 13:27","17 Jan 2023, 14:25","There was another big asian guy doing cleans... man I’m not special huh lol","Overhead Press (Dumbbell)",,"45lbs each = 90",2,"normal",90,10,,,
"Clean and push","17 Jan 2023, 13:27","17 Jan 2023, 14:25","There was another big asian guy doing cleans... man I’m not special huh lol","Bent Over Row (Dumbbell)",,"",0,"normal",90,10,,,
"Clean and push","17 Jan 2023, 13:27","17 Jan 2023, 14:25","There was another big asian guy doing cleans... man I’m not special huh lol","Bent Over Row (Dumbbell)",,"",1,"normal",90,10,,,
"Clean and push","17 Jan 2023, 13:27","17 Jan 2023, 14:25","There was another big asian guy doing cleans... man I’m not special huh lol","Bent Over Row (Dumbbell)",,"",2,"normal",90,10,,,
"Back Day","15 Jan 2023, 12:00","15 Jan 2023, 13:14","Did deadlifts with a belt today felt not bad","Deadlift (Barbell)",,"Accurate Kilo weights",0,"warmup",132,5,,,
"Back Day","15 Jan 2023, 12:00","15 Jan 2023, 13:14","Did deadlifts with a belt today felt not bad","Deadlift (Barbell)",,"Accurate Kilo weights",1,"normal",220,5,,,
"Back Day","15 Jan 2023, 12:00","15 Jan 2023, 13:14","Did deadlifts with a belt today felt not bad","Deadlift (Barbell)",,"Accurate Kilo weights",2,"normal",264,5,,,
"Back Day","15 Jan 2023, 12:00","15 Jan 2023, 13:14","Did deadlifts with a belt today felt not bad","Deadlift (Barbell)",,"Accurate Kilo weights",3,"normal",286,5,,,
"Back Day","15 Jan 2023, 12:00","15 Jan 2023, 13:14","Did deadlifts with a belt today felt not bad","Deadlift (Barbell)",,"Accurate Kilo weights",4,"normal",286,8,,,
"Back Day","15 Jan 2023, 12:00","15 Jan 2023, 13:14","Did deadlifts with a belt today felt not bad","Bent Over Row (Barbell)",,"Overhand grip accurate kilo numbers. These felt lighter than before maybe im doing the form wrong",0,"normal",110,12,,,
"Back Day","15 Jan 2023, 12:00","15 Jan 2023, 13:14","Did deadlifts with a belt today felt not bad","Bent Over Row (Barbell)",,"Overhand grip accurate kilo numbers. These felt lighter than before maybe im doing the form wrong",1,"normal",121,12,,,
"Back Day","15 Jan 2023, 12:00","15 Jan 2023, 13:14","Did deadlifts with a belt today felt not bad","Bent Over Row (Barbell)",,"Overhand grip accurate kilo numbers. These felt lighter than before maybe im doing the form wrong",2,"normal",132,12,,,
"Back Day","15 Jan 2023, 12:00","15 Jan 2023, 13:14","Did deadlifts with a belt today felt not bad","Bent Over Row (Barbell)",,"Overhand grip accurate kilo numbers. These felt lighter than before maybe im doing the form wrong",3,"normal",132,12,,,
"Back Day","15 Jan 2023, 12:00","15 Jan 2023, 13:14","Did deadlifts with a belt today felt not bad","Lat Pulldown (Cable)",,"",0,"normal",110,10,,,
"Back Day","15 Jan 2023, 12:00","15 Jan 2023, 13:14","Did deadlifts with a belt today felt not bad","Lat Pulldown (Cable)",,"",1,"normal",110,12,,,
"Back Day","15 Jan 2023, 12:00","15 Jan 2023, 13:14","Did deadlifts with a belt today felt not bad","Lat Pulldown (Cable)",,"",2,"normal",130,8,,,
"Back Day","15 Jan 2023, 12:00","15 Jan 2023, 13:14","Did deadlifts with a belt today felt not bad","Rear Delt Reverse Fly (Machine)",,"",0,"normal",100,12,,,
"Back Day","15 Jan 2023, 12:00","15 Jan 2023, 13:14","Did deadlifts with a belt today felt not bad","Rear Delt Reverse Fly (Machine)",,"",1,"failure",115,12,,,
"Back Day","15 Jan 2023, 12:00","15 Jan 2023, 13:14","Did deadlifts with a belt today felt not bad","Rear Delt Reverse Fly (Machine)",,"",2,"failure",115,10,,,
"Back Day","15 Jan 2023, 12:00","15 Jan 2023, 13:14","Did deadlifts with a belt today felt not bad","Iso-Lateral Row (Machine)",,"Starting weight 12lbs, neutral grip",0,"warmup",102,12,,,
"Back Day","15 Jan 2023, 12:00","15 Jan 2023, 13:14","Did deadlifts with a belt today felt not bad","Iso-Lateral Row (Machine)",,"Starting weight 12lbs, neutral grip",1,"normal",152,12,,,
"Back Day","15 Jan 2023, 12:00","15 Jan 2023, 13:14","Did deadlifts with a belt today felt not bad","Iso-Lateral Row (Machine)",,"Starting weight 12lbs, neutral grip",2,"normal",202,8,,,
"Back Day","15 Jan 2023, 12:00","15 Jan 2023, 13:14","Did deadlifts with a belt today felt not bad","Iso-Lateral Row (Machine)",,"Starting weight 12lbs, neutral grip",3,"normal",202,10,,,
"Back Day","15 Jan 2023, 12:00","15 Jan 2023, 13:14","Did deadlifts with a belt today felt not bad","Back Extension (Weighted Hyperextension)",,"Accurate to kilo weight; last time overestimated",0,"normal",22,12,,,
"Back Day","15 Jan 2023, 12:00","15 Jan 2023, 13:14","Did deadlifts with a belt today felt not bad","Back Extension (Weighted Hyperextension)",,"Accurate to kilo weight; last time overestimated",1,"normal",22,12,,,
"Back Day","15 Jan 2023, 12:00","15 Jan 2023, 13:14","Did deadlifts with a belt today felt not bad","Back Extension (Weighted Hyperextension)",,"Accurate to kilo weight; last time overestimated",2,"normal",22,10,,,
"Snowy Leg Day ❄️","14 Jan 2023, 12:16","14 Jan 2023, 13:26","NAUGHRTY","Squat (Barbell)",,"Accurate kilo weights",0,"warmup",132,5,,,
"Snowy Leg Day ❄️","14 Jan 2023, 12:16","14 Jan 2023, 13:26","NAUGHRTY","Squat (Barbell)",,"Accurate kilo weights",1,"normal",198,5,,,
"Snowy Leg Day ❄️","14 Jan 2023, 12:16","14 Jan 2023, 13:26","NAUGHRTY","Squat (Barbell)",,"Accurate kilo weights",2,"normal",231,5,,,
"Snowy Leg Day ❄️","14 Jan 2023, 12:16","14 Jan 2023, 13:26","NAUGHRTY","Squat (Barbell)",,"Accurate kilo weights",3,"normal",231,5,,,
"Snowy Leg Day ❄️","14 Jan 2023, 12:16","14 Jan 2023, 13:26","NAUGHRTY","Squat (Barbell)",,"Accurate kilo weights",4,"normal",231,5,,,
"Snowy Leg Day ❄️","14 Jan 2023, 12:16","14 Jan 2023, 13:26","NAUGHRTY","Squat (Barbell)",,"Accurate kilo weights",5,"normal",242,5,,,
"Snowy Leg Day ❄️","14 Jan 2023, 12:16","14 Jan 2023, 13:26","NAUGHRTY","Romanian Deadlift (Barbell)",,"Accurate kilo weights",0,"normal",132,10,,,
"Snowy Leg Day ❄️","14 Jan 2023, 12:16","14 Jan 2023, 13:26","NAUGHRTY","Romanian Deadlift (Barbell)",,"Accurate kilo weights",1,"normal",154,10,,,
"Snowy Leg Day ❄️","14 Jan 2023, 12:16","14 Jan 2023, 13:26","NAUGHRTY","Romanian Deadlift (Barbell)",,"Accurate kilo weights",2,"normal",165,10,,,
"Snowy Leg Day ❄️","14 Jan 2023, 12:16","14 Jan 2023, 13:26","NAUGHRTY","Reverse Lunge (Dumbbell)",,"",0,"normal",90,16,,,
"Snowy Leg Day ❄️","14 Jan 2023, 12:16","14 Jan 2023, 13:26","NAUGHRTY","Reverse Lunge (Dumbbell)",,"",1,"normal",90,16,,,
"Snowy Leg Day ❄️","14 Jan 2023, 12:16","14 Jan 2023, 13:26","NAUGHRTY","Reverse Lunge (Dumbbell)",,"",2,"normal",90,16,,,
"Snowy Leg Day ❄️","14 Jan 2023, 12:16","14 Jan 2023, 13:26","NAUGHRTY","Leg Press (Machine)",,"(Resistance when unloaded is 118lbs)",0,"warmup",298,8,,,
"Snowy Leg Day ❄️","14 Jan 2023, 12:16","14 Jan 2023, 13:26","NAUGHRTY","Leg Press (Machine)",,"(Resistance when unloaded is 118lbs)",1,"normal",478,8,,,
"Snowy Leg Day ❄️","14 Jan 2023, 12:16","14 Jan 2023, 13:26","NAUGHRTY","Leg Press (Machine)",,"(Resistance when unloaded is 118lbs)",2,"normal",478,12,,,
"Snowy Leg Day ❄️","14 Jan 2023, 12:16","14 Jan 2023, 13:26","NAUGHRTY","Leg Press (Machine)",,"(Resistance when unloaded is 118lbs)",3,"normal",478,12,,,
"Clean and push","13 Jan 2023, 10:31","13 Jan 2023, 11:49","Met some founder guy named Luke. Cool dude worked in bench with him","Clean",,"Accurate kilogram numbers. Last time was over estimated",0,"normal",135,3,,,
"Clean and push","13 Jan 2023, 10:31","13 Jan 2023, 11:49","Met some founder guy named Luke. Cool dude worked in bench with him","Clean",,"Accurate kilogram numbers. Last time was over estimated",1,"normal",176,3,,,
"Clean and push","13 Jan 2023, 10:31","13 Jan 2023, 11:49","Met some founder guy named Luke. Cool dude worked in bench with him","Clean",,"Accurate kilogram numbers. Last time was over estimated",2,"normal",176,3,,,
"Clean and push","13 Jan 2023, 10:31","13 Jan 2023, 11:49","Met some founder guy named Luke. Cool dude worked in bench with him","Clean",,"Accurate kilogram numbers. Last time was over estimated",3,"normal",187,3,,,
"Clean and push","13 Jan 2023, 10:31","13 Jan 2023, 11:49","Met some founder guy named Luke. Cool dude worked in bench with him","Clean",,"Accurate kilogram numbers. Last time was over estimated",4,"normal",198,3,,,
"Clean and push","13 Jan 2023, 10:31","13 Jan 2023, 11:49","Met some founder guy named Luke. Cool dude worked in bench with him","Bench Press (Barbell)",,"Felt much stronger this week",0,"warmup",135,7,,,
"Clean and push","13 Jan 2023, 10:31","13 Jan 2023, 11:49","Met some founder guy named Luke. Cool dude worked in bench with him","Bench Press (Barbell)",,"Felt much stronger this week",1,"normal",165,5,,,
"Clean and push","13 Jan 2023, 10:31","13 Jan 2023, 11:49","Met some founder guy named Luke. Cool dude worked in bench with him","Bench Press (Barbell)",,"Felt much stronger this week",2,"normal",175,5,,,
"Clean and push","13 Jan 2023, 10:31","13 Jan 2023, 11:49","Met some founder guy named Luke. Cool dude worked in bench with him","Bench Press (Barbell)",,"Felt much stronger this week",3,"normal",185,5,,,
"Clean and push","13 Jan 2023, 10:31","13 Jan 2023, 11:49","Met some founder guy named Luke. Cool dude worked in bench with him","Bench Press (Barbell)",,"Felt much stronger this week",4,"normal",190,5,,,
"Clean and push","13 Jan 2023, 10:31","13 Jan 2023, 11:49","Met some founder guy named Luke. Cool dude worked in bench with him","Bench Press (Barbell)",,"Felt much stronger this week",5,"normal",195,5,,,
"Clean and push","13 Jan 2023, 10:31","13 Jan 2023, 11:49","Met some founder guy named Luke. Cool dude worked in bench with him","Overhead Press (Dumbbell)",0,"45lbs each = 90",0,"normal",90,10,,,
"Clean and push","13 Jan 2023, 10:31","13 Jan 2023, 11:49","Met some founder guy named Luke. Cool dude worked in bench with him","Overhead Press (Dumbbell)",0,"45lbs each = 90",1,"normal",90,10,,,
"Clean and push","13 Jan 2023, 10:31","13 Jan 2023, 11:49","Met some founder guy named Luke. Cool dude worked in bench with him","Overhead Press (Dumbbell)",0,"45lbs each = 90",2,"normal",90,10,,,
"Clean and push","13 Jan 2023, 10:31","13 Jan 2023, 11:49","Met some founder guy named Luke. Cool dude worked in bench with him","Bent Over Row (Dumbbell)",0,"Same as above",0,"normal",90,10,,,
"Clean and push","13 Jan 2023, 10:31","13 Jan 2023, 11:49","Met some founder guy named Luke. Cool dude worked in bench with him","Bent Over Row (Dumbbell)",0,"Same as above",1,"normal",90,10,,,
"Clean and push","13 Jan 2023, 10:31","13 Jan 2023, 11:49","Met some founder guy named Luke. Cool dude worked in bench with him","Bent Over Row (Dumbbell)",0,"Same as above",2,"normal",90,10,,,
"Clean and push","13 Jan 2023, 10:31","13 Jan 2023, 11:49","Met some founder guy named Luke. Cool dude worked in bench with him","Front Raise (Dumbbell)",,"Two 12.5 dumbells. Triple super set with lateral raise and reverse curl",0,"normal",25,10,,,
"Clean and push","13 Jan 2023, 10:31","13 Jan 2023, 11:49","Met some founder guy named Luke. Cool dude worked in bench with him","Front Raise (Dumbbell)",,"Two 12.5 dumbells. Triple super set with lateral raise and reverse curl",1,"normal",25,10,,,
"Clean and push","13 Jan 2023, 10:31","13 Jan 2023, 11:49","Met some founder guy named Luke. Cool dude worked in bench with him","Front Raise (Dumbbell)",,"Two 12.5 dumbells. Triple super set with lateral raise and reverse curl",2,"normal",25,10,,,
"Clean and push","13 Jan 2023, 10:31","13 Jan 2023, 11:49","Met some founder guy named Luke. Cool dude worked in bench with him","Lateral Raise (Dumbbell)",,"",0,"normal",25,10,,,
"Clean and push","13 Jan 2023, 10:31","13 Jan 2023, 11:49","Met some founder guy named Luke. Cool dude worked in bench with him","Lateral Raise (Dumbbell)",,"",1,"normal",25,10,,,
"Clean and push","13 Jan 2023, 10:31","13 Jan 2023, 11:49","Met some founder guy named Luke. Cool dude worked in bench with him","Lateral Raise (Dumbbell)",,"",2,"normal",25,10,,,
"Clean and push","13 Jan 2023, 10:31","13 Jan 2023, 11:49","Met some founder guy named Luke. Cool dude worked in bench with him","Reverse Curl (Dumbbell)",,"",0,"normal",25,10,,,
"Clean and push","13 Jan 2023, 10:31","13 Jan 2023, 11:49","Met some founder guy named Luke. Cool dude worked in bench with him","Reverse Curl (Dumbbell)",,"",1,"normal",25,10,,,
"Clean and push","13 Jan 2023, 10:31","13 Jan 2023, 11:49","Met some founder guy named Luke. Cool dude worked in bench with him","Reverse Curl (Dumbbell)",,"",2,"normal",25,10,,,
"Clean and push","13 Jan 2023, 10:31","13 Jan 2023, 11:49","Met some founder guy named Luke. Cool dude worked in bench with him","Seated Dip Machine",,"",0,"normal",160,12,,,
"Clean and push","13 Jan 2023, 10:31","13 Jan 2023, 11:49","Met some founder guy named Luke. Cool dude worked in bench with him","Seated Dip Machine",,"",1,"normal",175,12,,,
"Clean and push","13 Jan 2023, 10:31","13 Jan 2023, 11:49","Met some founder guy named Luke. Cool dude worked in bench with him","Seated Dip Machine",,"",2,"normal",190,12,,,
"Kicked out of the UC","11 Jan 2023, 16:34","11 Jan 2023, 17:00","It closes at 5 lol","Deadlift (Barbell)",,"Ego lifting",0,"normal",135,5,,,
"Kicked out of the UC","11 Jan 2023, 16:34","11 Jan 2023, 17:00","It closes at 5 lol","Deadlift (Barbell)",,"Ego lifting",1,"normal",205,5,,,
"Kicked out of the UC","11 Jan 2023, 16:34","11 Jan 2023, 17:00","It closes at 5 lol","Deadlift (Barbell)",,"Ego lifting",2,"normal",245,5,,,
"Kicked out of the UC","11 Jan 2023, 16:34","11 Jan 2023, 17:00","It closes at 5 lol","Deadlift (Barbell)",,"Ego lifting",3,"normal",295,5,,,
"Kicked out of the UC","11 Jan 2023, 16:34","11 Jan 2023, 17:00","It closes at 5 lol","Deadlift (Barbell)",,"Ego lifting",4,"normal",205,8,,,
"Kicked out of the UC","11 Jan 2023, 16:34","11 Jan 2023, 17:00","It closes at 5 lol","Bent Over Row (Barbell)",,"Overhand grip",0,"normal",115,10,,,
"Kicked out of the UC","11 Jan 2023, 16:34","11 Jan 2023, 17:00","It closes at 5 lol","Bent Over Row (Barbell)",,"Overhand grip",1,"normal",115,10,,,
"Kicked out of the UC","11 Jan 2023, 16:34","11 Jan 2023, 17:00","It closes at 5 lol","Bent Over Row (Barbell)",,"Overhand grip",2,"normal",115,10,,,
"Kicked out of the UC","11 Jan 2023, 16:34","11 Jan 2023, 17:00","It closes at 5 lol","Lat Pulldown (Cable)",,"",0,"normal",110,12,,,
"Kicked out of the UC","11 Jan 2023, 16:34","11 Jan 2023, 17:00","It closes at 5 lol","Lat Pulldown (Cable)",,"",1,"normal",110,12,,,
"Lunch break","10 Jan 2023, 11:05","10 Jan 2023, 11:59","","Clean",,"Felt good can go for more next time maybe; could just be the creatine tho",0,"normal",135,3,,,
"Lunch break","10 Jan 2023, 11:05","10 Jan 2023, 11:59","","Clean",,"Felt good can go for more next time maybe; could just be the creatine tho",1,"normal",155,3,,,
"Lunch break","10 Jan 2023, 11:05","10 Jan 2023, 11:59","","Clean",,"Felt good can go for more next time maybe; could just be the creatine tho",2,"normal",185,3,,,
"Lunch break","10 Jan 2023, 11:05","10 Jan 2023, 11:59","","Clean",,"Felt good can go for more next time maybe; could just be the creatine tho",3,"normal",190,3,,,
"Lunch break","10 Jan 2023, 11:05","10 Jan 2023, 11:59","","Clean",,"Felt good can go for more next time maybe; could just be the creatine tho",4,"normal",190,4,,,
"Lunch break","10 Jan 2023, 11:05","10 Jan 2023, 11:59","","Bench Press (Barbell)",,"",0,"warmup",135,5,,,
"Lunch break","10 Jan 2023, 11:05","10 Jan 2023, 11:59","","Bench Press (Barbell)",,"",1,"normal",165,5,,,
"Lunch break","10 Jan 2023, 11:05","10 Jan 2023, 11:59","","Bench Press (Barbell)",,"",2,"normal",185,5,,,
"Lunch break","10 Jan 2023, 11:05","10 Jan 2023, 11:59","","Bench Press (Barbell)",,"",3,"failure",185,4,,,
"Lunch break","10 Jan 2023, 11:05","10 Jan 2023, 11:59","","Bench Press (Barbell)",,"",4,"normal",175,5,,,
"Lunch break","10 Jan 2023, 11:05","10 Jan 2023, 11:59","","Bench Press (Barbell)",,"",5,"normal",175,5,,,
"Lunch break","10 Jan 2023, 11:05","10 Jan 2023, 11:59","","Overhead Press (Dumbbell)",0,"40lbs each = 80",0,"normal",80,10,,,
"Lunch break","10 Jan 2023, 11:05","10 Jan 2023, 11:59","","Overhead Press (Dumbbell)",0,"40lbs each = 80",1,"normal",80,10,,,
"Lunch break","10 Jan 2023, 11:05","10 Jan 2023, 11:59","","Overhead Press (Dumbbell)",0,"40lbs each = 80",2,"normal",80,10,,,
"Lunch break","10 Jan 2023, 11:05","10 Jan 2023, 11:59","","Bent Over Row (Dumbbell)",0,"Same as above",0,"normal",80,10,,,
"Lunch break","10 Jan 2023, 11:05","10 Jan 2023, 11:59","","Bent Over Row (Dumbbell)",0,"Same as above",1,"normal",80,10,,,
"Lunch break","10 Jan 2023, 11:05","10 Jan 2023, 11:59","","Bent Over Row (Dumbbell)",0,"Same as above",2,"normal",80,10,,,
"Lunch break","10 Jan 2023, 11:05","10 Jan 2023, 11:59","","Seated Dip Machine",,"",0,"warmup",100,12,,,
"Lunch break","10 Jan 2023, 11:05","10 Jan 2023, 11:59","","Seated Dip Machine",,"",1,"normal",160,12,,,
"Lunch break","10 Jan 2023, 11:05","10 Jan 2023, 11:59","","Seated Dip Machine",,"",2,"normal",160,12,,,
"Lunch break","10 Jan 2023, 11:05","10 Jan 2023, 11:59","","Seated Dip Machine",,"",3,"normal",160,12,,,
"Legs, back at CMU","9 Jan 2023, 14:14","9 Jan 2023, 15:14","","Squat (Barbell)",,"Did this one in kilos, so roudning up a bit",0,"normal",225,5,,,
"Legs, back at CMU","9 Jan 2023, 14:14","9 Jan 2023, 15:14","","Squat (Barbell)",,"Did this one in kilos, so roudning up a bit",1,"normal",225,5,,,
"Legs, back at CMU","9 Jan 2023, 14:14","9 Jan 2023, 15:14","","Squat (Barbell)",,"Did this one in kilos, so roudning up a bit",2,"normal",235,5,,,
"Legs, back at CMU","9 Jan 2023, 14:14","9 Jan 2023, 15:14","","Squat (Barbell)",,"Did this one in kilos, so roudning up a bit",3,"normal",245,5,,,
"Legs, back at CMU","9 Jan 2023, 14:14","9 Jan 2023, 15:14","","Romanian Deadlift (Barbell)",,"",0,"normal",135,10,,,
"Legs, back at CMU","9 Jan 2023, 14:14","9 Jan 2023, 15:14","","Romanian Deadlift (Barbell)",,"",1,"normal",155,10,,,
"Legs, back at CMU","9 Jan 2023, 14:14","9 Jan 2023, 15:14","","Romanian Deadlift (Barbell)",,"",2,"normal",155,10,,,
"Legs, back at CMU","9 Jan 2023, 14:14","9 Jan 2023, 15:14","","Reverse Lunge (Dumbbell)",0,"",0,"normal",90,16,,,
"Legs, back at CMU","9 Jan 2023, 14:14","9 Jan 2023, 15:14","","Reverse Lunge (Dumbbell)",0,"",1,"normal",90,16,,,
"Legs, back at CMU","9 Jan 2023, 14:14","9 Jan 2023, 15:14","","Reverse Lunge (Dumbbell)",0,"",2,"normal",90,16,,,
"Legs, back at CMU","9 Jan 2023, 14:14","9 Jan 2023, 15:14","","Back Extension (Weighted Hyperextension)",0,"",0,"normal",25,10,,,
"Legs, back at CMU","9 Jan 2023, 14:14","9 Jan 2023, 15:14","","Back Extension (Weighted Hyperextension)",0,"",1,"normal",25,10,,,
"Legs, back at CMU","9 Jan 2023, 14:14","9 Jan 2023, 15:14","","Back Extension (Weighted Hyperextension)",0,"",2,"normal",25,10,,,
"Push","7 Jan 2023, 16:00","7 Jan 2023, 17:08","Vibes","Bench Press (Barbell)",,"Smith Machine. Bar is 25lbs so added tens to each side",0,"warmup",135,6,,,
"Push","7 Jan 2023, 16:00","7 Jan 2023, 17:08","Vibes","Bench Press (Barbell)",,"Smith Machine. Bar is 25lbs so added tens to each side",1,"normal",185,4,,,
"Push","7 Jan 2023, 16:00","7 Jan 2023, 17:08","Vibes","Bench Press (Barbell)",,"Smith Machine. Bar is 25lbs so added tens to each side",2,"normal",185,4,,,
"Push","7 Jan 2023, 16:00","7 Jan 2023, 17:08","Vibes","Bench Press (Barbell)",,"Smith Machine. Bar is 25lbs so added tens to each side",3,"normal",195,4,,,
"Push","7 Jan 2023, 16:00","7 Jan 2023, 17:08","Vibes","Bench Press (Barbell)",,"Smith Machine. Bar is 25lbs so added tens to each side",4,"normal",205,3,,,
"Push","7 Jan 2023, 16:00","7 Jan 2023, 17:08","Vibes","Bench Press (Barbell)",,"Smith Machine. Bar is 25lbs so added tens to each side",5,"failure",135,12,,,
"Push","7 Jan 2023, 16:00","7 Jan 2023, 17:08","Vibes","Iso-Lateral Chest Press (Machine)",,"Explosive up, slow on the way down (3 seconds) Sum of weight on each side, two 50’s = 100",0,"warmup",100,6,,,
"Push","7 Jan 2023, 16:00","7 Jan 2023, 17:08","Vibes","Iso-Lateral Chest Press (Machine)",,"Explosive up, slow on the way down (3 seconds) Sum of weight on each side, two 50’s = 100",1,"normal",120,6,,,
"Push","7 Jan 2023, 16:00","7 Jan 2023, 17:08","Vibes","Iso-Lateral Chest Press (Machine)",,"Explosive up, slow on the way down (3 seconds) Sum of weight on each side, two 50’s = 100",2,"normal",130,6,,,
"Push","7 Jan 2023, 16:00","7 Jan 2023, 17:08","Vibes","Iso-Lateral Chest Press (Machine)",,"Explosive up, slow on the way down (3 seconds) Sum of weight on each side, two 50’s = 100",3,"normal",140,6,,,
"Push","7 Jan 2023, 16:00","7 Jan 2023, 17:08","Vibes","Overhead Press (Dumbbell)",1,"30lbs each = 60",0,"normal",60,10,,,
"Push","7 Jan 2023, 16:00","7 Jan 2023, 17:08","Vibes","Overhead Press (Dumbbell)",1,"30lbs each = 60",1,"normal",70,10,,,
"Push","7 Jan 2023, 16:00","7 Jan 2023, 17:08","Vibes","Overhead Press (Dumbbell)",1,"30lbs each = 60",2,"normal",80,10,,,
"Push","7 Jan 2023, 16:00","7 Jan 2023, 17:08","Vibes","Upright Row (Dumbbell)",1,"Same weight as above for wach set",0,"normal",60,8,,,
"Push","7 Jan 2023, 16:00","7 Jan 2023, 17:08","Vibes","Upright Row (Dumbbell)",1,"Same weight as above for wach set",1,"normal",70,10,,,
"Push","7 Jan 2023, 16:00","7 Jan 2023, 17:08","Vibes","Upright Row (Dumbbell)",1,"Same weight as above for wach set",2,"normal",80,8,,,
"Push","7 Jan 2023, 16:00","7 Jan 2023, 17:08","Vibes","Decline Bench Press (Barbell)",,"Ez curl bar 50lbs close grip",0,"normal",50,20,,,
"Push","7 Jan 2023, 16:00","7 Jan 2023, 17:08","Vibes","Decline Bench Press (Barbell)",,"Ez curl bar 50lbs close grip",1,"normal",60,20,,,
"Push","7 Jan 2023, 16:00","7 Jan 2023, 17:08","Vibes","Decline Bench Press (Barbell)",,"Ez curl bar 50lbs close grip",2,"normal",60,20,,,
"Push","7 Jan 2023, 16:00","7 Jan 2023, 17:08","Vibes","Front Raise (Dumbbell)",0,"",0,"normal",15,10,,,
"Push","7 Jan 2023, 16:00","7 Jan 2023, 17:08","Vibes","Front Raise (Dumbbell)",0,"",1,"normal",15,10,,,
"Push","7 Jan 2023, 16:00","7 Jan 2023, 17:08","Vibes","Front Raise (Dumbbell)",0,"",2,"normal",15,10,,,
"Push","7 Jan 2023, 16:00","7 Jan 2023, 17:08","Vibes","Lateral Raise (Dumbbell)",0,"",0,"normal",15,10,,,
"Push","7 Jan 2023, 16:00","7 Jan 2023, 17:08","Vibes","Lateral Raise (Dumbbell)",0,"",1,"normal",15,10,,,
"Push","7 Jan 2023, 16:00","7 Jan 2023, 17:08","Vibes","Lateral Raise (Dumbbell)",0,"",2,"normal",15,10,,,
"Push","7 Jan 2023, 16:00","7 Jan 2023, 17:08","Vibes","Triceps Rope Pushdown",,"",0,"normal",32.5,12,,,
"Push","7 Jan 2023, 16:00","7 Jan 2023, 17:08","Vibes","Triceps Rope Pushdown",,"",1,"normal",37.5,12,,,
"Push","7 Jan 2023, 16:00","7 Jan 2023, 17:08","Vibes","Triceps Rope Pushdown",,"",2,"failure",37.5,8,,,
"Push","7 Jan 2023, 16:00","7 Jan 2023, 17:08","Vibes","Triceps Rope Pushdown",,"",3,"dropset",32.5,4,,,
"Push","7 Jan 2023, 16:00","7 Jan 2023, 17:08","Vibes","Triceps Rope Pushdown",,"",4,"dropset",27.5,12,,,
"Sam’s last lift at planet fitness","6 Jan 2023, 18:14","6 Jan 2023, 19:54","Did core after","Lat Pulldown (Cable)",,"",0,"warmup",85,10,,,
"Sam’s last lift at planet fitness","6 Jan 2023, 18:14","6 Jan 2023, 19:54","Did core after","Lat Pulldown (Cable)",,"",1,"normal",115,10,,,
"Sam’s last lift at planet fitness","6 Jan 2023, 18:14","6 Jan 2023, 19:54","Did core after","Lat Pulldown (Cable)",,"",2,"normal",130,10,,,
"Sam’s last lift at planet fitness","6 Jan 2023, 18:14","6 Jan 2023, 19:54","Did core after","Lat Pulldown (Cable)",,"",3,"normal",130,10,,,
"Sam’s last lift at planet fitness","6 Jan 2023, 18:14","6 Jan 2023, 19:54","Did core after","Lat Pulldown - Close Grip (Cable)",,"",0,"normal",100,10,,,
"Sam’s last lift at planet fitness","6 Jan 2023, 18:14","6 Jan 2023, 19:54","Did core after","Lat Pulldown - Close Grip (Cable)",,"",1,"normal",115,10,,,
"Sam’s last lift at planet fitness","6 Jan 2023, 18:14","6 Jan 2023, 19:54","Did core after","Lat Pulldown - Close Grip (Cable)",,"",2,"normal",130,10,,,
"Sam’s last lift at planet fitness","6 Jan 2023, 18:14","6 Jan 2023, 19:54","Did core after","Seated Cable Row - Bar Grip",,"",0,"warmup",85,10,,,
"Sam’s last lift at planet fitness","6 Jan 2023, 18:14","6 Jan 2023, 19:54","Did core after","Seated Cable Row - Bar Grip",,"",1,"normal",115,12,,,
"Sam’s last lift at planet fitness","6 Jan 2023, 18:14","6 Jan 2023, 19:54","Did core after","Seated Cable Row - Bar Grip",,"",2,"normal",130,12,,,
"Sam’s last lift at planet fitness","6 Jan 2023, 18:14","6 Jan 2023, 19:54","Did core after","Seated Cable Row - Bar Grip",,"",3,"normal",145,12,,,
"Sam’s last lift at planet fitness","6 Jan 2023, 18:14","6 Jan 2023, 19:54","Did core after","Rope Straight Arm Pulldown",,"",0,"normal",40,12,,,
"Sam’s last lift at planet fitness","6 Jan 2023, 18:14","6 Jan 2023, 19:54","Did core after","Rope Straight Arm Pulldown",,"",1,"normal",40,12,,,
"Sam’s last lift at planet fitness","6 Jan 2023, 18:14","6 Jan 2023, 19:54","Did core after","Rope Straight Arm Pulldown",,"",2,"normal",40,12,,,
"Sam’s last lift at planet fitness","6 Jan 2023, 18:14","6 Jan 2023, 19:54","Did core after","Hammer Curl (Cable)",,"Using rope handle",0,"normal",30,10,,,
"Sam’s last lift at planet fitness","6 Jan 2023, 18:14","6 Jan 2023, 19:54","Did core after","Hammer Curl (Cable)",,"Using rope handle",1,"normal",30,12,,,
"Sam’s last lift at planet fitness","6 Jan 2023, 18:14","6 Jan 2023, 19:54","Did core after","Hammer Curl (Cable)",,"Using rope handle",2,"normal",35,12,,,
"Sam’s last lift at planet fitness","6 Jan 2023, 18:14","6 Jan 2023, 19:54","Did core after","Shrug (Dumbbell)",,"120 = 60lbs each",0,"normal",120,12,,,
"Sam’s last lift at planet fitness","6 Jan 2023, 18:14","6 Jan 2023, 19:54","Did core after","Shrug (Dumbbell)",,"120 = 60lbs each",1,"normal",130,12,,,
"Sam’s last lift at planet fitness","6 Jan 2023, 18:14","6 Jan 2023, 19:54","Did core after","Shrug (Dumbbell)",,"120 = 60lbs each",2,"normal",140,12,,,
"Sam’s last lift at planet fitness","6 Jan 2023, 18:14","6 Jan 2023, 19:54","Did core after","Bicep Curl (Machine)",,"",0,"normal",95,12,,,
"Sam’s last lift at planet fitness","6 Jan 2023, 18:14","6 Jan 2023, 19:54","Did core after","Bicep Curl (Machine)",,"",1,"normal",95,12,,,
"Sam’s last lift at planet fitness","6 Jan 2023, 18:14","6 Jan 2023, 19:54","Did core after","Bicep Curl (Machine)",,"",2,"normal",95,12,,,
"Sam’s last lift at planet fitness","6 Jan 2023, 18:14","6 Jan 2023, 19:54","Did core after","Rear Delt Reverse Fly (Machine)",,"",0,"normal",105,12,,,
"Sam’s last lift at planet fitness","6 Jan 2023, 18:14","6 Jan 2023, 19:54","Did core after","Rear Delt Reverse Fly (Machine)",,"",1,"normal",105,12,,,
"Sam’s last lift at planet fitness","6 Jan 2023, 18:14","6 Jan 2023, 19:54","Did core after","Rear Delt Reverse Fly (Machine)",,"",2,"normal",105,12,,,
"Mom signed up for the gym","5 Jan 2023, 22:05","5 Jan 2023, 23:39","Swole","Stair Machine",,"",0,"normal",,,,300,
"Mom signed up for the gym","5 Jan 2023, 22:05","5 Jan 2023, 23:39","Swole","Squat (Smith Machine)",,"",0,"warmup",135,8,,,
"Mom signed up for the gym","5 Jan 2023, 22:05","5 Jan 2023, 23:39","Swole","Squat (Smith Machine)",,"",1,"warmup",185,8,,,
"Mom signed up for the gym","5 Jan 2023, 22:05","5 Jan 2023, 23:39","Swole","Squat (Smith Machine)",,"",2,"normal",205,8,,,
"Mom signed up for the gym","5 Jan 2023, 22:05","5 Jan 2023, 23:39","Swole","Squat (Smith Machine)",,"",3,"normal",235,5,,,
"Mom signed up for the gym","5 Jan 2023, 22:05","5 Jan 2023, 23:39","Swole","Squat (Smith Machine)",,"",4,"normal",235,5,,,
"Mom signed up for the gym","5 Jan 2023, 22:05","5 Jan 2023, 23:39","Swole","Leg Press (Machine)",,"(Resistance when unloaded is 136lbs). So 136 + two 45’s is around 225, the warmup",0,"warmup",225,10,,,
"Mom signed up for the gym","5 Jan 2023, 22:05","5 Jan 2023, 23:39","Swole","Leg Press (Machine)",,"(Resistance when unloaded is 136lbs). So 136 + two 45’s is around 225, the warmup",1,"warmup",315,10,,,
"Mom signed up for the gym","5 Jan 2023, 22:05","5 Jan 2023, 23:39","Swole","Leg Press (Machine)",,"(Resistance when unloaded is 136lbs). So 136 + two 45’s is around 225, the warmup",2,"normal",405,10,,,
"Mom signed up for the gym","5 Jan 2023, 22:05","5 Jan 2023, 23:39","Swole","Leg Press (Machine)",,"(Resistance when unloaded is 136lbs). So 136 + two 45’s is around 225, the warmup",3,"normal",455,10,,,
"Mom signed up for the gym","5 Jan 2023, 22:05","5 Jan 2023, 23:39","Swole","Leg Press (Machine)",,"(Resistance when unloaded is 136lbs). So 136 + two 45’s is around 225, the warmup",4,"normal",455,10,,,
"Mom signed up for the gym","5 Jan 2023, 22:05","5 Jan 2023, 23:39","Swole","Romanian Deadlift (Barbell)",,"On smith machine",0,"normal",115,10,,,
"Mom signed up for the gym","5 Jan 2023, 22:05","5 Jan 2023, 23:39","Swole","Romanian Deadlift (Barbell)",,"On smith machine",1,"normal",165,10,,,
"Mom signed up for the gym","5 Jan 2023, 22:05","5 Jan 2023, 23:39","Swole","Romanian Deadlift (Barbell)",,"On smith machine",2,"normal",165,10,,,
"Mom signed up for the gym","5 Jan 2023, 22:05","5 Jan 2023, 23:39","Swole","Calf Extension (Machine)",,"",0,"normal",240,10,,,
"Mom signed up for the gym","5 Jan 2023, 22:05","5 Jan 2023, 23:39","Swole","Calf Extension (Machine)",,"",1,"normal",240,12,,,
"Mom signed up for the gym","5 Jan 2023, 22:05","5 Jan 2023, 23:39","Swole","Calf Extension (Machine)",,"",2,"normal",240,12,,,
"Mom signed up for the gym","5 Jan 2023, 22:05","5 Jan 2023, 23:39","Swole","Hip Abduction (Machine)",0,"",0,"normal",140,15,,,
"Mom signed up for the gym","5 Jan 2023, 22:05","5 Jan 2023, 23:39","Swole","Hip Abduction (Machine)",0,"",1,"normal",140,15,,,
"Mom signed up for the gym","5 Jan 2023, 22:05","5 Jan 2023, 23:39","Swole","Hip Abduction (Machine)",0,"",2,"normal",140,15,,,
"Mom signed up for the gym","5 Jan 2023, 22:05","5 Jan 2023, 23:39","Swole","Hip Adduction (Machine)",0,"",0,"normal",140,15,,,
"Mom signed up for the gym","5 Jan 2023, 22:05","5 Jan 2023, 23:39","Swole","Hip Adduction (Machine)",0,"",1,"normal",140,15,,,
"Mom signed up for the gym","5 Jan 2023, 22:05","5 Jan 2023, 23:39","Swole","Hip Adduction (Machine)",0,"",2,"normal",140,15,,,
"Chest with Sam","4 Jan 2023, 23:41","5 Jan 2023, 01:09","Finished with some ab machines","Bench Press (Dumbbell)",,"Noting total weight. 80 = two 40lbs dumbells, 100 = two 60lbs",0,"warmup",80,10,,,
"Chest with Sam","4 Jan 2023, 23:41","5 Jan 2023, 01:09","Finished with some ab machines","Bench Press (Dumbbell)",,"Noting total weight. 80 = two 40lbs dumbells, 100 = two 60lbs",1,"normal",100,12,,,
"Chest with Sam","4 Jan 2023, 23:41","5 Jan 2023, 01:09","Finished with some ab machines","Bench Press (Dumbbell)",,"Noting total weight. 80 = two 40lbs dumbells, 100 = two 60lbs",2,"normal",120,12,,,
"Chest with Sam","4 Jan 2023, 23:41","5 Jan 2023, 01:09","Finished with some ab machines","Bench Press (Dumbbell)",,"Noting total weight. 80 = two 40lbs dumbells, 100 = two 60lbs",3,"normal",120,12,,,
"Chest with Sam","4 Jan 2023, 23:41","5 Jan 2023, 01:09","Finished with some ab machines","Shoulder Press (Dumbbell)",,"First set did arnold press variation",0,"warmup",60,12,,,
"Chest with Sam","4 Jan 2023, 23:41","5 Jan 2023, 01:09","Finished with some ab machines","Shoulder Press (Dumbbell)",,"First set did arnold press variation",1,"normal",80,12,,,
"Chest with Sam","4 Jan 2023, 23:41","5 Jan 2023, 01:09","Finished with some ab machines","Shoulder Press (Dumbbell)",,"First set did arnold press variation",2,"normal",100,12,,,
"Chest with Sam","4 Jan 2023, 23:41","5 Jan 2023, 01:09","Finished with some ab machines","Incline Bench Press (Smith Machine)",,"Bar is 25lbs",0,"normal",115,8,,,
"Chest with Sam","4 Jan 2023, 23:41","5 Jan 2023, 01:09","Finished with some ab machines","Incline Bench Press (Smith Machine)",,"Bar is 25lbs",1,"normal",135,6,,,
"Chest with Sam","4 Jan 2023, 23:41","5 Jan 2023, 01:09","Finished with some ab machines","Incline Bench Press (Smith Machine)",,"Bar is 25lbs",2,"normal",135,6,,,
"Chest with Sam","4 Jan 2023, 23:41","5 Jan 2023, 01:09","Finished with some ab machines","Incline Bench Press (Smith Machine)",,"Bar is 25lbs",3,"normal",115,8,,,
"Chest with Sam","4 Jan 2023, 23:41","5 Jan 2023, 01:09","Finished with some ab machines","Triceps Rope Pushdown",0,"",0,"normal",32.5,12,,,
"Chest with Sam","4 Jan 2023, 23:41","5 Jan 2023, 01:09","Finished with some ab machines","Triceps Rope Pushdown",0,"",1,"normal",32.5,12,,,
"Chest with Sam","4 Jan 2023, 23:41","5 Jan 2023, 01:09","Finished with some ab machines","Triceps Rope Pushdown",0,"",2,"normal",32.5,12,,,
"Chest with Sam","4 Jan 2023, 23:41","5 Jan 2023, 01:09","Finished with some ab machines","Lateral Raise (Cable)",0,"Did one arm at a time, writing combo of right and left arm (25 = 12.5 ea)",0,"normal",25,8,,,
"Chest with Sam","4 Jan 2023, 23:41","5 Jan 2023, 01:09","Finished with some ab machines","Lateral Raise (Cable)",0,"Did one arm at a time, writing combo of right and left arm (25 = 12.5 ea)",1,"normal",25,8,,,
"Chest with Sam","4 Jan 2023, 23:41","5 Jan 2023, 01:09","Finished with some ab machines","Lateral Raise (Cable)",0,"Did one arm at a time, writing combo of right and left arm (25 = 12.5 ea)",2,"normal",25,8,,,
"Chest with Sam","4 Jan 2023, 23:41","5 Jan 2023, 01:09","Finished with some ab machines","Butterfly (Pec Deck)",,"Reaized my form was weong lol can def not do 115",0,"normal",105,12,,,
"Chest with Sam","4 Jan 2023, 23:41","5 Jan 2023, 01:09","Finished with some ab machines","Butterfly (Pec Deck)",,"Reaized my form was weong lol can def not do 115",1,"normal",115,12,,,
"Chest with Sam","4 Jan 2023, 23:41","5 Jan 2023, 01:09","Finished with some ab machines","Butterfly (Pec Deck)",,"Reaized my form was weong lol can def not do 115",2,"normal",115,10,,,
"Back with Sam","3 Jan 2023, 23:55","4 Jan 2023, 01:18","Finished with half a mile of incline treadmill","Pull Up (Assisted)",,"Writing down weight assisting me, so more is less",0,"normal",60,6,,,
"Back with Sam","3 Jan 2023, 23:55","4 Jan 2023, 01:18","Finished with half a mile of incline treadmill","Pull Up (Assisted)",,"Writing down weight assisting me, so more is less",1,"normal",50,6,,,
"Back with Sam","3 Jan 2023, 23:55","4 Jan 2023, 01:18","Finished with half a mile of incline treadmill","Pull Up (Assisted)",,"Writing down weight assisting me, so more is less",2,"normal",40,6,,,
"Back with Sam","3 Jan 2023, 23:55","4 Jan 2023, 01:18","Finished with half a mile of incline treadmill","Iso-Lateral Row (Machine)",,"Total weight (80/70 each)",0,"normal",160,8,,,
"Back with Sam","3 Jan 2023, 23:55","4 Jan 2023, 01:18","Finished with half a mile of incline treadmill","Iso-Lateral Row (Machine)",,"Total weight (80/70 each)",1,"normal",160,8,,,
"Back with Sam","3 Jan 2023, 23:55","4 Jan 2023, 01:18","Finished with half a mile of incline treadmill","Iso-Lateral Row (Machine)",,"Total weight (80/70 each)",2,"normal",140,12,,,
"Back with Sam","3 Jan 2023, 23:55","4 Jan 2023, 01:18","Finished with half a mile of incline treadmill","Lat Pulldown (Machine)",,"Underhand grip",0,"normal",120,12,,,
"Back with Sam","3 Jan 2023, 23:55","4 Jan 2023, 01:18","Finished with half a mile of incline treadmill","Lat Pulldown (Machine)",,"Underhand grip",1,"normal",140,12,,,
"Back with Sam","3 Jan 2023, 23:55","4 Jan 2023, 01:18","Finished with half a mile of incline treadmill","Lat Pulldown (Machine)",,"Underhand grip",2,"normal",150,12,,,
"Back with Sam","3 Jan 2023, 23:55","4 Jan 2023, 01:18","Finished with half a mile of incline treadmill","Bent Over Row (Barbell)",,"Smith machine. Set 3 was a dropset",0,"normal",45,10,,,
"Back with Sam","3 Jan 2023, 23:55","4 Jan 2023, 01:18","Finished with half a mile of incline treadmill","Bent Over Row (Barbell)",,"Smith machine. Set 3 was a dropset",1,"normal",135,8,,,
"Back with Sam","3 Jan 2023, 23:55","4 Jan 2023, 01:18","Finished with half a mile of incline treadmill","Bent Over Row (Barbell)",,"Smith machine. Set 3 was a dropset",2,"normal",115,4,,,
"Back with Sam","3 Jan 2023, 23:55","4 Jan 2023, 01:18","Finished with half a mile of incline treadmill","Bent Over Row (Barbell)",,"Smith machine. Set 3 was a dropset",3,"normal",115,12,,,
"Back with Sam","3 Jan 2023, 23:55","4 Jan 2023, 01:18","Finished with half a mile of incline treadmill","Bent Over Row (Barbell)",,"Smith machine. Set 3 was a dropset",4,"normal",115,12,,,
"Back with Sam","3 Jan 2023, 23:55","4 Jan 2023, 01:18","Finished with half a mile of incline treadmill","Face Pull",0,"",0,"normal",35,12,,,
"Back with Sam","3 Jan 2023, 23:55","4 Jan 2023, 01:18","Finished with half a mile of incline treadmill","Face Pull",0,"",1,"normal",35,12,,,
"Back with Sam","3 Jan 2023, 23:55","4 Jan 2023, 01:18","Finished with half a mile of incline treadmill","Face Pull",0,"",2,"normal",35,12,,,
"Back with Sam","3 Jan 2023, 23:55","4 Jan 2023, 01:18","Finished with half a mile of incline treadmill","EZ Bar Biceps Curl",0,"7 reps bottom ROM, 7 reps top ROM, 7 reps full ROM",0,"normal",30,21,,,
"Back with Sam","3 Jan 2023, 23:55","4 Jan 2023, 01:18","Finished with half a mile of incline treadmill","EZ Bar Biceps Curl",0,"7 reps bottom ROM, 7 reps top ROM, 7 reps full ROM",1,"normal",30,21,,,
"Back with Sam","3 Jan 2023, 23:55","4 Jan 2023, 01:18","Finished with half a mile of incline treadmill","EZ Bar Biceps Curl",0,"7 reps bottom ROM, 7 reps top ROM, 7 reps full ROM",2,"normal",30,21,,,
"Back with Sam","3 Jan 2023, 23:55","4 Jan 2023, 01:18","Finished with half a mile of incline treadmill","Rope Straight Arm Pulldown",1,"",0,"normal",40,12,,,
"Back with Sam","3 Jan 2023, 23:55","4 Jan 2023, 01:18","Finished with half a mile of incline treadmill","Rope Straight Arm Pulldown",1,"",1,"normal",40,12,,,
"Back with Sam","3 Jan 2023, 23:55","4 Jan 2023, 01:18","Finished with half a mile of incline treadmill","Rope Straight Arm Pulldown",1,"",2,"normal",35,12,,,
"Back with Sam","3 Jan 2023, 23:55","4 Jan 2023, 01:18","Finished with half a mile of incline treadmill","Hammer Curl (Dumbbell)",1,"20lbs each",0,"normal",40,12,,,
"Back with Sam","3 Jan 2023, 23:55","4 Jan 2023, 01:18","Finished with half a mile of incline treadmill","Hammer Curl (Dumbbell)",1,"20lbs each",1,"normal",40,12,,,
"Back with Sam","3 Jan 2023, 23:55","4 Jan 2023, 01:18","Finished with half a mile of incline treadmill","Hammer Curl (Dumbbell)",1,"20lbs each",2,"normal",40,12,,,
"Legs with Sam","2 Jan 2023, 23:03","3 Jan 2023, 00:21","","Stair Machine",,"67 SPM",0,"normal",,,,300,
"Legs with Sam","2 Jan 2023, 23:03","3 Jan 2023, 00:21","","Squat (Smith Machine)",,"",0,"normal",115,8,,,
"Legs with Sam","2 Jan 2023, 23:03","3 Jan 2023, 00:21","","Squat (Smith Machine)",,"",1,"normal",165,6,,,
"Legs with Sam","2 Jan 2023, 23:03","3 Jan 2023, 00:21","","Squat (Smith Machine)",,"",2,"normal",205,6,,,
"Legs with Sam","2 Jan 2023, 23:03","3 Jan 2023, 00:21","","Squat (Smith Machine)",,"",3,"normal",225,5,,,
"Legs with Sam","2 Jan 2023, 23:03","3 Jan 2023, 00:21","","Squat (Smith Machine)",,"",4,"normal",230,4,,,
"Legs with Sam","2 Jan 2023, 23:03","3 Jan 2023, 00:21","","Squat (Smith Machine)",,"",5,"normal",135,8,,,
"Legs with Sam","2 Jan 2023, 23:03","3 Jan 2023, 00:21","","Goblet Squat",,"",0,"normal",60,12,,,
"Legs with Sam","2 Jan 2023, 23:03","3 Jan 2023, 00:21","","Goblet Squat",,"",1,"normal",65,12,,,
"Legs with Sam","2 Jan 2023, 23:03","3 Jan 2023, 00:21","","Goblet Squat",,"",2,"normal",70,12,,,
"Legs with Sam","2 Jan 2023, 23:03","3 Jan 2023, 00:21","","Goblet Squat",,"",3,"normal",75,12,,,
"Legs with Sam","2 Jan 2023, 23:03","3 Jan 2023, 00:21","","Seated Leg Curl (Machine)",,"",0,"normal",140,12,,,
"Legs with Sam","2 Jan 2023, 23:03","3 Jan 2023, 00:21","","Seated Leg Curl (Machine)",,"",1,"normal",140,12,,,
"Legs with Sam","2 Jan 2023, 23:03","3 Jan 2023, 00:21","","Seated Leg Curl (Machine)",,"",2,"normal",150,12,,,
"Legs with Sam","2 Jan 2023, 23:03","3 Jan 2023, 00:21","","Hip Abduction (Machine)",0,"",0,"normal",100,15,,,
"Legs with Sam","2 Jan 2023, 23:03","3 Jan 2023, 00:21","","Hip Abduction (Machine)",0,"",1,"normal",120,15,,,
"Legs with Sam","2 Jan 2023, 23:03","3 Jan 2023, 00:21","","Hip Abduction (Machine)",0,"",2,"normal",140,15,,,
"Legs with Sam","2 Jan 2023, 23:03","3 Jan 2023, 00:21","","Hip Adduction (Machine)",0,"",0,"normal",100,15,,,
"Legs with Sam","2 Jan 2023, 23:03","3 Jan 2023, 00:21","","Hip Adduction (Machine)",0,"",1,"normal",120,15,,,
"Legs with Sam","2 Jan 2023, 23:03","3 Jan 2023, 00:21","","Hip Adduction (Machine)",0,"",2,"normal",140,15,,,